,AUC,AUC_normalized,Fraction_positive_time,Fraction_positive_weighted,Zero_crossings,90th_percentile,10th_percentile,Percentile_difference
T1,1.8388332920000001,0.20502670851567945,1.0,1.0,0,0.28080288,0.074833632,0.205969248
T2,-2.8385126,-0.31648920975609757,0.0,0.0,0,-0.24347232000000005,-0.376704,0.13323167999999994
T3,-0.98668958,-0.11001416919860627,0.0,0.0,0,-0.02117952,-0.22349088000000003,0.20231136000000002
T5,0.5411536560000001,0.06033768986759583,1.0,1.0,0,0.09849600000000001,0.030159360000000003,0.06833664
T6,-0.3119194604,-0.034778476420905924,0.009523809523809521,0.0028438084649249334,2,-0.015361344000000013,-0.061154784,0.045793439999999984
T7,-1.5053216,-0.16784073588850174,0.0,0.0,0,-0.03431174400000001,-0.31634207999999997,0.28203033599999994
T8,-0.29938814960000004,-0.033381257098257844,0.0,0.0,0,-0.008440848000000006,-0.06287097600000001,0.054430128
