,Water Column,Trap Fine,Trap Full,Bedload
Water Column,0.0,17.783832219731202,2258.484818871351,1972.4711560502049
Trap Fine,17.783832219731202,0.0,2276.268651091082,1990.2549882699361
Trap Full,2258.484818871351,2276.268651091082,0.0,286.3490828760046
Bedload,1972.4711560502049,1990.2549882699361,286.3490828760046,0.0
