Date_Time,Q
3/1/2023 0:00,0.025262394
3/1/2023 0:15,0.029976745
3/1/2023 0:30,0.03470116
3/1/2023 0:45,0.03470116
3/1/2023 1:00,0.030003643
3/1/2023 1:15,0.034674371
3/1/2023 1:30,0.037801763
3/1/2023 1:45,0.037801763
3/1/2023 2:00,0.047112947
3/1/2023 2:15,0.039376985
3/1/2023 2:30,0.042467872
3/1/2023 2:45,0.037801763
3/1/2023 3:00,0.042467872
3/1/2023 3:15,0.042467872
3/1/2023 3:30,0.047112947
3/1/2023 3:45,0.039350303
3/1/2023 4:00,0.042467872
3/1/2023 4:15,0.050210221
3/1/2023 4:30,0.040923444
3/1/2023 4:45,0.040923444
3/1/2023 5:00,0.045574569
3/1/2023 5:15,0.045574569
3/1/2023 5:30,0.045548027
3/1/2023 5:45,0.050183782
3/1/2023 6:00,0.054799127
3/1/2023 6:15,0.048649348
3/1/2023 6:30,0.045548027
3/1/2023 6:45,0.045548027
3/1/2023 7:00,0.045548027
3/1/2023 7:15,0.045548027
3/1/2023 7:30,0.053270542
3/1/2023 7:45,0.048649348
3/1/2023 8:00,0.053270542
3/1/2023 8:15,0.045548027
3/1/2023 8:30,0.033119571
3/1/2023 8:45,0.040896798
3/1/2023 9:00,0.033119571
3/1/2023 9:15,0.033119571
3/1/2023 9:30,0.020528229
3/1/2023 9:45,0.026827933
3/1/2023 10:00,0.034674371
3/1/2023 10:15,0.029976745
3/1/2023 10:30,0.029976745
3/1/2023 10:45,0.025262394
3/1/2023 11:00,0.022097677
3/1/2023 11:15,0.029976745
3/1/2023 11:30,0.025262394
3/1/2023 11:45,0.017698186
3/1/2023 12:00,0.026827933
3/1/2023 12:15,0.025262394
3/1/2023 12:30,0.025262394
3/1/2023 12:45,0.020528229
3/1/2023 13:00,0.025262394
3/1/2023 13:15,0.029976745
3/1/2023 13:30,0.020528229
3/1/2023 13:45,0.025262394
3/1/2023 14:00,0.025289405
3/1/2023 14:15,0.025289405
3/1/2023 14:30,0.020528229
3/1/2023 14:45,0.025262394
3/1/2023 15:00,0.016135681
3/1/2023 15:15,0.017164305
3/1/2023 15:30,0.015631151
3/1/2023 15:45,0.017164305
3/1/2023 16:00,0.020555354
3/1/2023 16:15,0.028418245
3/1/2023 16:30,0.017707505
3/1/2023 16:45,0.025289405
3/1/2023 17:00,0.030003643
3/1/2023 17:15,0.025289405
3/1/2023 17:30,0.023694676
3/1/2023 17:45,0.023694676
3/1/2023 18:00,0.020555354
3/1/2023 18:15,0.020555354
3/1/2023 18:30,0.023694676
3/1/2023 18:45,0.028418245
3/1/2023 19:00,0.028418245
3/1/2023 19:15,0.028418245
3/1/2023 19:30,0.028418245
3/1/2023 19:45,0.033119571
3/1/2023 20:00,0.028418245
3/1/2023 20:15,0.030003643
3/1/2023 20:30,0.025289405
3/1/2023 20:45,0.033119571
3/1/2023 21:00,0.028418245
3/1/2023 21:15,0.025289405
3/1/2023 21:30,0.033119571
3/1/2023 21:45,0.036227081
3/1/2023 22:00,0.033119571
3/1/2023 22:15,0.028418245
3/1/2023 22:30,0.033119571
3/1/2023 22:45,0.031562666
3/1/2023 23:00,0.037801763
3/1/2023 23:15,0.023694676
3/1/2023 23:30,0.025262394
3/1/2023 23:45,0.036253835
3/2/2023 0:00,0.028418245
3/2/2023 0:15,0.028418245
3/2/2023 0:30,0.036253835
3/2/2023 0:45,0.031562666
3/2/2023 1:00,0.036253835
3/2/2023 1:15,0.036227081
3/2/2023 1:30,0.036227081
3/2/2023 1:45,0.031562666
3/2/2023 2:00,0.026854907
3/2/2023 2:15,0.036253835
3/2/2023 2:30,0.036253835
3/2/2023 2:45,0.040923444
3/2/2023 3:00,0.039350303
3/2/2023 3:15,0.034674371
3/2/2023 3:30,0.031535805
3/2/2023 3:45,0.036227081
3/2/2023 4:00,0.031535805
3/2/2023 4:15,0.036227081
3/2/2023 4:30,0.029976745
3/2/2023 4:45,0.034674371
3/2/2023 5:00,0.029976745
3/2/2023 5:15,0.029976745
3/2/2023 5:30,0.029976745
3/2/2023 5:45,0.034674371
3/2/2023 6:00,0.039350303
3/2/2023 6:15,0.025262394
3/2/2023 6:30,0.034674371
3/2/2023 6:45,0.029976745
3/2/2023 7:00,0.034674371
3/2/2023 7:15,0.029976745
3/2/2023 7:30,0.034674371
3/2/2023 7:45,0.029976745
3/2/2023 8:00,0.039350303
3/2/2023 8:15,0.036227081
3/2/2023 8:30,0.036227081
3/2/2023 8:45,0.029976745
3/2/2023 9:00,0.031562666
3/2/2023 9:15,0.028418245
3/2/2023 9:30,0.026854907
3/2/2023 9:45,0.031562666
3/2/2023 10:00,0.018953846
3/2/2023 10:15,0.016643258
3/2/2023 10:30,0.015631151
3/2/2023 10:45,0.014207738
3/2/2023 11:00,0.017164305
3/2/2023 11:15,0.015631151
3/2/2023 11:30,0.020528229
3/2/2023 11:45,0.016135681
3/2/2023 12:00,0.014675643
3/2/2023 12:15,0.018953846
3/2/2023 12:30,0.018953846
3/2/2023 12:45,0.018953846
3/2/2023 13:00,0.017173401
3/2/2023 13:15,0.025289405
3/2/2023 13:30,0.018953846
3/2/2023 13:45,0.018953846
3/2/2023 14:00,0.015639596
3/2/2023 14:15,0.017173401
3/2/2023 14:30,0.016135681
3/2/2023 14:45,0.017173401
3/2/2023 15:00,0.020555354
3/2/2023 15:15,0.017173401
3/2/2023 15:30,0.023694676
3/2/2023 15:45,0.023694676
3/2/2023 16:00,0.023694676
3/2/2023 16:15,0.014675643
3/2/2023 16:30,0.015631151
3/2/2023 16:45,0.016127024
3/2/2023 17:00,0.016643258
3/2/2023 17:15,0.016643258
3/2/2023 17:30,0.017173401
3/2/2023 17:45,0.018953846
3/2/2023 18:00,0.023694676
3/2/2023 18:15,0.025289405
3/2/2023 18:30,0.030003643
3/2/2023 18:45,0.033119571
3/2/2023 19:00,0.028418245
3/2/2023 19:15,0.033119571
3/2/2023 19:30,0.028418245
3/2/2023 19:45,0.033119571
3/2/2023 20:00,0.033119571
3/2/2023 20:15,0.037801763
3/2/2023 20:30,0.029976745
3/2/2023 20:45,0.028418245
3/2/2023 21:00,0.033119571
3/2/2023 21:15,0.033119571
3/2/2023 21:30,0.033119571
3/2/2023 21:45,0.037801763
3/2/2023 22:00,0.037801763
3/2/2023 22:15,0.042467872
3/2/2023 22:30,0.028418245
3/2/2023 22:45,0.033119571
3/2/2023 23:00,0.042467872
3/2/2023 23:15,0.029976745
3/2/2023 23:30,0.034674371
3/2/2023 23:45,0.047112947
3/3/2023 0:00,0.045574569
3/3/2023 0:15,0.050210221
3/3/2023 0:30,0.045574569
3/3/2023 0:45,0.045574569
3/3/2023 1:00,0.040923444
3/3/2023 1:15,0.050210221
3/3/2023 1:30,0.050210221
3/3/2023 1:45,0.050210221
3/3/2023 2:00,0.050210221
3/3/2023 2:15,0.040923444
3/3/2023 2:30,0.050210221
3/3/2023 2:45,0.042467872
3/3/2023 3:00,0.045574569
3/3/2023 3:15,0.042467872
3/3/2023 3:30,0.045574569
3/3/2023 3:45,0.045574569
3/3/2023 4:00,0.042467872
3/3/2023 4:15,0.050210221
3/3/2023 4:30,0.045574569
3/3/2023 4:45,0.050210221
3/3/2023 5:00,0.050210221
3/3/2023 5:15,0.050210221
3/3/2023 5:30,0.045574569
3/3/2023 5:45,0.050210221
3/3/2023 6:00,0.045574569
3/3/2023 6:15,0.050210221
3/3/2023 6:30,0.050210221
3/3/2023 6:45,0.057903114
3/3/2023 7:00,0.057903114
3/3/2023 7:15,0.054825466
3/3/2023 7:30,0.057903114
3/3/2023 7:45,0.057903114
3/3/2023 8:00,0.054825466
3/3/2023 8:15,0.047112947
3/3/2023 8:30,0.05174267
3/3/2023 8:45,0.050183782
3/3/2023 9:00,0.047112947
3/3/2023 9:15,0.039376985
3/3/2023 9:30,0.047112947
3/3/2023 9:45,0.018953846
3/3/2023 10:00,0.023694676
3/3/2023 10:15,0.017698186
3/3/2023 10:30,0.026827933
3/3/2023 10:45,0.017698186
3/3/2023 11:00,0.026827933
3/3/2023 11:15,0.026854907
3/3/2023 11:30,0.026827933
3/3/2023 11:45,0.016643258
3/3/2023 12:00,0.014215569
3/3/2023 12:15,0.016643258
3/3/2023 12:30,0.017698186
3/3/2023 12:45,0.015639596
3/3/2023 13:00,0.015639596
3/3/2023 13:15,0.016643258
3/3/2023 13:30,0.016643258
3/3/2023 13:45,0.017707505
3/3/2023 14:00,0.01514743
3/3/2023 14:15,0.016643258
3/3/2023 14:30,0.025262394
3/3/2023 14:45,0.025262394
3/3/2023 15:00,0.016643258
3/3/2023 15:15,0.016135681
3/3/2023 15:30,0.016135681
3/3/2023 15:45,0.026854907
3/3/2023 16:00,0.022124763
3/3/2023 16:15,0.016643258
3/3/2023 16:30,0.013760124
3/3/2023 16:45,0.015631151
3/3/2023 17:00,0.018953846
3/3/2023 17:15,0.017164305
3/3/2023 17:30,0.018953846
3/3/2023 17:45,0.022124763
3/3/2023 18:00,0.022124763
3/3/2023 18:15,0.03470116
3/3/2023 18:30,0.022124763
3/3/2023 18:45,0.031562666
3/3/2023 19:00,0.030003643
3/3/2023 19:15,0.04401028
3/3/2023 19:30,0.034674371
3/3/2023 19:45,0.034674371
3/3/2023 20:00,0.029976745
3/3/2023 20:15,0.034674371
3/3/2023 20:30,0.029976745
3/3/2023 20:45,0.034674371
3/3/2023 21:00,0.029976745
3/3/2023 21:15,0.034674371
3/3/2023 21:30,0.037801763
3/3/2023 21:45,0.034674371
3/3/2023 22:00,0.029976745
3/3/2023 22:15,0.026854907
3/3/2023 22:30,0.036253835
3/3/2023 22:45,0.028418245
3/3/2023 23:00,0.031562666
3/3/2023 23:15,0.04401028
3/3/2023 23:30,0.039350303
3/3/2023 23:45,0.039350303
3/4/2023 0:00,0.026854907
3/4/2023 0:15,0.031562666
3/4/2023 0:30,0.03470116
3/4/2023 0:45,0.036253835
3/4/2023 1:00,0.034674371
3/4/2023 1:15,0.04401028
3/4/2023 1:30,0.033119571
3/4/2023 1:45,0.036227081
3/4/2023 2:00,0.045548027
3/4/2023 2:15,0.04401028
3/4/2023 2:30,0.040923444
3/4/2023 2:45,0.040923444
3/4/2023 3:00,0.048649348
3/4/2023 3:15,0.048649348
3/4/2023 3:30,0.048649348
3/4/2023 3:45,0.04401028
3/4/2023 4:00,0.040896798
3/4/2023 4:15,0.048649348
3/4/2023 4:30,0.04401028
3/4/2023 4:45,0.039350303
3/4/2023 5:00,0.048649348
3/4/2023 5:15,0.045574569
3/4/2023 5:30,0.048649348
3/4/2023 5:45,0.04401028
3/4/2023 6:00,0.04867582
3/4/2023 6:15,0.04867582
3/4/2023 6:30,0.04867582
3/4/2023 6:45,0.04867582
3/4/2023 7:00,0.044036856
3/4/2023 7:15,0.04867582
3/4/2023 7:30,0.050210221
3/4/2023 7:45,0.040923444
3/4/2023 8:00,0.044036856
3/4/2023 8:15,0.040923444
3/4/2023 8:30,0.040923444
3/4/2023 8:45,0.037801763
3/4/2023 9:00,0.045548027
3/4/2023 9:15,0.037801763
3/4/2023 9:30,0.037801763
3/4/2023 9:45,0.020528229
3/4/2023 10:00,0.014675643
3/4/2023 10:15,0.025262394
3/4/2023 10:30,0.025262394
3/4/2023 10:45,0.017707505
3/4/2023 11:00,0.025262394
3/4/2023 11:15,0.020528229
3/4/2023 11:30,0.016135681
3/4/2023 11:45,0.014675643
3/4/2023 12:00,0.014675643
3/4/2023 12:15,0.01514743
3/4/2023 12:30,0.016643258
3/4/2023 12:45,0.012474725
3/4/2023 13:00,0.01514743
3/4/2023 13:15,0.013760124
3/4/2023 13:30,0.020528229
3/4/2023 13:45,0.017698186
3/4/2023 14:00,0.018953846
3/4/2023 14:15,0.016127024
3/4/2023 14:30,0.017698186
3/4/2023 14:45,0.017707505
3/4/2023 15:00,0.017164305
3/4/2023 15:15,0.01514743
3/4/2023 15:30,0.017164305
3/4/2023 15:45,0.017164305
3/4/2023 16:00,0.017707505
3/4/2023 16:15,0.016135681
3/4/2023 16:30,0.016135681
3/4/2023 16:45,0.020555354
3/4/2023 17:00,0.017707505
3/4/2023 17:15,0.017707505
3/4/2023 17:30,0.016135681
3/4/2023 17:45,0.025289405
3/4/2023 18:00,0.020555354
3/4/2023 18:15,0.025289405
3/4/2023 18:30,0.030003643
3/4/2023 18:45,0.023694676
3/4/2023 19:00,0.033119571
3/4/2023 19:15,0.028418245
3/4/2023 19:30,0.030003643
3/4/2023 19:45,0.025289405
3/4/2023 20:00,0.033119571
3/4/2023 20:15,0.030003643
3/4/2023 20:30,0.025289405
3/4/2023 20:45,0.033119571
3/4/2023 21:00,0.033119571
3/4/2023 21:15,0.033119571
3/4/2023 21:30,0.028418245
3/4/2023 21:45,0.023694676
3/4/2023 22:00,0.025262394
3/4/2023 22:15,0.020528229
3/4/2023 22:30,0.025262394
3/4/2023 22:45,0.029976745
3/4/2023 23:00,0.025262394
3/4/2023 23:15,0.020528229
3/4/2023 23:30,0.023694676
3/4/2023 23:45,0.020528229
3/5/2023 0:00,0.025262394
3/5/2023 0:15,0.025262394
3/5/2023 0:30,0.029976745
3/5/2023 0:45,0.029976745
3/5/2023 1:00,0.025262394
3/5/2023 1:15,0.028418245
3/5/2023 1:30,0.033119571
3/5/2023 1:45,0.034674371
3/5/2023 2:00,0.025262394
3/5/2023 2:15,0.020528229
3/5/2023 2:30,0.034674371
3/5/2023 2:45,0.037801763
3/5/2023 3:00,0.037801763
3/5/2023 3:15,0.037801763
3/5/2023 3:30,0.028418245
3/5/2023 3:45,0.036227081
3/5/2023 4:00,0.040896798
3/5/2023 4:15,0.037801763
3/5/2023 4:30,0.037801763
3/5/2023 4:45,0.040896798
3/5/2023 5:00,0.030003643
3/5/2023 5:15,0.030003643
3/5/2023 5:30,0.036227081
3/5/2023 5:45,0.040896798
3/5/2023 6:00,0.033119571
3/5/2023 6:15,0.028418245
3/5/2023 6:30,0.037801763
3/5/2023 6:45,0.037801763
3/5/2023 7:00,0.042467872
3/5/2023 7:15,0.037801763
3/5/2023 7:30,0.040923444
3/5/2023 7:45,0.042467872
3/5/2023 8:00,0.033119571
3/5/2023 8:15,0.033119571
3/5/2023 8:30,0.029976745
3/5/2023 8:45,0.034674371
3/5/2023 9:00,0.033119571
3/5/2023 9:15,0.026854907
3/5/2023 9:30,0.026854907
3/5/2023 9:45,0.016643258
3/5/2023 10:00,0.016643258
3/5/2023 10:15,0.016135681
3/5/2023 10:30,0.017698186
3/5/2023 10:45,0.023694676
3/5/2023 11:00,0.016127024
3/5/2023 11:15,0.018953846
3/5/2023 11:30,0.017698186
3/5/2023 11:45,0.017698186
3/5/2023 12:00,0.01514743
3/5/2023 12:15,0.016127024
3/5/2023 12:30,0.01514743
3/5/2023 12:45,0.013760124
3/5/2023 13:00,0.016643258
3/5/2023 13:15,0.016643258
3/5/2023 13:30,0.022124763
3/5/2023 13:45,0.018953846
3/5/2023 14:00,0.018953846
3/5/2023 14:15,0.01514743
3/5/2023 14:30,0.01514743
3/5/2023 14:45,0.01514743
3/5/2023 15:00,0.020555354
3/5/2023 15:15,0.016135681
3/5/2023 15:30,0.01514743
3/5/2023 15:45,0.01514743
3/5/2023 16:00,0.020555354
3/5/2023 16:15,0.013760124
3/5/2023 16:30,0.016135681
3/5/2023 16:45,0.020555354
3/5/2023 17:00,0.017707505
3/5/2023 17:15,0.022124763
3/5/2023 17:30,0.017707505
3/5/2023 17:45,0.022124763
3/5/2023 18:00,0.016135681
3/5/2023 18:15,0.016643258
3/5/2023 18:30,0.022097677
3/5/2023 18:45,0.022097677
3/5/2023 19:00,0.022097677
3/5/2023 19:15,0.022097677
3/5/2023 19:30,0.022097677
3/5/2023 19:45,0.025262394
3/5/2023 20:00,0.029976745
3/5/2023 20:15,0.022097677
3/5/2023 20:30,0.029976745
3/5/2023 20:45,0.018953846
3/5/2023 21:00,0.017707505
3/5/2023 21:15,0.017707505
3/5/2023 21:30,0.026854907
3/5/2023 21:45,0.022124763
3/5/2023 22:00,0.018953846
3/5/2023 22:15,0.022124763
3/5/2023 22:30,0.022124763
3/5/2023 22:45,0.017707505
3/5/2023 23:00,0.022124763
3/5/2023 23:15,0.018953846
3/5/2023 23:30,0.026854907
3/5/2023 23:45,0.018953846
3/6/2023 0:00,0.016643258
3/6/2023 0:15,0.018953846
3/6/2023 0:30,0.023694676
3/6/2023 0:45,0.028418245
3/6/2023 1:00,0.023694676
3/6/2023 1:15,0.018953846
3/6/2023 1:30,0.026854907
3/6/2023 1:45,0.026854907
3/6/2023 2:00,0.022124763
3/6/2023 2:15,0.026854907
3/6/2023 2:30,0.026854907
3/6/2023 2:45,0.022124763
3/6/2023 3:00,0.026854907
3/6/2023 3:15,0.026854907
3/6/2023 3:30,0.022124763
3/6/2023 3:45,0.026854907
3/6/2023 4:00,0.031562666
3/6/2023 4:15,0.031562666
3/6/2023 4:30,0.022124763
3/6/2023 4:45,0.022124763
3/6/2023 5:00,0.026854907
3/6/2023 5:15,0.022124763
3/6/2023 5:30,0.018953846
3/6/2023 5:45,0.026854907
3/6/2023 6:00,0.026854907
3/6/2023 6:15,0.028418245
3/6/2023 6:30,0.018953846
3/6/2023 6:45,0.026827933
3/6/2023 7:00,0.026827933
3/6/2023 7:15,0.023694676
3/6/2023 7:30,0.023694676
3/6/2023 7:45,0.026854907
3/6/2023 8:00,0.022124763
3/6/2023 8:15,0.016643258
3/6/2023 8:30,0.017164305
3/6/2023 8:45,0.020528229
3/6/2023 9:00,0.015631151
3/6/2023 9:15,0.017164305
3/6/2023 9:30,0.018953846
3/6/2023 9:45,0.015639596
3/6/2023 10:00,0.014215569
3/6/2023 10:15,0.014675643
3/6/2023 10:30,0.025289405
3/6/2023 10:45,0.014675643
3/6/2023 11:00,0.017707505
3/6/2023 11:15,0.013323009
3/6/2023 11:30,0.014675643
3/6/2023 11:45,0.017173401
3/6/2023 12:00,0.014675643
3/6/2023 12:15,0.014215569
3/6/2023 12:30,0.014215569
3/6/2023 12:45,0.012474725
3/6/2023 13:00,0.014675643
3/6/2023 13:15,0.017173401
3/6/2023 13:30,0.015631151
3/6/2023 13:45,0.015631151
3/6/2023 14:00,0.015631151
3/6/2023 14:15,0.015631151
3/6/2023 14:30,0.016643258
3/6/2023 14:45,0.016643258
3/6/2023 15:00,0.015631151
3/6/2023 15:15,0.020528229
3/6/2023 15:30,0.017164305
3/6/2023 15:45,0.014207738
3/6/2023 16:00,0.017164305
3/6/2023 16:15,0.017164305
3/6/2023 16:30,0.017164305
3/6/2023 16:45,0.015631151
3/6/2023 17:00,0.017164305
3/6/2023 17:15,0.017164305
3/6/2023 17:30,0.012889717
3/6/2023 17:45,0.017164305
3/6/2023 18:00,0.018953846
3/6/2023 18:15,0.020528229
3/6/2023 18:30,0.017164305
3/6/2023 18:45,0.017164305
3/6/2023 19:00,0.020528229
3/6/2023 19:15,0.023694676
3/6/2023 19:30,0.018953846
3/6/2023 19:45,0.018953846
3/6/2023 20:00,0.023694676
3/6/2023 20:15,0.028418245
3/6/2023 20:30,0.023694676
3/6/2023 20:45,0.018953846
3/6/2023 21:00,0.018953846
3/6/2023 21:15,0.018953846
3/6/2023 21:30,0.028418245
3/6/2023 21:45,0.023694676
3/6/2023 22:00,0.023694676
3/6/2023 22:15,0.023694676
3/6/2023 22:30,0.018953846
3/6/2023 22:45,0.028418245
3/6/2023 23:00,0.017173401
3/6/2023 23:15,0.016643258
3/6/2023 23:30,0.023694676
3/6/2023 23:45,0.026854907
3/7/2023 0:00,0.023694676
3/7/2023 0:15,0.018953846
3/7/2023 0:30,0.028418245
3/7/2023 0:45,0.036253835
3/7/2023 1:00,0.023694676
3/7/2023 1:15,0.023694676
3/7/2023 1:30,0.028418245
3/7/2023 1:45,0.023694676
3/7/2023 2:00,0.022124763
3/7/2023 2:15,0.026854907
3/7/2023 2:30,0.022124763
3/7/2023 2:45,0.028418245
3/7/2023 3:00,0.018953846
3/7/2023 3:15,0.018953846
3/7/2023 3:30,0.017164305
3/7/2023 3:45,0.026854907
3/7/2023 4:00,0.022124763
3/7/2023 4:15,0.018953846
3/7/2023 4:30,0.016643258
3/7/2023 4:45,0.015639596
3/7/2023 5:00,0.022097677
3/7/2023 5:15,0.018953846
3/7/2023 5:30,0.016643258
3/7/2023 5:45,0.01514743
3/7/2023 6:00,0.018953846
3/7/2023 6:15,0.018953846
3/7/2023 6:30,0.018953846
3/7/2023 6:45,0.018953846
3/7/2023 7:00,0.022124763
3/7/2023 7:15,0.023694676
3/7/2023 7:30,0.018953846
3/7/2023 7:45,0.023694676
3/7/2023 8:00,0.023694676
3/7/2023 8:15,0.016643258
3/7/2023 8:30,0.020528229
3/7/2023 8:45,0.017164305
3/7/2023 9:00,0.023694676
3/7/2023 9:15,0.020555354
3/7/2023 9:30,0.018953846
3/7/2023 9:45,0.017173401
3/7/2023 10:00,0.017173401
3/7/2023 10:15,0.015639596
3/7/2023 10:30,0.015639596
3/7/2023 10:45,0.015639596
3/7/2023 11:00,0.020555354
3/7/2023 11:15,0.014675643
3/7/2023 11:30,0.014675643
3/7/2023 11:45,0.017707505
3/7/2023 12:00,0.017173401
3/7/2023 12:15,0.015639596
3/7/2023 12:30,0.017173401
3/7/2023 12:45,0.015639596
3/7/2023 13:00,0.015639596
3/7/2023 13:15,0.016135681
3/7/2023 13:30,0.014675643
3/7/2023 13:45,0.016135681
3/7/2023 14:00,0.015631151
3/7/2023 14:15,0.015631151
3/7/2023 14:30,0.017164305
3/7/2023 14:45,0.017164305
3/7/2023 15:00,0.014207738
3/7/2023 15:15,0.015631151
3/7/2023 15:30,0.018953846
3/7/2023 15:45,0.015639596
3/7/2023 16:00,0.01514743
3/7/2023 16:15,0.018953846
3/7/2023 16:30,0.014215569
3/7/2023 16:45,0.014675643
3/7/2023 17:00,0.017164305
3/7/2023 17:15,0.018953846
3/7/2023 17:30,0.023694676
3/7/2023 17:45,0.01514743
3/7/2023 18:00,0.016643258
3/7/2023 18:15,0.018953846
3/7/2023 18:30,0.015631151
3/7/2023 18:45,0.022124763
3/7/2023 19:00,0.018953846
3/7/2023 19:15,0.017164305
3/7/2023 19:30,0.018953846
3/7/2023 19:45,0.018953846
3/7/2023 20:00,0.018953846
3/7/2023 20:15,0.017173401
3/7/2023 20:30,0.015639596
3/7/2023 20:45,0.015639596
3/7/2023 21:00,0.018953846
3/7/2023 21:15,0.025289405
3/7/2023 21:30,0.023694676
3/7/2023 21:45,0.020555354
3/7/2023 22:00,0.018953846
3/7/2023 22:15,0.020555354
3/7/2023 22:30,0.025289405
3/7/2023 22:45,0.025289405
3/7/2023 23:00,0.028418245
3/7/2023 23:15,0.023694676
3/7/2023 23:30,0.028418245
3/7/2023 23:45,0.018953846
3/8/2023 0:00,0.028418245
3/8/2023 0:15,0.025289405
3/8/2023 0:30,0.020555354
3/8/2023 0:45,0.020555354
3/8/2023 1:00,0.025289405
3/8/2023 1:15,0.023694676
3/8/2023 1:30,0.020555354
3/8/2023 1:45,0.031535805
3/8/2023 2:00,0.028418245
3/8/2023 2:15,0.017173401
3/8/2023 2:30,0.023694676
3/8/2023 2:45,0.023694676
3/8/2023 3:00,0.028418245
3/8/2023 3:15,0.033119571
3/8/2023 3:30,0.023694676
3/8/2023 3:45,0.031562666
3/8/2023 4:00,0.037801763
3/8/2023 4:15,0.023694676
3/8/2023 4:30,0.023694676
3/8/2023 4:45,0.028418245
3/8/2023 5:00,0.028418245
3/8/2023 5:15,0.028418245
3/8/2023 5:30,0.033119571
3/8/2023 5:45,0.028418245
3/8/2023 6:00,0.023694676
3/8/2023 6:15,0.036253835
3/8/2023 6:30,0.028418245
3/8/2023 6:45,0.028418245
3/8/2023 7:00,0.031562666
3/8/2023 7:15,0.031562666
3/8/2023 7:30,0.040923444
3/8/2023 7:45,0.031562666
3/8/2023 8:00,0.028418245
3/8/2023 8:15,0.033119571
3/8/2023 8:30,0.020555354
3/8/2023 8:45,0.023694676
3/8/2023 9:00,0.018953846
3/8/2023 9:15,0.023694676
3/8/2023 9:30,0.020528229
3/8/2023 9:45,0.020528229
3/8/2023 10:00,0.017698186
3/8/2023 10:15,0.016127024
3/8/2023 10:30,0.017698186
3/8/2023 10:45,0.014667611
3/8/2023 11:00,0.016127024
3/8/2023 11:15,0.017164305
3/8/2023 11:30,0.017164305
3/8/2023 11:45,0.017164305
3/8/2023 12:00,0.014675643
3/8/2023 12:15,0.016135681
3/8/2023 12:30,0.01207039
3/8/2023 12:45,0.015639596
3/8/2023 13:00,0.017173401
3/8/2023 13:15,0.017173401
3/8/2023 13:30,0.015631151
3/8/2023 13:45,0.018953846
3/8/2023 14:00,0.015631151
3/8/2023 14:15,0.015631151
3/8/2023 14:30,0.017173401
3/8/2023 14:45,0.017173401
3/8/2023 15:00,0.020555354
3/8/2023 15:15,0.017173401
3/8/2023 15:30,0.017173401
3/8/2023 15:45,0.018953846
3/8/2023 16:00,0.018953846
3/8/2023 16:15,0.016643258
3/8/2023 16:30,0.022124763
3/8/2023 16:45,0.018953846
3/8/2023 17:00,0.018953846
3/8/2023 17:15,0.022124763
3/8/2023 17:30,0.026854907
3/8/2023 17:45,0.028418245
3/8/2023 18:00,0.022124763
3/8/2023 18:15,0.023694676
3/8/2023 18:30,0.018953846
3/8/2023 18:45,0.031562666
3/8/2023 19:00,0.031562666
3/8/2023 19:15,0.026854907
3/8/2023 19:30,0.026854907
3/8/2023 19:45,0.031562666
3/8/2023 20:00,0.031562666
3/8/2023 20:15,0.023694676
3/8/2023 20:30,0.028418245
3/8/2023 20:45,0.026827933
3/8/2023 21:00,0.036227081
3/8/2023 21:15,0.026827933
3/8/2023 21:30,0.026827933
3/8/2023 21:45,0.018953846
3/8/2023 22:00,0.023694676
3/8/2023 22:15,0.023694676
3/8/2023 22:30,0.022097677
3/8/2023 22:45,0.026827933
3/8/2023 23:00,0.023694676
3/8/2023 23:15,0.031535805
3/8/2023 23:30,0.022097677
3/8/2023 23:45,0.026827933
3/9/2023 0:00,0.022097677
3/9/2023 0:15,0.031535805
3/9/2023 0:30,0.026827933
3/9/2023 0:45,0.026827933
3/9/2023 1:00,0.028418245
3/9/2023 1:15,0.031535805
3/9/2023 1:30,0.028418245
3/9/2023 1:45,0.028418245
3/9/2023 2:00,0.023694676
3/9/2023 2:15,0.023694676
3/9/2023 2:30,0.036253835
3/9/2023 2:45,0.031562666
3/9/2023 3:00,0.031562666
3/9/2023 3:15,0.039350303
3/9/2023 3:30,0.031535805
3/9/2023 3:45,0.031535805
3/9/2023 4:00,0.031535805
3/9/2023 4:15,0.026827933
3/9/2023 4:30,0.031535805
3/9/2023 4:45,0.031535805
3/9/2023 5:00,0.031535805
3/9/2023 5:15,0.026827933
3/9/2023 5:30,0.031535805
3/9/2023 5:45,0.026827933
3/9/2023 6:00,0.028418245
3/9/2023 6:15,0.031562666
3/9/2023 6:30,0.031562666
3/9/2023 6:45,0.026854907
3/9/2023 7:00,0.031562666
3/9/2023 7:15,0.031562666
3/9/2023 7:30,0.031562666
3/9/2023 7:45,0.031562666
3/9/2023 8:00,0.028418245
3/9/2023 8:15,0.031562666
3/9/2023 8:30,0.026854907
3/9/2023 8:45,0.023694676
3/9/2023 9:00,0.025289405
3/9/2023 9:15,0.025289405
3/9/2023 9:30,0.028418245
3/9/2023 9:45,0.014675643
3/9/2023 10:00,0.017164305
3/9/2023 10:15,0.016127024
3/9/2023 10:30,0.025262394
3/9/2023 10:45,0.017698186
3/9/2023 11:00,0.016135681
3/9/2023 11:15,0.025262394
3/9/2023 11:30,0.020528229
3/9/2023 11:45,0.014675643
3/9/2023 12:00,0.016135681
3/9/2023 12:15,0.016135681
3/9/2023 12:30,0.014675643
3/9/2023 12:45,0.014675643
3/9/2023 13:00,0.016135681
3/9/2023 13:15,0.016135681
3/9/2023 13:30,0.016135681
3/9/2023 13:45,0.014667611
3/9/2023 14:00,0.016127024
3/9/2023 14:15,0.014667611
3/9/2023 14:30,0.017698186
3/9/2023 14:45,0.016127024
3/9/2023 15:00,0.014667611
3/9/2023 15:15,0.017698186
3/9/2023 15:30,0.016127024
3/9/2023 15:45,0.016127024
3/9/2023 16:00,0.016127024
3/9/2023 16:15,0.017707505
3/9/2023 16:30,0.017707505
3/9/2023 16:45,0.017707505
3/9/2023 17:00,0.017707505
3/9/2023 17:15,0.020528229
3/9/2023 17:30,0.028418245
3/9/2023 17:45,0.020528229
3/9/2023 18:00,0.017707505
3/9/2023 18:15,0.020555354
3/9/2023 18:30,0.025289405
3/9/2023 18:45,0.025289405
3/9/2023 19:00,0.025289405
3/9/2023 19:15,0.025289405
3/9/2023 19:30,0.030003643
3/9/2023 19:45,0.025289405
3/9/2023 20:00,0.033119571
3/9/2023 20:15,0.030003643
3/9/2023 20:30,0.025289405
3/9/2023 20:45,0.030003643
3/9/2023 21:00,0.037801763
3/9/2023 21:15,0.030003643
3/9/2023 21:30,0.028418245
3/9/2023 21:45,0.025262394
3/9/2023 22:00,0.029976745
3/9/2023 22:15,0.029976745
3/9/2023 22:30,0.029976745
3/9/2023 22:45,0.029976745
3/9/2023 23:00,0.034674371
3/9/2023 23:15,0.034674371
3/9/2023 23:30,0.026827933
3/9/2023 23:45,0.029976745
3/10/2023 0:00,0.025262394
3/10/2023 0:15,0.025262394
3/10/2023 0:30,0.028418245
3/10/2023 0:45,0.028418245
3/10/2023 1:00,0.030003643
3/10/2023 1:15,0.028418245
3/10/2023 1:30,0.03470116
3/10/2023 1:45,0.020555354
3/10/2023 2:00,0.030003643
3/10/2023 2:15,0.033119571
3/10/2023 2:30,0.030003643
3/10/2023 2:45,0.020555354
3/10/2023 3:00,0.025289405
3/10/2023 3:15,0.030003643
3/10/2023 3:30,0.033119571
3/10/2023 3:45,0.029976745
3/10/2023 4:00,0.033119571
3/10/2023 4:15,0.028418245
3/10/2023 4:30,0.028418245
3/10/2023 4:45,0.023694676
3/10/2023 5:00,0.037801763
3/10/2023 5:15,0.033119571
3/10/2023 5:30,0.037801763
3/10/2023 5:45,0.037801763
3/10/2023 6:00,0.033119571
3/10/2023 6:15,0.042467872
3/10/2023 6:30,0.033119571
3/10/2023 6:45,0.037801763
3/10/2023 7:00,0.033119571
3/10/2023 7:15,0.028418245
3/10/2023 7:30,0.018953846
3/10/2023 7:45,0.025262394
3/10/2023 8:00,0.023694676
3/10/2023 8:15,0.029976745
3/10/2023 8:30,0.028418245
3/10/2023 8:45,0.023694676
3/10/2023 9:00,0.025289405
3/10/2023 9:15,0.018953846
3/10/2023 9:30,0.017173401
3/10/2023 9:45,0.016135681
3/10/2023 10:00,0.017164305
3/10/2023 10:15,0.015639596
3/10/2023 10:30,0.023694676
3/10/2023 10:45,0.017707505
3/10/2023 11:00,0.015639596
3/10/2023 11:15,0.014675643
3/10/2023 11:30,0.020555354
3/10/2023 11:45,0.018953846
3/10/2023 12:00,0.016135681
3/10/2023 12:15,0.017164305
3/10/2023 12:30,0.017173401
3/10/2023 12:45,0.018953846
3/10/2023 13:00,0.015631151
3/10/2023 13:15,0.017164305
3/10/2023 13:30,0.015631151
3/10/2023 13:45,0.018953846
3/10/2023 14:00,0.017164305
3/10/2023 14:15,0.018953846
3/10/2023 14:30,0.015631151
3/10/2023 14:45,0.016643258
3/10/2023 15:00,0.018953846
3/10/2023 15:15,0.022124763
3/10/2023 15:30,0.022124763
3/10/2023 15:45,0.023694676
3/10/2023 16:00,0.03470116
3/10/2023 16:15,0.028418245
3/10/2023 16:30,0.036253835
3/10/2023 16:45,0.031562666
3/10/2023 17:00,0.03470116
3/10/2023 17:15,0.026854907
3/10/2023 17:30,0.040923444
3/10/2023 17:45,0.039350303
3/10/2023 18:00,0.034674371
3/10/2023 18:15,0.036253835
3/10/2023 18:30,0.04401028
3/10/2023 18:45,0.040923444
3/10/2023 19:00,0.044036856
3/10/2023 19:15,0.048649348
3/10/2023 19:30,0.05174267
3/10/2023 19:45,0.05174267
3/10/2023 20:00,0.053296913
3/10/2023 20:15,0.04867582
3/10/2023 20:30,0.047112947
3/10/2023 20:45,0.047112947
3/10/2023 21:00,0.05174267
3/10/2023 21:15,0.04867582
3/10/2023 21:30,0.044036856
3/10/2023 21:45,0.044036856
3/10/2023 22:00,0.044036856
3/10/2023 22:15,0.039376985
3/10/2023 22:30,0.044036856
3/10/2023 22:45,0.039376985
3/10/2023 23:00,0.036253835
3/10/2023 23:15,0.04401028
3/10/2023 23:30,0.047112947
3/10/2023 23:45,0.034674371
3/11/2023 0:00,0.039350303
3/11/2023 0:15,0.042467872
3/11/2023 0:30,0.039350303
3/11/2023 0:45,0.039350303
3/11/2023 1:00,0.047112947
3/11/2023 1:15,0.04401028
3/11/2023 1:30,0.05174267
3/11/2023 1:45,0.05174267
3/11/2023 2:00,0.037801763
3/11/2023 2:15,0.05174267
3/11/2023 2:30,0.045548027
3/11/2023 2:45,0.045548027
3/11/2023 3:00,0.050183782
3/11/2023 3:15,0.050183782
3/11/2023 3:30,0.050210221
3/11/2023 3:45,0.050210221
3/11/2023 4:00,0.045574569
3/11/2023 4:15,0.050210221
3/11/2023 4:30,0.053270542
3/11/2023 4:45,0.040896798
3/11/2023 5:00,0.054825466
3/11/2023 5:15,0.045548027
3/11/2023 5:30,0.040896798
3/11/2023 5:45,0.050183782
3/11/2023 6:00,0.040923444
3/11/2023 6:15,0.040896798
3/11/2023 6:30,0.050183782
3/11/2023 6:45,0.045548027
3/11/2023 7:00,0.040896798
3/11/2023 7:15,0.042467872
3/11/2023 7:30,0.054799127
3/11/2023 7:45,0.053270542
3/11/2023 8:00,0.045574569
3/11/2023 8:15,0.054825466
3/11/2023 8:30,0.042467872
3/11/2023 8:45,0.037801763
3/11/2023 9:00,0.037801763
3/11/2023 9:15,0.039350303
3/11/2023 9:30,0.045574569
3/11/2023 9:45,0.037801763
3/11/2023 10:00,0.039350303
3/11/2023 10:15,0.034674371
3/11/2023 10:30,0.050210221
3/11/2023 10:45,0.039350303
3/11/2023 11:00,0.047112947
3/11/2023 11:15,0.050210221
3/11/2023 11:30,0.042467872
3/11/2023 11:45,0.042467872
3/11/2023 12:00,0.040923444
3/11/2023 12:15,0.034674371
3/11/2023 12:30,0.029976745
3/11/2023 12:45,0.042467872
3/11/2023 13:00,0.054825466
3/11/2023 13:15,0.042467872
3/11/2023 13:30,0.045574569
3/11/2023 13:45,0.050183782
3/11/2023 14:00,0.054799127
3/11/2023 14:15,0.045574569
3/11/2023 14:30,0.047112947
3/11/2023 14:45,0.045574569
3/11/2023 15:00,0.045574569
3/11/2023 15:15,0.057903114
3/11/2023 15:30,0.045574569
3/11/2023 15:45,0.054825466
3/11/2023 16:00,0.050210221
3/11/2023 16:15,0.050210221
3/11/2023 16:30,0.054825466
3/11/2023 16:45,0.054825466
3/11/2023 17:00,0.054825466
3/11/2023 17:15,0.050210221
3/11/2023 17:30,0.045574569
3/11/2023 17:45,0.05174267
3/11/2023 18:00,0.050210221
3/11/2023 18:15,0.050210221
3/11/2023 18:30,0.054799127
3/11/2023 18:45,0.059399691
3/11/2023 19:00,0.054799127
3/11/2023 19:15,0.059399691
3/11/2023 19:30,0.054799127
3/11/2023 19:45,0.059399691
3/11/2023 20:00,0.054799127
3/11/2023 20:15,0.054799127
3/11/2023 20:30,0.045548027
3/11/2023 20:45,0.054825466
3/11/2023 21:00,0.056352105
3/11/2023 21:15,0.056352105
3/11/2023 21:30,0.056352105
3/11/2023 21:45,0.054825466
3/11/2023 22:00,0.059425931
3/11/2023 22:15,0.059425931
3/11/2023 22:30,0.054825466
3/11/2023 22:45,0.056352105
3/11/2023 23:00,0.056352105
3/11/2023 23:15,0.056352105
3/11/2023 23:30,0.059425931
3/11/2023 23:45,0.059425931
3/12/2023 0:00,0.063980557
3/12/2023 0:15,0.054799127
3/12/2023 0:30,0.059399691
3/12/2023 0:45,0.059425931
3/12/2023 1:00,0.054825466
3/12/2023 1:15,0.059425931
3/12/2023 1:30,0.05174267
3/12/2023 1:45,0.050183782
3/12/2023 2:00,0.054825466
3/12/2023 2:15,0.05174267
3/12/2023 2:30,0.050210221
3/12/2023 2:45,0.054825466
3/12/2023 3:00,0.054825466
3/12/2023 3:15,0.050210221
3/12/2023 3:30,0.05174267
3/12/2023 3:45,0.054799127
3/12/2023 4:00,0.047112947
3/12/2023 4:15,0.054799127
3/12/2023 4:30,0.059399691
3/12/2023 4:45,0.063980557
3/12/2023 5:00,0.059399691
3/12/2023 5:15,0.054825466
3/12/2023 5:30,0.056352105
3/12/2023 5:45,0.050183782
3/12/2023 6:00,0.063980557
3/12/2023 6:15,0.054799127
3/12/2023 6:30,0.059399691
3/12/2023 6:45,0.067035581
3/12/2023 7:00,0.064006699
3/12/2023 7:15,0.064006699
3/12/2023 7:30,0.064006699
3/12/2023 7:45,0.060944251
3/12/2023 8:00,0.060944251
3/12/2023 8:15,0.064006699
3/12/2023 8:30,0.056352105
3/12/2023 8:45,0.056352105
3/12/2023 9:00,0.056352105
3/12/2023 9:15,0.05174267
3/12/2023 9:30,0.05174267
3/12/2023 9:45,0.04401028
3/12/2023 10:00,0.033119571
3/12/2023 10:15,0.036227081
3/12/2023 10:30,0.04401028
3/12/2023 10:45,0.040923444
3/12/2023 11:00,0.040923444
3/12/2023 11:15,0.044036856
3/12/2023 11:30,0.04867582
3/12/2023 11:45,0.040923444
3/12/2023 12:00,0.044036856
3/12/2023 12:15,0.040923444
3/12/2023 12:30,0.036253835
3/12/2023 12:45,0.031562666
3/12/2023 13:00,0.031562666
3/12/2023 13:15,0.036253835
3/12/2023 13:30,0.048649348
3/12/2023 13:45,0.036227081
3/12/2023 14:00,0.036227081
3/12/2023 14:15,0.040896798
3/12/2023 14:30,0.048649348
3/12/2023 14:45,0.048649348
3/12/2023 15:00,0.047112947
3/12/2023 15:15,0.056352105
3/12/2023 15:30,0.044036856
3/12/2023 15:45,0.044036856
3/12/2023 16:00,0.047112947
3/12/2023 16:15,0.04867582
3/12/2023 16:30,0.047112947
3/12/2023 16:45,0.056352105
3/12/2023 17:00,0.056352105
3/12/2023 17:15,0.053296913
3/12/2023 17:30,0.056352105
3/12/2023 17:45,0.05174267
3/12/2023 18:00,0.056352105
3/12/2023 18:15,0.05174267
3/12/2023 18:30,0.056352105
3/12/2023 18:45,0.056352105
3/12/2023 19:00,0.056352105
3/12/2023 19:15,0.056352105
3/12/2023 19:30,0.056352105
3/12/2023 19:45,0.060944251
3/12/2023 20:00,0.056352105
3/12/2023 20:15,0.060944251
3/12/2023 20:30,0.057903114
3/12/2023 20:45,0.053296913
3/12/2023 21:00,0.053296913
3/12/2023 21:15,0.053296913
3/12/2023 21:30,0.053296913
3/12/2023 21:45,0.053296913
3/12/2023 22:00,0.04867582
3/12/2023 22:15,0.057903114
3/12/2023 22:30,0.056352105
3/12/2023 22:45,0.053296913
3/12/2023 23:00,0.057903114
3/12/2023 23:15,0.053296913
3/12/2023 23:30,0.062489504
3/12/2023 23:45,0.050210221
3/13/2023 0:00,0.048649348
3/13/2023 0:15,0.057876842
3/13/2023 0:30,0.053296913
3/13/2023 0:45,0.053296913
3/13/2023 1:00,0.053296913
3/13/2023 1:15,0.062489504
3/13/2023 1:30,0.053296913
3/13/2023 1:45,0.053296913
3/13/2023 2:00,0.053296913
3/13/2023 2:15,0.053296913
3/13/2023 2:30,0.050210221
3/13/2023 2:45,0.056352105
3/13/2023 3:00,0.056352105
3/13/2023 3:15,0.053296913
3/13/2023 3:30,0.057903114
3/13/2023 3:45,0.057903114
3/13/2023 4:00,0.053296913
3/13/2023 4:15,0.04867582
3/13/2023 4:30,0.053296913
3/13/2023 4:45,0.056352105
3/13/2023 5:00,0.053296913
3/13/2023 5:15,0.056352105
3/13/2023 5:30,0.060944251
3/13/2023 5:45,0.056352105
3/13/2023 6:00,0.057903114
3/13/2023 6:15,0.056352105
3/13/2023 6:30,0.056352105
3/13/2023 6:45,0.05174267
3/13/2023 7:00,0.056352105
3/13/2023 7:15,0.056352105
3/13/2023 7:30,0.060944251
3/13/2023 7:45,0.065522054
3/13/2023 8:00,0.056352105
3/13/2023 8:15,0.053270542
3/13/2023 8:30,0.065522054
3/13/2023 8:45,0.057876842
3/13/2023 9:00,0.054799127
3/13/2023 9:15,0.053270542
3/13/2023 9:30,0.054799127
3/13/2023 9:45,0.040896798
3/13/2023 10:00,0.045574569
3/13/2023 10:15,0.037801763
3/13/2023 10:30,0.037801763
3/13/2023 10:45,0.042467872
3/13/2023 11:00,0.037801763
3/13/2023 11:15,0.042467872
3/13/2023 11:30,0.045548027
3/13/2023 11:45,0.045548027
3/13/2023 12:00,0.040896798
3/13/2023 12:15,0.04401028
3/13/2023 12:30,0.036227081
3/13/2023 12:45,0.045548027
3/13/2023 13:00,0.037801763
3/13/2023 13:15,0.028418245
3/13/2023 13:30,0.040923444
3/13/2023 13:45,0.040923444
3/13/2023 14:00,0.036253835
3/13/2023 14:15,0.050210221
3/13/2023 14:30,0.04401028
3/13/2023 14:45,0.048649348
3/13/2023 15:00,0.04401028
3/13/2023 15:15,0.056352105
3/13/2023 15:30,0.057876842
3/13/2023 15:45,0.056352105
3/13/2023 16:00,0.04401028
3/13/2023 16:15,0.05174267
3/13/2023 16:30,0.056352105
3/13/2023 16:45,0.05174267
3/13/2023 17:00,0.053270542
3/13/2023 17:15,0.053270542
3/13/2023 17:30,0.060944251
3/13/2023 17:45,0.060944251
3/13/2023 18:00,0.05174267
3/13/2023 18:15,0.04401028
3/13/2023 18:30,0.057876842
3/13/2023 18:45,0.056352105
3/13/2023 19:00,0.057876842
3/13/2023 19:15,0.048649348
3/13/2023 19:30,0.060944251
3/13/2023 19:45,0.056352105
3/13/2023 20:00,0.056352105
3/13/2023 20:15,0.056352105
3/13/2023 20:30,0.062489504
3/13/2023 20:45,0.062489504
3/13/2023 21:00,0.057903114
3/13/2023 21:15,0.062489504
3/13/2023 21:30,0.065522054
3/13/2023 21:45,0.065522054
3/13/2023 22:00,0.062489504
3/13/2023 22:15,0.060944251
3/13/2023 22:30,0.065522054
3/13/2023 22:45,0.074625454
3/13/2023 23:00,0.065522054
3/13/2023 23:15,0.068544686
3/13/2023 23:30,0.062489504
3/13/2023 23:45,0.053296913
3/14/2023 0:00,0.065522054
3/14/2023 0:15,0.065522054
3/14/2023 0:30,0.065522054
3/14/2023 0:45,0.065522054
3/14/2023 1:00,0.065522054
3/14/2023 1:15,0.060944251
3/14/2023 1:30,0.065522054
3/14/2023 1:45,0.057876842
3/14/2023 2:00,0.070080612
3/14/2023 2:15,0.065522054
3/14/2023 2:30,0.065522054
3/14/2023 2:45,0.065522054
3/14/2023 3:00,0.065522054
3/14/2023 3:15,0.060944251
3/14/2023 3:30,0.070080612
3/14/2023 3:45,0.065522054
3/14/2023 4:00,0.065522054
3/14/2023 4:15,0.065522054
3/14/2023 4:30,0.060944251
3/14/2023 4:45,0.074625454
3/14/2023 5:00,0.068544686
3/14/2023 5:15,0.068544686
3/14/2023 5:30,0.065522054
3/14/2023 5:45,0.065522054
3/14/2023 6:00,0.068544686
3/14/2023 6:15,0.073094997
3/14/2023 6:30,0.065522054
3/14/2023 6:45,0.060944251
3/14/2023 7:00,0.073120953
3/14/2023 7:15,0.065522054
3/14/2023 7:30,0.065522054
3/14/2023 7:45,0.067035581
3/14/2023 8:00,0.067035581
3/14/2023 8:15,0.065522054
3/14/2023 8:30,0.067035581
3/14/2023 8:45,0.062489504
3/14/2023 9:00,0.059425931
3/14/2023 9:15,0.067035581
3/14/2023 9:30,0.054799127
3/14/2023 9:45,0.045548027
3/14/2023 10:00,0.039350303
3/14/2023 10:15,0.034674371
3/14/2023 10:30,0.034674371
3/14/2023 10:45,0.037801763
3/14/2023 11:00,0.034674371
3/14/2023 11:15,0.037801763
3/14/2023 11:30,0.04401028
3/14/2023 11:45,0.042467872
3/14/2023 12:00,0.042467872
3/14/2023 12:15,0.04401028
3/14/2023 12:30,0.042467872
3/14/2023 12:45,0.039350303
3/14/2023 13:00,0.039350303
3/14/2023 13:15,0.042467872
3/14/2023 13:30,0.037801763
3/14/2023 13:45,0.037801763
3/14/2023 14:00,0.039376985
3/14/2023 14:15,0.037801763
3/14/2023 14:30,0.037801763
3/14/2023 14:45,0.045574569
3/14/2023 15:00,0.042467872
3/14/2023 15:15,0.037801763
3/14/2023 15:30,0.042467872
3/14/2023 15:45,0.042467872
3/14/2023 16:00,0.042467872
3/14/2023 16:15,0.047112947
3/14/2023 16:30,0.042467872
3/14/2023 16:45,0.05174267
3/14/2023 17:00,0.05174267
3/14/2023 17:15,0.054825466
3/14/2023 17:30,0.047112947
3/14/2023 17:45,0.05174267
3/14/2023 18:00,0.054825466
3/14/2023 18:15,0.050210221
3/14/2023 18:30,0.062489504
3/14/2023 18:45,0.059425931
3/14/2023 19:00,0.062489504
3/14/2023 19:15,0.057903114
3/14/2023 19:30,0.062489504
3/14/2023 19:45,0.06706166
3/14/2023 20:00,0.062489504
3/14/2023 20:15,0.06706166
3/14/2023 20:30,0.057876842
3/14/2023 20:45,0.057876842
3/14/2023 21:00,0.062463329
3/14/2023 21:15,0.059399691
3/14/2023 21:30,0.063980557
3/14/2023 21:45,0.053270542
3/14/2023 22:00,0.057876842
3/14/2023 22:15,0.057876842
3/14/2023 22:30,0.057876842
3/14/2023 22:45,0.054825466
3/14/2023 23:00,0.057876842
3/14/2023 23:15,0.057876842
3/14/2023 23:30,0.070080612
3/14/2023 23:45,0.057903114
3/15/2023 0:00,0.057903114
3/15/2023 0:15,0.062489504
3/15/2023 0:30,0.062489504
3/15/2023 0:45,0.062489504
3/15/2023 1:00,0.059425931
3/15/2023 1:15,0.062463329
3/15/2023 1:30,0.054825466
3/15/2023 1:45,0.062463329
3/15/2023 2:00,0.062463329
3/15/2023 2:15,0.062463329
3/15/2023 2:30,0.057876842
3/15/2023 2:45,0.057876842
3/15/2023 3:00,0.060944251
3/15/2023 3:15,0.057903114
3/15/2023 3:30,0.062489504
3/15/2023 3:45,0.060944251
3/15/2023 4:00,0.056352105
3/15/2023 4:15,0.060944251
3/15/2023 4:30,0.056352105
3/15/2023 4:45,0.065522054
3/15/2023 5:00,0.060944251
3/15/2023 5:15,0.060944251
3/15/2023 5:30,0.060944251
3/15/2023 5:45,0.060944251
3/15/2023 6:00,0.056352105
3/15/2023 6:15,0.056352105
3/15/2023 6:30,0.060944251
3/15/2023 6:45,0.060944251
3/15/2023 7:00,0.060944251
3/15/2023 7:15,0.056352105
3/15/2023 7:30,0.059425931
3/15/2023 7:45,0.059425931
3/15/2023 8:00,0.05174267
3/15/2023 8:15,0.056352105
3/15/2023 8:30,0.05174267
3/15/2023 8:45,0.048649348
3/15/2023 9:00,0.053270542
3/15/2023 9:15,0.056352105
3/15/2023 9:30,0.056352105
3/15/2023 9:45,0.048649348
3/15/2023 10:00,0.053270542
3/15/2023 10:15,0.04401028
3/15/2023 10:30,0.05174267
3/15/2023 10:45,0.045574569
3/15/2023 11:00,0.048649348
3/15/2023 11:15,0.047112947
3/15/2023 11:30,0.05174267
3/15/2023 11:45,0.053296913
3/15/2023 12:00,0.05174267
3/15/2023 12:15,0.039350303
3/15/2023 12:30,0.048649348
3/15/2023 12:45,0.056352105
3/15/2023 13:00,0.048649348
3/15/2023 13:15,0.05174267
3/15/2023 13:30,0.056352105
3/15/2023 13:45,0.06706166
3/15/2023 14:00,0.064006699
3/15/2023 14:15,0.063980557
3/15/2023 14:30,0.063980557
3/15/2023 14:45,0.062463329
3/15/2023 15:00,0.06706166
3/15/2023 15:15,0.088159936
3/15/2023 15:30,0.095628543
3/15/2023 15:45,0.091155945
3/15/2023 16:00,0.083662236
3/15/2023 16:15,0.088159936
3/15/2023 16:30,0.088159936
3/15/2023 16:45,0.086645274
3/15/2023 17:00,0.095603027
3/15/2023 17:15,0.088159936
3/15/2023 17:30,0.095603027
3/15/2023 17:45,0.091130345
3/15/2023 18:00,0.095603027
3/15/2023 18:15,0.086645274
3/15/2023 18:30,0.094122293
3/15/2023 18:45,0.091155945
3/15/2023 19:00,0.098582581
3/15/2023 19:15,0.098582581
3/15/2023 19:30,0.095628543
3/15/2023 19:45,0.095628543
3/15/2023 20:00,0.107462468
3/15/2023 20:15,0.103030916
3/15/2023 20:30,0.105994446
3/15/2023 20:45,0.107462468
3/15/2023 21:00,0.103030916
3/15/2023 21:15,0.103056293
3/15/2023 21:30,0.098608042
3/15/2023 21:45,0.095628543
3/15/2023 22:00,0.100083913
3/15/2023 22:15,0.103056293
3/15/2023 22:30,0.098582581
3/15/2023 22:45,0.105994446
3/15/2023 23:00,0.094122293
3/15/2023 23:15,0.098582581
3/15/2023 23:30,0.103030916
3/15/2023 23:45,0.101558202
3/16/2023 0:00,0.095603027
3/16/2023 0:15,0.105994446
3/16/2023 0:30,0.107462468
3/16/2023 0:45,0.098582581
3/16/2023 1:00,0.097107638
3/16/2023 1:15,0.105994446
3/16/2023 1:30,0.094122293
3/16/2023 1:45,0.097107638
3/16/2023 2:00,0.098608042
3/16/2023 2:15,0.098608042
3/16/2023 2:30,0.094122293
3/16/2023 2:45,0.101558202
3/16/2023 3:00,0.097107638
3/16/2023 3:15,0.101558202
3/16/2023 3:30,0.105994446
3/16/2023 3:45,0.101558202
3/16/2023 4:00,0.101558202
3/16/2023 4:15,0.104527414
3/16/2023 4:30,0.097107638
3/16/2023 4:45,0.105994446
3/16/2023 5:00,0.104527414
3/16/2023 5:15,0.101558202
3/16/2023 5:30,0.104502063
3/16/2023 5:45,0.101558202
3/16/2023 6:00,0.097107638
3/16/2023 6:15,0.097107638
3/16/2023 6:30,0.097107638
3/16/2023 6:45,0.100058481
3/16/2023 7:00,0.101558202
3/16/2023 7:15,0.101558202
3/16/2023 7:30,0.105994446
3/16/2023 7:45,0.097107638
3/16/2023 8:00,0.097107638
3/16/2023 8:15,0.092639937
3/16/2023 8:30,0.097107638
3/16/2023 8:45,0.101558202
3/16/2023 9:00,0.097107638
3/16/2023 9:15,0.097107638
3/16/2023 9:30,0.097107638
3/16/2023 9:45,0.089647247
3/16/2023 10:00,0.092639937
3/16/2023 10:15,0.089647247
3/16/2023 10:30,0.089672875
3/16/2023 10:45,0.094147837
3/16/2023 11:00,0.094147837
3/16/2023 11:15,0.082170757
3/16/2023 11:30,0.086670961
3/16/2023 11:45,0.085154597
3/16/2023 12:00,0.086645274
3/16/2023 12:15,0.082144984
3/16/2023 12:30,0.082144984
3/16/2023 12:45,0.082144984
3/16/2023 13:00,0.086645274
3/16/2023 13:15,0.086645274
3/16/2023 13:30,0.082144984
3/16/2023 13:45,0.086670961
3/16/2023 14:00,0.089647247
3/16/2023 14:15,0.094122293
3/16/2023 14:30,0.086645274
3/16/2023 14:45,0.094122293
3/16/2023 15:00,0.101558202
3/16/2023 15:15,0.094122293
3/16/2023 15:30,0.082144984
3/16/2023 15:45,0.085154597
3/16/2023 16:00,0.094122293
3/16/2023 16:15,0.086645274
3/16/2023 16:30,0.086645274
3/16/2023 16:45,0.097107638
3/16/2023 17:00,0.088159936
3/16/2023 17:15,0.086670961
3/16/2023 17:30,0.095628543
3/16/2023 17:45,0.098608042
3/16/2023 18:00,0.095628543
3/16/2023 18:15,0.086645274
3/16/2023 18:30,0.091130345
3/16/2023 18:45,0.092639937
3/16/2023 19:00,0.100083913
3/16/2023 19:15,0.100083913
3/16/2023 19:30,0.091155945
3/16/2023 19:45,0.092639937
3/16/2023 20:00,0.097107638
3/16/2023 20:15,0.097107638
3/16/2023 20:30,0.100058481
3/16/2023 20:45,0.097107638
3/16/2023 21:00,0.100083913
3/16/2023 21:15,0.092639937
3/16/2023 21:30,0.092639937
3/16/2023 21:45,0.097107638
3/16/2023 22:00,0.097107638
3/16/2023 22:15,0.097107638
3/16/2023 22:30,0.108954223
3/16/2023 22:45,0.101558202
3/16/2023 23:00,0.097107638
3/16/2023 23:15,0.105994446
3/16/2023 23:30,0.101558202
3/16/2023 23:45,0.110419152
3/17/2023 0:00,0.101558202
3/17/2023 0:15,0.105994446
3/17/2023 0:30,0.110419152
3/17/2023 0:45,0.101558202
3/17/2023 1:00,0.097107638
3/17/2023 1:15,0.101558202
3/17/2023 1:30,0.113341941
3/17/2023 1:45,0.108928951
3/17/2023 2:00,0.105994446
3/17/2023 2:15,0.108954223
3/17/2023 2:30,0.108954223
3/17/2023 2:45,0.104527414
3/17/2023 3:00,0.108954223
3/17/2023 3:15,0.101558202
3/17/2023 3:30,0.113367132
3/17/2023 3:45,0.113367132
3/17/2023 4:00,0.104527414
3/17/2023 4:15,0.111907778
3/17/2023 4:30,0.111907778
3/17/2023 4:45,0.111907778
3/17/2023 5:00,0.116311528
3/17/2023 5:15,0.107487766
3/17/2023 5:30,0.108954223
3/17/2023 5:45,0.113367132
3/17/2023 6:00,0.108954223
3/17/2023 6:15,0.113367132
3/17/2023 6:30,0.110419152
3/17/2023 6:45,0.117768898
3/17/2023 7:00,0.110419152
3/17/2023 7:15,0.116286387
3/17/2023 7:30,0.111882561
3/17/2023 7:45,0.113341941
3/17/2023 8:00,0.108928951
3/17/2023 8:15,0.110419152
3/17/2023 8:30,0.108928951
3/17/2023 8:45,0.114827507
3/17/2023 9:00,0.114827507
3/17/2023 9:15,0.101558202
3/17/2023 9:30,0.105994446
3/17/2023 9:45,0.101558202
3/17/2023 10:00,0.103030916
3/17/2023 10:15,0.094122293
3/17/2023 10:30,0.094122293
3/17/2023 10:45,0.105994446
3/17/2023 11:00,0.089647247
3/17/2023 11:15,0.094122293
3/17/2023 11:30,0.089647247
3/17/2023 11:45,0.089647247
3/17/2023 12:00,0.094122293
3/17/2023 12:15,0.092639937
3/17/2023 12:30,0.082170757
3/17/2023 12:45,0.089672875
3/17/2023 13:00,0.089672875
3/17/2023 13:15,0.089672875
3/17/2023 13:30,0.092639937
3/17/2023 13:45,0.080675001
3/17/2023 14:00,0.085180312
3/17/2023 14:15,0.082170757
3/17/2023 14:30,0.085154597
3/17/2023 14:45,0.088159936
3/17/2023 15:00,0.092639937
3/17/2023 15:15,0.089647247
3/17/2023 15:30,0.092639937
3/17/2023 15:45,0.085154597
3/17/2023 16:00,0.085154597
3/17/2023 16:15,0.085154597
3/17/2023 16:30,0.085154597
3/17/2023 16:45,0.088159936
3/17/2023 17:00,0.089647247
3/17/2023 17:15,0.095628543
3/17/2023 17:30,0.076125606
3/17/2023 17:45,0.088159936
3/17/2023 18:00,0.101558202
3/17/2023 18:15,0.107462468
3/17/2023 18:30,0.104527414
3/17/2023 18:45,0.095628543
3/17/2023 19:00,0.108954223
3/17/2023 19:15,0.108954223
3/17/2023 19:30,0.108954223
3/17/2023 19:45,0.108954223
3/17/2023 20:00,0.108954223
3/17/2023 20:15,0.117768898
3/17/2023 20:30,0.110419152
3/17/2023 20:45,0.108928951
3/17/2023 21:00,0.113341941
3/17/2023 21:15,0.113341941
3/17/2023 21:30,0.117743785
3/17/2023 21:45,0.105994446
3/17/2023 22:00,0.105994446
3/17/2023 22:15,0.110419152
3/17/2023 22:30,0.098582581
3/17/2023 22:45,0.103030916
3/17/2023 23:00,0.103030916
3/17/2023 23:15,0.105994446
3/17/2023 23:30,0.101558202
3/17/2023 23:45,0.105994446
3/18/2023 0:00,0.103056293
3/18/2023 0:15,0.107487766
3/18/2023 0:30,0.110419152
3/18/2023 0:45,0.105994446
3/18/2023 1:00,0.098608042
3/18/2023 1:15,0.101558202
3/18/2023 1:30,0.098608042
3/18/2023 1:45,0.101558202
3/18/2023 2:00,0.101558202
3/18/2023 2:15,0.098608042
3/18/2023 2:30,0.107487766
3/18/2023 2:45,0.098608042
3/18/2023 3:00,0.105994446
3/18/2023 3:15,0.110419152
3/18/2023 3:30,0.103056293
3/18/2023 3:45,0.107487766
3/18/2023 4:00,0.107487766
3/18/2023 4:15,0.107487766
3/18/2023 4:30,0.103056293
3/18/2023 4:45,0.107487766
3/18/2023 5:00,0.105994446
3/18/2023 5:15,0.103056293
3/18/2023 5:30,0.098608042
3/18/2023 5:45,0.101558202
3/18/2023 6:00,0.098582581
3/18/2023 6:15,0.103030916
3/18/2023 6:30,0.110419152
3/18/2023 6:45,0.110419152
3/18/2023 7:00,0.107462468
3/18/2023 7:15,0.098582581
3/18/2023 7:30,0.104527414
3/18/2023 7:45,0.104527414
3/18/2023 8:00,0.103056293
3/18/2023 8:15,0.100083913
3/18/2023 8:30,0.104502063
3/18/2023 8:45,0.100058481
3/18/2023 9:00,0.097107638
3/18/2023 9:15,0.101558202
3/18/2023 9:30,0.092639937
3/18/2023 9:45,0.092639937
3/18/2023 10:00,0.092639937
3/18/2023 10:15,0.089647247
3/18/2023 10:30,0.073120953
3/18/2023 10:45,0.077652465
3/18/2023 11:00,0.085154597
3/18/2023 11:15,0.088159936
3/18/2023 11:30,0.089647247
3/18/2023 11:45,0.085154597
3/18/2023 12:00,0.085154597
3/18/2023 12:15,0.085154597
3/18/2023 12:30,0.089647247
3/18/2023 12:45,0.085154597
3/18/2023 13:00,0.092639937
3/18/2023 13:15,0.080649196
3/18/2023 13:30,0.082170757
3/18/2023 13:45,0.082170757
3/18/2023 14:00,0.080649196
3/18/2023 14:15,0.085154597
3/18/2023 14:30,0.092639937
3/18/2023 14:45,0.088159936
3/18/2023 15:00,0.092639937
3/18/2023 15:15,0.088159936
3/18/2023 15:30,0.097107638
3/18/2023 15:45,0.097107638
3/18/2023 16:00,0.101558202
3/18/2023 16:15,0.100083913
3/18/2023 16:30,0.097107638
3/18/2023 16:45,0.092639937
3/18/2023 17:00,0.092639937
3/18/2023 17:15,0.088159936
3/18/2023 17:30,0.101558202
3/18/2023 17:45,0.104527414
3/18/2023 18:00,0.101558202
3/18/2023 18:15,0.108954223
3/18/2023 18:30,0.100083913
3/18/2023 18:45,0.104527414
3/18/2023 19:00,0.100083913
3/18/2023 19:15,0.108954223
3/18/2023 19:30,0.111907778
3/18/2023 19:45,0.116311528
3/18/2023 20:00,0.104527414
3/18/2023 20:15,0.104527414
3/18/2023 20:30,0.104527414
3/18/2023 20:45,0.105994446
3/18/2023 21:00,0.101558202
3/18/2023 21:15,0.104527414
3/18/2023 21:30,0.104527414
3/18/2023 21:45,0.097107638
3/18/2023 22:00,0.101558202
3/18/2023 22:15,0.105994446
3/18/2023 22:30,0.108954223
3/18/2023 22:45,0.113367132
3/18/2023 23:00,0.111882561
3/18/2023 23:15,0.116286387
3/18/2023 23:30,0.116286387
3/18/2023 23:45,0.108928951
3/19/2023 0:00,0.113341941
3/19/2023 0:15,0.108928951
3/19/2023 0:30,0.108928951
3/19/2023 0:45,0.108928951
3/19/2023 1:00,0.117743785
3/19/2023 1:15,0.108928951
3/19/2023 1:30,0.113341941
3/19/2023 1:45,0.111882561
3/19/2023 2:00,0.111882561
3/19/2023 2:15,0.116286387
3/19/2023 2:30,0.116286387
3/19/2023 2:45,0.117768898
3/19/2023 3:00,0.105994446
3/19/2023 3:15,0.12070178
3/19/2023 3:30,0.116311528
3/19/2023 3:45,0.116311528
3/19/2023 4:00,0.12070178
3/19/2023 4:15,0.116311528
3/19/2023 4:30,0.116286387
3/19/2023 4:45,0.116286387
3/19/2023 5:00,0.116286387
3/19/2023 5:15,0.123606224
3/19/2023 5:30,0.120676717
3/19/2023 5:45,0.111882561
3/19/2023 6:00,0.120676717
3/19/2023 6:15,0.120676717
3/19/2023 6:30,0.120676717
3/19/2023 6:45,0.123606224
3/19/2023 7:00,0.119224795
3/19/2023 7:15,0.127974541
3/19/2023 7:30,0.119224795
3/19/2023 7:45,0.119224795
3/19/2023 8:00,0.108928951
3/19/2023 8:15,0.108928951
3/19/2023 8:30,0.104502063
3/19/2023 8:45,0.111882561
3/19/2023 9:00,0.104527414
3/19/2023 9:15,0.097107638
3/19/2023 9:30,0.092639937
3/19/2023 9:45,0.092639937
3/19/2023 10:00,0.092639937
3/19/2023 10:15,0.080649196
3/19/2023 10:30,0.065522054
3/19/2023 10:45,0.077652465
3/19/2023 11:00,0.077652465
3/19/2023 11:15,0.085154597
3/19/2023 11:30,0.085154597
3/19/2023 11:45,0.089647247
3/19/2023 12:00,0.089647247
3/19/2023 12:15,0.089647247
3/19/2023 12:30,0.080649196
3/19/2023 12:45,0.073120953
3/19/2023 13:00,0.073094997
3/19/2023 13:15,0.071588696
3/19/2023 13:30,0.073120953
3/19/2023 13:45,0.068570735
3/19/2023 14:00,0.0761515
3/19/2023 14:15,0.076125606
3/19/2023 14:30,0.079151694
3/19/2023 14:45,0.076125606
3/19/2023 15:00,0.082144984
3/19/2023 15:15,0.086645274
3/19/2023 15:30,0.083662236
3/19/2023 15:45,0.091130345
3/19/2023 16:00,0.082170757
3/19/2023 16:15,0.079151694
3/19/2023 16:30,0.074625454
3/19/2023 16:45,0.086670961
3/19/2023 17:00,0.082170757
3/19/2023 17:15,0.077652465
3/19/2023 17:30,0.085154597
3/19/2023 17:45,0.086645274
3/19/2023 18:00,0.086645274
3/19/2023 18:15,0.091130345
3/19/2023 18:30,0.080649196
3/19/2023 18:45,0.092639937
3/19/2023 19:00,0.086670961
3/19/2023 19:15,0.089672875
3/19/2023 19:30,0.094147837
3/19/2023 19:45,0.094147837
3/19/2023 20:00,0.101558202
3/19/2023 20:15,0.097107638
3/19/2023 20:30,0.097107638
3/19/2023 20:45,0.097107638
3/19/2023 21:00,0.089672875
3/19/2023 21:15,0.094147837
3/19/2023 21:30,0.089672875
3/19/2023 21:45,0.089672875
3/19/2023 22:00,0.092639937
3/19/2023 22:15,0.092639937
3/19/2023 22:30,0.088159936
3/19/2023 22:45,0.085154597
3/19/2023 23:00,0.094122293
3/19/2023 23:15,0.092639937
3/19/2023 23:30,0.088159936
3/19/2023 23:45,0.097107638
3/20/2023 0:00,0.092639937
3/20/2023 0:15,0.092639937
3/20/2023 0:30,0.092639937
3/20/2023 0:45,0.097107638
3/20/2023 1:00,0.089672875
3/20/2023 1:15,0.097107638
3/20/2023 1:30,0.097107638
3/20/2023 1:45,0.100083913
3/20/2023 2:00,0.091155945
3/20/2023 2:15,0.092639937
3/20/2023 2:30,0.095628543
3/20/2023 2:45,0.086670961
3/20/2023 3:00,0.091130345
3/20/2023 3:15,0.094122293
3/20/2023 3:30,0.089647247
3/20/2023 3:45,0.088159936
3/20/2023 4:00,0.091155945
3/20/2023 4:15,0.091155945
3/20/2023 4:30,0.094147837
3/20/2023 4:45,0.083662236
3/20/2023 5:00,0.094147837
3/20/2023 5:15,0.088159936
3/20/2023 5:30,0.086670961
3/20/2023 5:45,0.089672875
3/20/2023 6:00,0.086670961
3/20/2023 6:15,0.088159936
3/20/2023 6:30,0.091155945
3/20/2023 6:45,0.091155945
3/20/2023 7:00,0.086670961
3/20/2023 7:15,0.088159936
3/20/2023 7:30,0.086670961
3/20/2023 7:45,0.086670961
3/20/2023 8:00,0.088159936
3/20/2023 8:15,0.086670961
3/20/2023 8:30,0.091155945
3/20/2023 8:45,0.086670961
3/20/2023 9:00,0.091155945
3/20/2023 9:15,0.082170757
3/20/2023 9:30,0.079151694
3/20/2023 9:45,0.083662236
3/20/2023 10:00,0.074625454
3/20/2023 10:15,0.070080612
3/20/2023 10:30,0.071588696
3/20/2023 10:45,0.076125606
3/20/2023 11:00,0.079151694
3/20/2023 11:15,0.071614682
3/20/2023 11:30,0.074625454
3/20/2023 11:45,0.074625454
3/20/2023 12:00,0.079151694
3/20/2023 12:15,0.071614682
3/20/2023 12:30,0.086645274
3/20/2023 12:45,0.0761515
3/20/2023 13:00,0.082144984
3/20/2023 13:15,0.083662236
3/20/2023 13:30,0.079151694
3/20/2023 13:45,0.079151694
3/20/2023 14:00,0.086670961
3/20/2023 14:15,0.082170757
3/20/2023 14:30,0.091155945
3/20/2023 14:45,0.089647247
3/20/2023 15:00,0.091130345
3/20/2023 15:15,0.091130345
3/20/2023 15:30,0.085154597
3/20/2023 15:45,0.094122293
3/20/2023 16:00,0.089647247
3/20/2023 16:15,0.086670961
3/20/2023 16:30,0.086670961
3/20/2023 16:45,0.086670961
3/20/2023 17:00,0.089672875
3/20/2023 17:15,0.089672875
3/20/2023 17:30,0.085180312
3/20/2023 17:45,0.089672875
3/20/2023 18:00,0.077652465
3/20/2023 18:15,0.077652465
3/20/2023 18:30,0.089647247
3/20/2023 18:45,0.092639937
3/20/2023 19:00,0.094147837
3/20/2023 19:15,0.085180312
3/20/2023 19:30,0.082170757
3/20/2023 19:45,0.082170757
3/20/2023 20:00,0.085180312
3/20/2023 20:15,0.082170757
3/20/2023 20:30,0.089672875
3/20/2023 20:45,0.094147837
3/20/2023 21:00,0.082170757
3/20/2023 21:15,0.086670961
3/20/2023 21:30,0.094122293
3/20/2023 21:45,0.089647247
3/20/2023 22:00,0.089647247
3/20/2023 22:15,0.086645274
3/20/2023 22:30,0.091130345
3/20/2023 22:45,0.082144984
3/20/2023 23:00,0.077652465
3/20/2023 23:15,0.085154597
3/20/2023 23:30,0.085154597
3/20/2023 23:45,0.082144984
3/21/2023 0:00,0.079151694
3/21/2023 0:15,0.082144984
3/21/2023 0:30,0.082144984
3/21/2023 0:45,0.086645274
3/21/2023 1:00,0.082144984
3/21/2023 1:15,0.085154597
3/21/2023 1:30,0.086645274
3/21/2023 1:45,0.080649196
3/21/2023 2:00,0.089647247
3/21/2023 2:15,0.082144984
3/21/2023 2:30,0.085154597
3/21/2023 2:45,0.089647247
3/21/2023 3:00,0.089647247
3/21/2023 3:15,0.089647247
3/21/2023 3:30,0.089672875
3/21/2023 3:45,0.089672875
3/21/2023 4:00,0.092639937
3/21/2023 4:15,0.092639937
3/21/2023 4:30,0.085154597
3/21/2023 4:45,0.085154597
3/21/2023 5:00,0.085180312
3/21/2023 5:15,0.094147837
3/21/2023 5:30,0.089672875
3/21/2023 5:45,0.080649196
3/21/2023 6:00,0.089647247
3/21/2023 6:15,0.089647247
3/21/2023 6:30,0.085154597
3/21/2023 6:45,0.089647247
3/21/2023 7:00,0.089647247
3/21/2023 7:15,0.089647247
3/21/2023 7:30,0.086645274
3/21/2023 7:45,0.086645274
3/21/2023 8:00,0.091130345
3/21/2023 8:15,0.089647247
3/21/2023 8:30,0.086670961
3/21/2023 8:45,0.086670961
3/21/2023 9:00,0.082170757
3/21/2023 9:15,0.082170757
3/21/2023 9:30,0.074625454
3/21/2023 9:45,0.079151694
3/21/2023 10:00,0.082170757
3/21/2023 10:15,0.083662236
3/21/2023 10:30,0.079151694
3/21/2023 10:45,0.074625454
3/21/2023 11:00,0.082170757
3/21/2023 11:15,0.079151694
3/21/2023 11:30,0.074625454
3/21/2023 11:45,0.079151694
3/21/2023 12:00,0.083662236
3/21/2023 12:15,0.083662236
3/21/2023 12:30,0.079151694
3/21/2023 12:45,0.079151694
3/21/2023 13:00,0.079151694
3/21/2023 13:15,0.079151694
3/21/2023 13:30,0.079151694
3/21/2023 13:45,0.079151694
3/21/2023 14:00,0.086670961
3/21/2023 14:15,0.083662236
3/21/2023 14:30,0.083662236
3/21/2023 14:45,0.067035581
3/21/2023 15:00,0.082170757
3/21/2023 15:15,0.071588696
3/21/2023 15:30,0.074625454
3/21/2023 15:45,0.083662236
3/21/2023 16:00,0.077652465
3/21/2023 16:15,0.071588696
3/21/2023 16:30,0.070080612
3/21/2023 16:45,0.074625454
3/21/2023 17:00,0.082144984
3/21/2023 17:15,0.0761515
3/21/2023 17:30,0.079151694
3/21/2023 17:45,0.070080612
3/21/2023 18:00,0.079151694
3/21/2023 18:15,0.071588696
3/21/2023 18:30,0.079151694
3/21/2023 18:45,0.074625454
3/21/2023 19:00,0.079151694
3/21/2023 19:15,0.083662236
3/21/2023 19:30,0.076125606
3/21/2023 19:45,0.083662236
3/21/2023 20:00,0.080649196
3/21/2023 20:15,0.076125606
3/21/2023 20:30,0.071588696
3/21/2023 20:45,0.074625454
3/21/2023 21:00,0.074625454
3/21/2023 21:15,0.079151694
3/21/2023 21:30,0.071588696
3/21/2023 21:45,0.067035581
3/21/2023 22:00,0.080649196
3/21/2023 22:15,0.071588696
3/21/2023 22:30,0.080649196
3/21/2023 22:45,0.088159936
3/21/2023 23:00,0.076125606
3/21/2023 23:15,0.076125606
3/21/2023 23:30,0.076125606
3/21/2023 23:45,0.071588696
3/22/2023 0:00,0.080649196
3/22/2023 0:15,0.076125606
3/22/2023 0:30,0.083662236
3/22/2023 0:45,0.080649196
3/22/2023 1:00,0.079151694
3/22/2023 1:15,0.0761515
3/22/2023 1:30,0.0761515
3/22/2023 1:45,0.071614682
3/22/2023 2:00,0.073120953
3/22/2023 2:15,0.079151694
3/22/2023 2:30,0.076125606
3/22/2023 2:45,0.080649196
3/22/2023 3:00,0.071588696
3/22/2023 3:15,0.079151694
3/22/2023 3:30,0.071588696
3/22/2023 3:45,0.076125606
3/22/2023 4:00,0.080649196
3/22/2023 4:15,0.076125606
3/22/2023 4:30,0.076125606
3/22/2023 4:45,0.071588696
3/22/2023 5:00,0.071588696
3/22/2023 5:15,0.076125606
3/22/2023 5:30,0.080649196
3/22/2023 5:45,0.080649196
3/22/2023 6:00,0.080649196
3/22/2023 6:15,0.076125606
3/22/2023 6:30,0.076125606
3/22/2023 6:45,0.076125606
3/22/2023 7:00,0.076125606
3/22/2023 7:15,0.076125606
3/22/2023 7:30,0.071588696
3/22/2023 7:45,0.068544686
3/22/2023 8:00,0.068544686
3/22/2023 8:15,0.071588696
3/22/2023 8:30,0.062463329
3/22/2023 8:45,0.071588696
3/22/2023 9:00,0.071588696
3/22/2023 9:15,0.067035581
3/22/2023 9:30,0.076125606
3/22/2023 9:45,0.071588696
3/22/2023 10:00,0.064006699
3/22/2023 10:15,0.059425931
3/22/2023 10:30,0.071588696
3/22/2023 10:45,0.071588696
3/22/2023 11:00,0.071588696
3/22/2023 11:15,0.067035581
3/22/2023 11:30,0.071588696
3/22/2023 11:45,0.064006699
3/22/2023 12:00,0.073120953
3/22/2023 12:15,0.076125606
3/22/2023 12:30,0.062463329
3/22/2023 12:45,0.064006699
3/22/2023 13:00,0.063980557
3/22/2023 13:15,0.073094997
3/22/2023 13:30,0.067035581
3/22/2023 13:45,0.067035581
3/22/2023 14:00,0.073094997
3/22/2023 14:15,0.071588696
3/22/2023 14:30,0.059425931
3/22/2023 14:45,0.076125606
3/22/2023 15:00,0.062463329
3/22/2023 15:15,0.067035581
3/22/2023 15:30,0.067035581
3/22/2023 15:45,0.080649196
3/22/2023 16:00,0.079151694
3/22/2023 16:15,0.071588696
3/22/2023 16:30,0.071588696
3/22/2023 16:45,0.080649196
3/22/2023 17:00,0.080649196
3/22/2023 17:15,0.088159936
3/22/2023 17:30,0.080649196
3/22/2023 17:45,0.088159936
3/22/2023 18:00,0.0761515
3/22/2023 18:15,0.085180312
3/22/2023 18:30,0.085180312
3/22/2023 18:45,0.080675001
3/22/2023 19:00,0.073120953
3/22/2023 19:15,0.083662236
3/22/2023 19:30,0.080649196
3/22/2023 19:45,0.085154597
3/22/2023 20:00,0.092639937
3/22/2023 20:15,0.085154597
3/22/2023 20:30,0.085154597
3/22/2023 20:45,0.077652465
3/22/2023 21:00,0.080675001
3/22/2023 21:15,0.085180312
3/22/2023 21:30,0.085180312
3/22/2023 21:45,0.085180312
3/22/2023 22:00,0.089672875
3/22/2023 22:15,0.082170757
3/22/2023 22:30,0.089672875
3/22/2023 22:45,0.089672875
3/22/2023 23:00,0.086670961
3/22/2023 23:15,0.085180312
3/22/2023 23:30,0.086670961
3/22/2023 23:45,0.089672875
3/23/2023 0:00,0.089672875
3/23/2023 0:15,0.094147837
3/23/2023 0:30,0.085180312
3/23/2023 0:45,0.089672875
3/23/2023 1:00,0.085180312
3/23/2023 1:15,0.088159936
3/23/2023 1:30,0.089647247
3/23/2023 1:45,0.085154597
3/23/2023 2:00,0.076125606
3/23/2023 2:15,0.092639937
3/23/2023 2:30,0.083662236
3/23/2023 2:45,0.085154597
3/23/2023 3:00,0.088159936
3/23/2023 3:15,0.089647247
3/23/2023 3:30,0.089647247
3/23/2023 3:45,0.073120953
3/23/2023 4:00,0.080649196
3/23/2023 4:15,0.083662236
3/23/2023 4:30,0.080675001
3/23/2023 4:45,0.095603027
3/23/2023 5:00,0.080675001
3/23/2023 5:15,0.080675001
3/23/2023 5:30,0.0761515
3/23/2023 5:45,0.092639937
3/23/2023 6:00,0.0761515
3/23/2023 6:15,0.085180312
3/23/2023 6:30,0.085180312
3/23/2023 6:45,0.085180312
3/23/2023 7:00,0.080675001
3/23/2023 7:15,0.089672875
3/23/2023 7:30,0.085180312
3/23/2023 7:45,0.080675001
3/23/2023 8:00,0.0761515
3/23/2023 8:15,0.080675001
3/23/2023 8:30,0.080675001
3/23/2023 8:45,0.083662236
3/23/2023 9:00,0.080649196
3/23/2023 9:15,0.076125606
3/23/2023 9:30,0.080649196
3/23/2023 9:45,0.071588696
3/23/2023 10:00,0.073094997
3/23/2023 10:15,0.068544686
3/23/2023 10:30,0.071588696
3/23/2023 10:45,0.077626602
3/23/2023 11:00,0.073094997
3/23/2023 11:15,0.073094997
3/23/2023 11:30,0.068544686
3/23/2023 11:45,0.065522054
3/23/2023 12:00,0.073120953
3/23/2023 12:15,0.068544686
3/23/2023 12:30,0.065522054
3/23/2023 12:45,0.068544686
3/23/2023 13:00,0.059399691
3/23/2023 13:15,0.060944251
3/23/2023 13:30,0.073120953
3/23/2023 13:45,0.060944251
3/23/2023 14:00,0.073120953
3/23/2023 14:15,0.077652465
3/23/2023 14:30,0.071588696
3/23/2023 14:45,0.080649196
3/23/2023 15:00,0.080649196
3/23/2023 15:15,0.076125606
3/23/2023 15:30,0.076125606
3/23/2023 15:45,0.071588696
3/23/2023 16:00,0.063980557
3/23/2023 16:15,0.071588696
3/23/2023 16:30,0.074625454
3/23/2023 16:45,0.071588696
3/23/2023 17:00,0.063980557
3/23/2023 17:15,0.068544686
3/23/2023 17:30,0.071588696
3/23/2023 17:45,0.079151694
3/23/2023 18:00,0.083662236
3/23/2023 18:15,0.079151694
3/23/2023 18:30,0.083662236
3/23/2023 18:45,0.083662236
3/23/2023 19:00,0.083662236
3/23/2023 19:15,0.092639937
3/23/2023 19:30,0.083662236
3/23/2023 19:45,0.083662236
3/23/2023 20:00,0.083662236
3/23/2023 20:15,0.085154597
3/23/2023 20:30,0.088159936
3/23/2023 20:45,0.083662236
3/23/2023 21:00,0.092639937
3/23/2023 21:15,0.092639937
3/23/2023 21:30,0.083662236
3/23/2023 21:45,0.092639937
3/23/2023 22:00,0.092639937
3/23/2023 22:15,0.092639937
3/23/2023 22:30,0.092639937
3/23/2023 22:45,0.088159936
3/23/2023 23:00,0.092639937
3/23/2023 23:15,0.092639937
3/23/2023 23:30,0.100083913
3/23/2023 23:45,0.095628543
3/24/2023 0:00,0.100083913
3/24/2023 0:15,0.088159936
3/24/2023 0:30,0.095628543
3/24/2023 0:45,0.098608042
3/24/2023 1:00,0.104527414
3/24/2023 1:15,0.095628543
3/24/2023 1:30,0.091130345
3/24/2023 1:45,0.094122293
3/24/2023 2:00,0.094122293
3/24/2023 2:15,0.091130345
3/24/2023 2:30,0.094122293
3/24/2023 2:45,0.091155945
3/24/2023 3:00,0.089672875
3/24/2023 3:15,0.082170757
3/24/2023 3:30,0.091155945
3/24/2023 3:45,0.086670961
3/24/2023 4:00,0.086670961
3/24/2023 4:15,0.094122293
3/24/2023 4:30,0.094122293
3/24/2023 4:45,0.105994446
3/24/2023 5:00,0.094122293
3/24/2023 5:15,0.094122293
3/24/2023 5:30,0.094122293
3/24/2023 5:45,0.098582581
3/24/2023 6:00,0.098582581
3/24/2023 6:15,0.098582581
3/24/2023 6:30,0.097107638
3/24/2023 6:45,0.097107638
3/24/2023 7:00,0.089647247
3/24/2023 7:15,0.094122293
3/24/2023 7:30,0.089647247
3/24/2023 7:45,0.085154597
3/24/2023 8:00,0.086645274
3/24/2023 8:15,0.091130345
3/24/2023 8:30,0.089647247
3/24/2023 8:45,0.091130345
3/24/2023 9:00,0.083662236
3/24/2023 9:15,0.083662236
3/24/2023 9:30,0.077652465
3/24/2023 9:45,0.074625454
3/24/2023 10:00,0.074625454
3/24/2023 10:15,0.082170757
3/24/2023 10:30,0.067035581
3/24/2023 10:45,0.067035581
3/24/2023 11:00,0.063980557
3/24/2023 11:15,0.054799127
3/24/2023 11:30,0.071588696
3/24/2023 11:45,0.070080612
3/24/2023 12:00,0.074625454
3/24/2023 12:15,0.070080612
3/24/2023 12:30,0.059425931
3/24/2023 12:45,0.064006699
3/24/2023 13:00,0.062489504
3/24/2023 13:15,0.070080612
3/24/2023 13:30,0.070080612
3/24/2023 13:45,0.077652465
3/24/2023 14:00,0.089647247
3/24/2023 14:15,0.070080612
3/24/2023 14:30,0.070080612
3/24/2023 14:45,0.070080612
3/24/2023 15:00,0.073120953
3/24/2023 15:15,0.073120953
3/24/2023 15:30,0.077652465
3/24/2023 15:45,0.082170757
3/24/2023 16:00,0.085154597
3/24/2023 16:15,0.077652465
3/24/2023 16:30,0.070080612
3/24/2023 16:45,0.080649196
3/24/2023 17:00,0.085154597
3/24/2023 17:15,0.082170757
3/24/2023 17:30,0.085154597
3/24/2023 17:45,0.082170757
3/24/2023 18:00,0.080675001
3/24/2023 18:15,0.085180312
3/24/2023 18:30,0.089672875
3/24/2023 18:45,0.080675001
3/24/2023 19:00,0.088159936
3/24/2023 19:15,0.085154597
3/24/2023 19:30,0.085154597
3/24/2023 19:45,0.085154597
3/24/2023 20:00,0.085154597
3/24/2023 20:15,0.089647247
3/24/2023 20:30,0.089647247
3/24/2023 20:45,0.092639937
3/24/2023 21:00,0.085180312
3/24/2023 21:15,0.085154597
3/24/2023 21:30,0.094122293
3/24/2023 21:45,0.085154597
3/24/2023 22:00,0.089647247
3/24/2023 22:15,0.085154597
3/24/2023 22:30,0.085154597
3/24/2023 22:45,0.089647247
3/24/2023 23:00,0.080649196
3/24/2023 23:15,0.085154597
3/24/2023 23:30,0.082170757
3/24/2023 23:45,0.085180312
3/25/2023 0:00,0.080675001
3/25/2023 0:15,0.089647247
3/25/2023 0:30,0.085154597
3/25/2023 0:45,0.094122293
3/25/2023 1:00,0.094122293
3/25/2023 1:15,0.089647247
3/25/2023 1:30,0.089647247
3/25/2023 1:45,0.098582581
3/25/2023 2:00,0.085154597
3/25/2023 2:15,0.089647247
3/25/2023 2:30,0.085154597
3/25/2023 2:45,0.089647247
3/25/2023 3:00,0.094122293
3/25/2023 3:15,0.089647247
3/25/2023 3:30,0.094122293
3/25/2023 3:45,0.094122293
3/25/2023 4:00,0.092639937
3/25/2023 4:15,0.094147837
3/25/2023 4:30,0.094147837
3/25/2023 4:45,0.094147837
3/25/2023 5:00,0.098608042
3/25/2023 5:15,0.097107638
3/25/2023 5:30,0.097107638
3/25/2023 5:45,0.094122293
3/25/2023 6:00,0.094122293
3/25/2023 6:15,0.089647247
3/25/2023 6:30,0.089647247
3/25/2023 6:45,0.098582581
3/25/2023 7:00,0.085154597
3/25/2023 7:15,0.089647247
3/25/2023 7:30,0.085154597
3/25/2023 7:45,0.089647247
3/25/2023 8:00,0.06706166
3/25/2023 8:15,0.062489504
3/25/2023 8:30,0.064006699
3/25/2023 8:45,0.070080612
3/25/2023 9:00,0.074625454
3/25/2023 9:15,0.079151694
3/25/2023 9:30,0.067035581
3/25/2023 9:45,0.059399691
3/25/2023 10:00,0.067035581
3/25/2023 10:15,0.064006699
3/25/2023 10:30,0.06706166
3/25/2023 10:45,0.062489504
3/25/2023 11:00,0.064006699
3/25/2023 11:15,0.070080612
3/25/2023 11:30,0.074625454
3/25/2023 11:45,0.077652465
3/25/2023 12:00,0.082170757
3/25/2023 12:15,0.079151694
3/25/2023 12:30,0.067035581
3/25/2023 12:45,0.059399691
3/25/2023 13:00,0.067035581
3/25/2023 13:15,0.062463329
3/25/2023 13:30,0.057876842
3/25/2023 13:45,0.057876842
3/25/2023 14:00,0.062463329
3/25/2023 14:15,0.067035581
3/25/2023 14:30,0.062463329
3/25/2023 14:45,0.077626602
3/25/2023 15:00,0.082144984
3/25/2023 15:15,0.077626602
3/25/2023 15:30,0.070080612
3/25/2023 15:45,0.079151694
3/25/2023 16:00,0.074625454
3/25/2023 16:15,0.062489504
3/25/2023 16:30,0.077626602
3/25/2023 16:45,0.077626602
3/25/2023 17:00,0.074625454
3/25/2023 17:15,0.085154597
3/25/2023 17:30,0.082170757
3/25/2023 17:45,0.082170757
3/25/2023 18:00,0.086670961
3/25/2023 18:15,0.085154597
3/25/2023 18:30,0.082170757
3/25/2023 18:45,0.089647247
3/25/2023 19:00,0.085154597
3/25/2023 19:15,0.094122293
3/25/2023 19:30,0.094122293
3/25/2023 19:45,0.089647247
3/25/2023 20:00,0.101558202
3/25/2023 20:15,0.089672875
3/25/2023 20:30,0.094147837
3/25/2023 20:45,0.092639937
3/25/2023 21:00,0.089672875
3/25/2023 21:15,0.089647247
3/25/2023 21:30,0.089647247
3/25/2023 21:45,0.089647247
3/25/2023 22:00,0.094122293
3/25/2023 22:15,0.089647247
3/25/2023 22:30,0.091130345
3/25/2023 22:45,0.101558202
3/25/2023 23:00,0.094122293
3/25/2023 23:15,0.094122293
3/25/2023 23:30,0.089672875
3/25/2023 23:45,0.086670961
3/26/2023 0:00,0.094122293
3/26/2023 0:15,0.094122293
3/26/2023 0:30,0.089647247
3/26/2023 0:45,0.094122293
3/26/2023 1:00,0.089647247
3/26/2023 1:15,0.098608042
3/26/2023 1:30,0.101558202
3/26/2023 1:45,0.094147837
3/26/2023 2:00,0.097107638
3/26/2023 2:15,0.097107638
3/26/2023 2:30,0.092639937
3/26/2023 2:45,0.097107638
3/26/2023 3:00,0.094122293
3/26/2023 3:15,0.089647247
3/26/2023 3:30,0.092639937
3/26/2023 3:45,0.097107638
3/26/2023 4:00,0.094122293
3/26/2023 4:15,0.094122293
3/26/2023 4:30,0.094122293
3/26/2023 4:45,0.094122293
3/26/2023 5:00,0.097107638
3/26/2023 5:15,0.092639937
3/26/2023 5:30,0.101558202
3/26/2023 5:45,0.092639937
3/26/2023 6:00,0.094147837
3/26/2023 6:15,0.094147837
3/26/2023 6:30,0.101558202
3/26/2023 6:45,0.101558202
3/26/2023 7:00,0.101558202
3/26/2023 7:15,0.101558202
3/26/2023 7:30,0.097107638
3/26/2023 7:45,0.098582581
3/26/2023 8:00,0.094122293
3/26/2023 8:15,0.085154597
3/26/2023 8:30,0.086645274
3/26/2023 8:45,0.086645274
3/26/2023 9:00,0.094122293
3/26/2023 9:15,0.086645274
3/26/2023 9:30,0.086645274
3/26/2023 9:45,0.074625454
3/26/2023 10:00,0.074625454
3/26/2023 10:15,0.074625454
3/26/2023 10:30,0.070080612
3/26/2023 10:45,0.077652465
3/26/2023 11:00,0.074625454
3/26/2023 11:15,0.067035581
3/26/2023 11:30,0.062463329
3/26/2023 11:45,0.067035581
3/26/2023 12:00,0.070080612
3/26/2023 12:15,0.067035581
3/26/2023 12:30,0.062463329
3/26/2023 12:45,0.067035581
3/26/2023 13:00,0.067035581
3/26/2023 13:15,0.070080612
3/26/2023 13:30,0.067035581
3/26/2023 13:45,0.070080612
3/26/2023 14:00,0.063980557
3/26/2023 14:15,0.067035581
3/26/2023 14:30,0.079151694
3/26/2023 14:45,0.074625454
3/26/2023 15:00,0.074625454
3/26/2023 15:15,0.074625454
3/26/2023 15:30,0.074625454
3/26/2023 15:45,0.065522054
3/26/2023 16:00,0.079151694
3/26/2023 16:15,0.070080612
3/26/2023 16:30,0.070080612
3/26/2023 16:45,0.074625454
3/26/2023 17:00,0.074625454
3/26/2023 17:15,0.079151694
3/26/2023 17:30,0.079151694
3/26/2023 17:45,0.074625454
3/26/2023 18:00,0.086670961
3/26/2023 18:15,0.079151694
3/26/2023 18:30,0.077652465
3/26/2023 18:45,0.082170757
3/26/2023 19:00,0.079151694
3/26/2023 19:15,0.085180312
3/26/2023 19:30,0.086670961
3/26/2023 19:45,0.079151694
3/26/2023 20:00,0.085180312
3/26/2023 20:15,0.086670961
3/26/2023 20:30,0.091155945
3/26/2023 20:45,0.086670961
3/26/2023 21:00,0.086645274
3/26/2023 21:15,0.095603027
3/26/2023 21:30,0.082144984
3/26/2023 21:45,0.086645274
3/26/2023 22:00,0.086645274
3/26/2023 22:15,0.094122293
3/26/2023 22:30,0.095603027
3/26/2023 22:45,0.091130345
3/26/2023 23:00,0.100058481
3/26/2023 23:15,0.091130345
3/26/2023 23:30,0.088159936
3/26/2023 23:45,0.091130345
3/27/2023 0:00,0.094122293
3/27/2023 0:15,0.094122293
3/27/2023 0:30,0.098582581
3/27/2023 0:45,0.095628543
3/27/2023 1:00,0.095628543
3/27/2023 1:15,0.095628543
3/27/2023 1:30,0.083662236
3/27/2023 1:45,0.086670961
3/27/2023 2:00,0.091155945
3/27/2023 2:15,0.091155945
3/27/2023 2:30,0.091155945
3/27/2023 2:45,0.083662236
3/27/2023 3:00,0.091130345
3/27/2023 3:15,0.086645274
3/27/2023 3:30,0.095603027
3/27/2023 3:45,0.086645274
3/27/2023 4:00,0.088159936
3/27/2023 4:15,0.091155945
3/27/2023 4:30,0.082170757
3/27/2023 4:45,0.088159936
3/27/2023 5:00,0.095628543
3/27/2023 5:15,0.095628543
3/27/2023 5:30,0.104527414
3/27/2023 5:45,0.092639937
3/27/2023 6:00,0.092639937
3/27/2023 6:15,0.092639937
3/27/2023 6:30,0.092639937
3/27/2023 6:45,0.092639937
3/27/2023 7:00,0.088159936
3/27/2023 7:15,0.085180312
3/27/2023 7:30,0.080649196
3/27/2023 7:45,0.083662236
3/27/2023 8:00,0.080649196
3/27/2023 8:15,0.076125606
3/27/2023 8:30,0.082170757
3/27/2023 8:45,0.080649196
3/27/2023 9:00,0.085180312
3/27/2023 9:15,0.085180312
3/27/2023 9:30,0.085180312
3/27/2023 9:45,0.073120953
3/27/2023 10:00,0.073120953
3/27/2023 10:15,0.06706166
3/27/2023 10:30,0.060944251
3/27/2023 10:45,0.053296913
3/27/2023 11:00,0.060944251
3/27/2023 11:15,0.062463329
3/27/2023 11:30,0.068544686
3/27/2023 11:45,0.070080612
3/27/2023 12:00,0.070080612
3/27/2023 12:15,0.082170757
3/27/2023 12:30,0.062463329
3/27/2023 12:45,0.062463329
3/27/2023 13:00,0.062463329
3/27/2023 13:15,0.062463329
3/27/2023 13:30,0.053270542
3/27/2023 13:45,0.057876842
3/27/2023 14:00,0.059425931
3/27/2023 14:15,0.059425931
3/27/2023 14:30,0.064006699
3/27/2023 14:45,0.071588696
3/27/2023 15:00,0.074625454
3/27/2023 15:15,0.074625454
3/27/2023 15:30,0.071588696
3/27/2023 15:45,0.074625454
3/27/2023 16:00,0.067035581
3/27/2023 16:15,0.062489504
3/27/2023 16:30,0.06706166
3/27/2023 16:45,0.057903114
3/27/2023 17:00,0.059425931
3/27/2023 17:15,0.054799127
3/27/2023 17:30,0.070080612
3/27/2023 17:45,0.076125606
3/27/2023 18:00,0.079151694
3/27/2023 18:15,0.083662236
3/27/2023 18:30,0.080649196
3/27/2023 18:45,0.088159936
3/27/2023 19:00,0.085180312
3/27/2023 19:15,0.079151694
3/27/2023 19:30,0.083662236
3/27/2023 19:45,0.092639937
3/27/2023 20:00,0.088159936
3/27/2023 20:15,0.097107638
3/27/2023 20:30,0.092639937
3/27/2023 20:45,0.097107638
3/27/2023 21:00,0.085154597
3/27/2023 21:15,0.097107638
3/27/2023 21:30,0.101558202
3/27/2023 21:45,0.094147837
3/27/2023 22:00,0.100058481
3/27/2023 22:15,0.092639937
3/27/2023 22:30,0.097107638
3/27/2023 22:45,0.097107638
3/27/2023 23:00,0.101558202
3/27/2023 23:15,0.108928951
3/27/2023 23:30,0.108928951
3/27/2023 23:45,0.083662236
3/28/2023 0:00,0.092639937
3/28/2023 0:15,0.088159936
3/28/2023 0:30,0.097107638
3/28/2023 0:45,0.092639937
3/28/2023 1:00,0.097107638
3/28/2023 1:15,0.085154597
3/28/2023 1:30,0.097107638
3/28/2023 1:45,0.101558202
3/28/2023 2:00,0.094147837
3/28/2023 2:15,0.100058481
3/28/2023 2:30,0.092639937
3/28/2023 2:45,0.071588696
3/28/2023 3:00,0.074625454
3/28/2023 3:15,0.074625454
3/28/2023 3:30,0.071588696
3/28/2023 3:45,0.074625454
3/28/2023 4:00,0.067035581
3/28/2023 4:15,0.062489504
3/28/2023 4:30,0.06706166
3/28/2023 4:45,0.057903114
3/28/2023 5:00,0.059425931
3/28/2023 5:15,0.054799127
3/28/2023 5:30,0.070080612
3/28/2023 5:45,0.076125606
3/28/2023 6:00,0.079151694
3/28/2023 6:15,0.076125606
3/28/2023 6:30,0.082170757
3/28/2023 6:45,0.080649196
3/28/2023 7:00,0.085180312
3/28/2023 7:15,0.085180312
3/28/2023 7:30,0.085180312
3/28/2023 7:45,0.073120953
3/28/2023 8:00,0.073120953
3/28/2023 8:15,0.06706166
3/28/2023 8:30,0.060944251
3/28/2023 8:45,0.053296913
3/28/2023 9:00,0.060944251
3/28/2023 9:15,0.062463329
3/28/2023 9:30,0.068544686
3/28/2023 9:45,0.070080612
3/28/2023 10:00,0.076125606
3/28/2023 10:15,0.082170757
3/28/2023 10:30,0.080649196
3/28/2023 10:45,0.085180312
3/28/2023 11:00,0.085180312
3/28/2023 11:15,0.085180312
3/28/2023 11:30,0.073120953
3/28/2023 11:45,0.073120953
3/28/2023 12:00,0.06706166
3/28/2023 12:15,0.060944251
3/28/2023 12:30,0.053296913
3/28/2023 12:45,0.060944251
3/28/2023 13:00,0.062463329
3/28/2023 13:15,0.068544686
3/28/2023 13:30,0.070080612
3/28/2023 13:45,0.070080612
3/28/2023 14:00,0.056352105
3/28/2023 14:15,0.053270542
3/28/2023 14:30,0.05174267
3/28/2023 14:45,0.063980557
3/28/2023 15:00,0.056352105
3/28/2023 15:15,0.053296913
3/28/2023 15:30,0.059425931
3/28/2023 15:45,0.064006699
3/28/2023 16:00,0.056352105
3/28/2023 16:15,0.050210221
3/28/2023 16:30,0.054825466
3/28/2023 16:45,0.064006699
3/28/2023 17:00,0.059425931
3/28/2023 17:15,0.064006699
3/28/2023 17:30,0.064006699
3/28/2023 17:45,0.064006699
3/28/2023 18:00,0.059425931
3/28/2023 18:15,0.059425931
3/28/2023 18:30,0.054825466
3/28/2023 18:45,0.057876842
3/28/2023 19:00,0.062463329
3/28/2023 19:15,0.067035581
3/28/2023 19:30,0.071588696
3/28/2023 19:45,0.070080612
3/28/2023 20:00,0.071588696
3/28/2023 20:15,0.070080612
3/28/2023 20:30,0.063980557
3/28/2023 20:45,0.071588696
3/28/2023 21:00,0.067035581
3/28/2023 21:15,0.062463329
3/28/2023 21:30,0.062463329
3/28/2023 21:45,0.062463329
3/28/2023 22:00,0.071588696
3/28/2023 22:15,0.062463329
3/28/2023 22:30,0.071588696
3/28/2023 22:45,0.067035581
3/28/2023 23:00,0.070080612
3/28/2023 23:15,0.067035581
3/28/2023 23:30,0.067035581
3/28/2023 23:45,0.063980557
3/29/2023 0:00,0.070080612
3/29/2023 0:15,0.067035581
3/29/2023 0:30,0.071588696
3/29/2023 0:45,0.067035581
3/29/2023 1:00,0.079151694
3/29/2023 1:15,0.071588696
3/29/2023 1:30,0.062463329
3/29/2023 1:45,0.065522054
3/29/2023 2:00,0.070080612
3/29/2023 2:15,0.06706166
3/29/2023 2:30,0.074625454
3/29/2023 2:45,0.062463329
3/29/2023 3:00,0.067035581
3/29/2023 3:15,0.070080612
3/29/2023 3:30,0.065522054
3/29/2023 3:45,0.067035581
3/29/2023 4:00,0.073120953
3/29/2023 4:15,0.077652465
3/29/2023 4:30,0.073120953
3/29/2023 4:45,0.074625454
3/29/2023 5:00,0.079151694
3/29/2023 5:15,0.079151694
3/29/2023 5:30,0.082170757
3/29/2023 5:45,0.082170757
3/29/2023 6:00,0.077652465
3/29/2023 6:15,0.077652465
3/29/2023 6:30,0.077652465
3/29/2023 6:45,0.077652465
3/29/2023 7:00,0.091155945
3/29/2023 7:15,0.073120953
3/29/2023 7:30,0.074625454
3/29/2023 7:45,0.082170757
3/29/2023 8:00,0.074625454
3/29/2023 8:15,0.070080612
3/29/2023 8:30,0.070080612
3/29/2023 8:45,0.065522054
3/29/2023 9:00,0.070080612
3/29/2023 9:15,0.065522054
3/29/2023 9:30,0.057876842
3/29/2023 9:45,0.059425931
3/29/2023 10:00,0.054825466
3/29/2023 10:15,0.050210221
3/29/2023 10:30,0.050210221
3/29/2023 10:45,0.045574569
3/29/2023 11:00,0.045574569
3/29/2023 11:15,0.050210221
3/29/2023 11:30,0.050210221
3/29/2023 11:45,0.053270542
3/29/2023 12:00,0.054799127
3/29/2023 12:15,0.057876842
3/29/2023 12:30,0.047112947
3/29/2023 12:45,0.045548027
3/29/2023 13:00,0.050183782
3/29/2023 13:15,0.050183782
3/29/2023 13:30,0.042467872
3/29/2023 13:45,0.050210221
3/29/2023 14:00,0.050210221
3/29/2023 14:15,0.050210221
3/29/2023 14:30,0.04867582
3/29/2023 14:45,0.053296913
3/29/2023 15:00,0.056352105
3/29/2023 15:15,0.053270542
3/29/2023 15:30,0.057876842
3/29/2023 15:45,0.060944251
3/29/2023 16:00,0.045548027
3/29/2023 16:15,0.056352105
3/29/2023 16:30,0.057876842
3/29/2023 16:45,0.060944251
3/29/2023 17:00,0.05174267
3/29/2023 17:15,0.060944251
3/29/2023 17:30,0.060944251
3/29/2023 17:45,0.068544686
3/29/2023 18:00,0.068544686
3/29/2023 18:15,0.076125606
3/29/2023 18:30,0.068544686
3/29/2023 18:45,0.065522054
3/29/2023 19:00,0.073120953
3/29/2023 19:15,0.080675001
3/29/2023 19:30,0.0761515
3/29/2023 19:45,0.0761515
3/29/2023 20:00,0.0761515
3/29/2023 20:15,0.077652465
3/29/2023 20:30,0.077652465
3/29/2023 20:45,0.068570735
3/29/2023 21:00,0.068570735
3/29/2023 21:15,0.068570735
3/29/2023 21:30,0.068570735
3/29/2023 21:45,0.06706166
3/29/2023 22:00,0.071614682
3/29/2023 22:15,0.068570735
3/29/2023 22:30,0.071614682
3/29/2023 22:45,0.064006699
3/29/2023 23:00,0.064006699
3/29/2023 23:15,0.067035581
3/29/2023 23:30,0.064006699
3/29/2023 23:45,0.067035581
3/30/2023 0:00,0.076125606
3/30/2023 0:15,0.067035581
3/30/2023 0:30,0.068544686
3/30/2023 0:45,0.063980557
3/30/2023 1:00,0.067035581
3/30/2023 1:15,0.062463329
3/30/2023 1:30,0.067035581
3/30/2023 1:45,0.062463329
3/30/2023 2:00,0.057876842
3/30/2023 2:15,0.071588696
3/30/2023 2:30,0.059425931
3/30/2023 2:45,0.071614682
3/30/2023 3:00,0.071588696
3/30/2023 3:15,0.062463329
3/30/2023 3:30,0.065522054
3/30/2023 3:45,0.062463329
3/30/2023 4:00,0.057876842
3/30/2023 4:15,0.057903114
3/30/2023 4:30,0.062489504
3/30/2023 4:45,0.056352105
3/30/2023 5:00,0.070080612
3/30/2023 5:15,0.065522054
3/30/2023 5:30,0.065522054
3/30/2023 5:45,0.060944251
3/30/2023 6:00,0.070080612
3/30/2023 6:15,0.065522054
3/30/2023 6:30,0.070080612
3/30/2023 6:45,0.065522054
3/30/2023 7:00,0.065522054
3/30/2023 7:15,0.060944251
3/30/2023 7:30,0.062463329
3/30/2023 7:45,0.065522054
3/30/2023 8:00,0.065522054
3/30/2023 8:15,0.062463329
3/30/2023 8:30,0.062463329
3/30/2023 8:45,0.057876842
3/30/2023 9:00,0.057876842
3/30/2023 9:15,0.060944251
3/30/2023 9:30,0.057876842
3/30/2023 9:45,0.053270542
3/30/2023 10:00,0.057876842
3/30/2023 10:15,0.057876842
3/30/2023 10:30,0.048649348
3/30/2023 10:45,0.057876842
3/30/2023 11:00,0.053270542
3/30/2023 11:15,0.045548027
3/30/2023 11:30,0.053270542
3/30/2023 11:45,0.060944251
3/30/2023 12:00,0.065522054
3/30/2023 12:15,0.060944251
3/30/2023 12:30,0.053296913
3/30/2023 12:45,0.053270542
3/30/2023 13:00,0.053270542
3/30/2023 13:15,0.057876842
3/30/2023 13:30,0.056352105
3/30/2023 13:45,0.060944251
3/30/2023 14:00,0.056352105
3/30/2023 14:15,0.060944251
3/30/2023 14:30,0.056352105
3/30/2023 14:45,0.05174267
3/30/2023 15:00,0.054825466
3/30/2023 15:15,0.059425931
3/30/2023 15:30,0.059425931
3/30/2023 15:45,0.06706166
3/30/2023 16:00,0.068570735
3/30/2023 16:15,0.054825466
3/30/2023 16:30,0.059425931
3/30/2023 16:45,0.059425931
3/30/2023 17:00,0.059425931
3/30/2023 17:15,0.068570735
3/30/2023 17:30,0.063980557
3/30/2023 17:45,0.064006699
3/30/2023 18:00,0.076125606
3/30/2023 18:15,0.068544686
3/30/2023 18:30,0.076125606
3/30/2023 18:45,0.071588696
3/30/2023 19:00,0.076125606
3/30/2023 19:15,0.079151694
3/30/2023 19:30,0.076125606
3/30/2023 19:45,0.076125606
3/30/2023 20:00,0.080649196
3/30/2023 20:15,0.083662236
3/30/2023 20:30,0.080675001
3/30/2023 20:45,0.085180312
3/30/2023 21:00,0.085180312
3/30/2023 21:15,0.080649196
3/30/2023 21:30,0.080675001
3/30/2023 21:45,0.088159936
3/30/2023 22:00,0.073120953
3/30/2023 22:15,0.085154597
3/30/2023 22:30,0.076125606
3/30/2023 22:45,0.080649196
3/30/2023 23:00,0.085154597
3/30/2023 23:15,0.080649196
3/30/2023 23:30,0.085154597
3/30/2023 23:45,0.076125606
3/31/2023 0:00,0.080649196
3/31/2023 0:15,0.080649196
3/31/2023 0:30,0.089647247
3/31/2023 0:45,0.085154597
3/31/2023 1:00,0.083662236
3/31/2023 1:15,0.080675001
3/31/2023 1:30,0.080675001
3/31/2023 1:45,0.080675001
3/31/2023 2:00,0.085180312
3/31/2023 2:15,0.088159936
3/31/2023 2:30,0.088159936
3/31/2023 2:45,0.092639937
3/31/2023 3:00,0.088159936
3/31/2023 3:15,0.088159936
3/31/2023 3:30,0.079151694
3/31/2023 3:45,0.088159936
3/31/2023 4:00,0.088159936
3/31/2023 4:15,0.085180312
3/31/2023 4:30,0.083662236
3/31/2023 4:45,0.097107638
3/31/2023 5:00,0.080675001
3/31/2023 5:15,0.088159936
3/31/2023 5:30,0.092639937
3/31/2023 5:45,0.089647247
3/31/2023 6:00,0.085154597
3/31/2023 6:15,0.094122293
3/31/2023 6:30,0.092639937
3/31/2023 6:45,0.089672875
3/31/2023 7:00,0.089647247
3/31/2023 7:15,0.085154597
3/31/2023 7:30,0.085154597
3/31/2023 7:45,0.083662236
3/31/2023 8:00,0.082170757
3/31/2023 8:15,0.082170757
3/31/2023 8:30,0.086645274
3/31/2023 8:45,0.070080612
3/31/2023 9:00,0.076125606
3/31/2023 9:15,0.076125606
3/31/2023 9:30,0.076125606
3/31/2023 9:45,0.079151694
3/31/2023 10:00,0.06706166
3/31/2023 10:15,0.065522054
3/31/2023 10:30,0.068544686
3/31/2023 10:45,0.065522054
3/31/2023 11:00,0.060944251
3/31/2023 11:15,0.060944251
3/31/2023 11:30,0.063980557
3/31/2023 11:45,0.065522054
3/31/2023 12:00,0.068570735
3/31/2023 12:15,0.064006699
3/31/2023 12:30,0.056352105
3/31/2023 12:45,0.060944251
3/31/2023 13:00,0.056352105
3/31/2023 13:15,0.060944251
3/31/2023 13:30,0.065522054
3/31/2023 13:45,0.060944251
3/31/2023 14:00,0.065522054
3/31/2023 14:15,0.062463329
3/31/2023 14:30,0.062463329
3/31/2023 14:45,0.064006699
3/31/2023 15:00,0.073120953
3/31/2023 15:15,0.073120953
3/31/2023 15:30,0.073120953
3/31/2023 15:45,0.074625454
3/31/2023 16:00,0.060944251
3/31/2023 16:15,0.056352105
3/31/2023 16:30,0.054825466
3/31/2023 16:45,0.057876842
3/31/2023 17:00,0.057876842
3/31/2023 17:15,0.065522054
3/31/2023 17:30,0.070080612
3/31/2023 17:45,0.062463329
3/31/2023 18:00,0.074625454
3/31/2023 18:15,0.074625454
3/31/2023 18:30,0.079151694
3/31/2023 18:45,0.070080612
3/31/2023 19:00,0.071588696
3/31/2023 19:15,0.070080612
3/31/2023 19:30,0.074625454
3/31/2023 19:45,0.074625454
3/31/2023 20:00,0.079151694
3/31/2023 20:15,0.079151694
3/31/2023 20:30,0.076125606
3/31/2023 20:45,0.074625454
3/31/2023 21:00,0.088159936
3/31/2023 21:15,0.076125606
3/31/2023 21:30,0.088159936
3/31/2023 21:45,0.083662236
3/31/2023 22:00,0.079151694
3/31/2023 22:15,0.080675001
3/31/2023 22:30,0.079151694
3/31/2023 22:45,0.079151694
3/31/2023 23:00,0.0761515
3/31/2023 23:15,0.073120953
3/31/2023 23:30,0.080649196
3/31/2023 23:45,0.079151694
4/1/2023 0:00,0.076125606
4/1/2023 0:15,0.073120953
4/1/2023 0:30,0.076125606
4/1/2023 0:45,0.080649196
4/1/2023 1:00,0.076125606
4/1/2023 1:15,0.085154597
4/1/2023 1:30,0.071588696
4/1/2023 1:45,0.085154597
4/1/2023 2:00,0.089647247
4/1/2023 2:15,0.085154597
4/1/2023 2:30,0.088159936
4/1/2023 2:45,0.079151694
4/1/2023 3:00,0.080649196
4/1/2023 3:15,0.085154597
4/1/2023 3:30,0.088159936
4/1/2023 3:45,0.088159936
4/1/2023 4:00,0.095603027
4/1/2023 4:15,0.091130345
4/1/2023 4:30,0.091130345
4/1/2023 4:45,0.085180312
4/1/2023 5:00,0.083662236
4/1/2023 5:15,0.088159936
4/1/2023 5:30,0.088159936
4/1/2023 5:45,0.085180312
4/1/2023 6:00,0.085180312
4/1/2023 6:15,0.088159936
4/1/2023 6:30,0.088159936
4/1/2023 6:45,0.091130345
4/1/2023 7:00,0.085180312
4/1/2023 7:15,0.092639937
4/1/2023 7:30,0.089647247
4/1/2023 7:45,0.080649196
4/1/2023 8:00,0.080649196
4/1/2023 8:15,0.085154597
4/1/2023 8:30,0.073094997
4/1/2023 8:45,0.071588696
4/1/2023 9:00,0.076125606
4/1/2023 9:15,0.077652465
4/1/2023 9:30,0.068570735
4/1/2023 9:45,0.059425931
4/1/2023 10:00,0.056352105
4/1/2023 10:15,0.053270542
4/1/2023 10:30,0.056352105
4/1/2023 10:45,0.060944251
4/1/2023 11:00,0.057876842
4/1/2023 11:15,0.060944251
4/1/2023 11:30,0.056352105
4/1/2023 11:45,0.05174267
4/1/2023 12:00,0.05174267
4/1/2023 12:15,0.056352105
4/1/2023 12:30,0.060944251
4/1/2023 12:45,0.053270542
4/1/2023 13:00,0.048649348
4/1/2023 13:15,0.05174267
4/1/2023 13:30,0.056352105
4/1/2023 13:45,0.059399691
4/1/2023 14:00,0.063980557
4/1/2023 14:15,0.060944251
4/1/2023 14:30,0.060944251
4/1/2023 14:45,0.059425931
4/1/2023 15:00,0.059425931
4/1/2023 15:15,0.056352105
4/1/2023 15:30,0.054825466
4/1/2023 15:45,0.059425931
4/1/2023 16:00,0.056352105
4/1/2023 16:15,0.059425931
4/1/2023 16:30,0.064006699
4/1/2023 16:45,0.059425931
4/1/2023 17:00,0.064006699
4/1/2023 17:15,0.062463329
4/1/2023 17:30,0.062463329
4/1/2023 17:45,0.062463329
4/1/2023 18:00,0.067035581
4/1/2023 18:15,0.067035581
4/1/2023 18:30,0.067035581
4/1/2023 18:45,0.074625454
4/1/2023 19:00,0.083662236
4/1/2023 19:15,0.082170757
4/1/2023 19:30,0.082170757
4/1/2023 19:45,0.082170757
4/1/2023 20:00,0.079151694
4/1/2023 20:15,0.076125606
4/1/2023 20:30,0.071588696
4/1/2023 20:45,0.079151694
4/1/2023 21:00,0.074625454
4/1/2023 21:15,0.079151694
4/1/2023 21:30,0.079151694
4/1/2023 21:45,0.083662236
4/1/2023 22:00,0.079151694
4/1/2023 22:15,0.074625454
4/1/2023 22:30,0.079151694
4/1/2023 22:45,0.083662236
4/1/2023 23:00,0.083662236
4/1/2023 23:15,0.083662236
4/1/2023 23:30,0.082170757
4/1/2023 23:45,0.083662236
4/2/2023 0:00,0.079151694
4/2/2023 0:15,0.079151694
4/2/2023 0:30,0.079151694
4/2/2023 0:45,0.074625454
4/2/2023 1:00,0.079151694
4/2/2023 1:15,0.083662236
4/2/2023 1:30,0.079151694
4/2/2023 1:45,0.074625454
4/2/2023 2:00,0.079151694
4/2/2023 2:15,0.086670961
4/2/2023 2:30,0.074625454
4/2/2023 2:45,0.082170757
4/2/2023 3:00,0.073094997
4/2/2023 3:15,0.070080612
4/2/2023 3:30,0.073094997
4/2/2023 3:45,0.074625454
4/2/2023 4:00,0.074625454
4/2/2023 4:15,0.074625454
4/2/2023 4:30,0.065522054
4/2/2023 4:45,0.073120953
4/2/2023 5:00,0.073120953
4/2/2023 5:15,0.073120953
4/2/2023 5:30,0.077652465
4/2/2023 5:45,0.073120953
4/2/2023 6:00,0.077652465
4/2/2023 6:15,0.077652465
4/2/2023 6:30,0.077652465
4/2/2023 6:45,0.068570735
4/2/2023 7:00,0.073120953
4/2/2023 7:15,0.068570735
4/2/2023 7:30,0.068570735
4/2/2023 7:45,0.068570735
4/2/2023 8:00,0.065522054
4/2/2023 8:15,0.077652465
4/2/2023 8:30,0.073120953
4/2/2023 8:45,0.065522054
4/2/2023 9:00,0.070080612
4/2/2023 9:15,0.074625454
4/2/2023 9:30,0.065522054
4/2/2023 9:45,0.062489504
4/2/2023 10:00,0.057876842
4/2/2023 10:15,0.060944251
4/2/2023 10:30,0.060944251
4/2/2023 10:45,0.057876842
4/2/2023 11:00,0.062463329
4/2/2023 11:15,0.057876842
4/2/2023 11:30,0.062463329
4/2/2023 11:45,0.067035581
4/2/2023 12:00,0.067035581
4/2/2023 12:15,0.067035581
4/2/2023 12:30,0.070080612
4/2/2023 12:45,0.065522054
4/2/2023 13:00,0.062489504
4/2/2023 13:15,0.06706166
4/2/2023 13:30,0.070080612
4/2/2023 13:45,0.060944251
4/2/2023 14:00,0.070080612
4/2/2023 14:15,0.065522054
4/2/2023 14:30,0.065522054
4/2/2023 14:45,0.074625454
4/2/2023 15:00,0.068570735
4/2/2023 15:15,0.065522054
4/2/2023 15:30,0.074625454
4/2/2023 15:45,0.068570735
4/2/2023 16:00,0.068544686
4/2/2023 16:15,0.070080612
4/2/2023 16:30,0.059399691
4/2/2023 16:45,0.070080612
4/2/2023 17:00,0.068544686
4/2/2023 17:15,0.070080612
4/2/2023 17:30,0.073094997
4/2/2023 17:45,0.073094997
4/2/2023 18:00,0.070080612
4/2/2023 18:15,0.071588696
4/2/2023 18:30,0.079151694
4/2/2023 18:45,0.0761515
4/2/2023 19:00,0.080649196
4/2/2023 19:15,0.080649196
4/2/2023 19:30,0.080675001
4/2/2023 19:45,0.080675001
4/2/2023 20:00,0.083662236
4/2/2023 20:15,0.088159936
4/2/2023 20:30,0.080675001
4/2/2023 20:45,0.0761515
4/2/2023 21:00,0.083662236
4/2/2023 21:15,0.079151694
4/2/2023 21:30,0.071614682
4/2/2023 21:45,0.0761515
4/2/2023 22:00,0.080675001
4/2/2023 22:15,0.080675001
4/2/2023 22:30,0.085180312
4/2/2023 22:45,0.080675001
4/2/2023 23:00,0.089672875
4/2/2023 23:15,0.085180312
4/2/2023 23:30,0.080675001
4/2/2023 23:45,0.073120953
4/3/2023 0:00,0.080675001
4/3/2023 0:15,0.080649196
4/3/2023 0:30,0.076125606
4/3/2023 0:45,0.083662236
4/3/2023 1:00,0.083662236
4/3/2023 1:15,0.088159936
4/3/2023 1:30,0.088159936
4/3/2023 1:45,0.076125606
4/3/2023 2:00,0.080649196
4/3/2023 2:15,0.083662236
4/3/2023 2:30,0.079151694
4/3/2023 2:45,0.079151694
4/3/2023 3:00,0.0761515
4/3/2023 3:15,0.091130345
4/3/2023 3:30,0.082144984
4/3/2023 3:45,0.086645274
4/3/2023 4:00,0.083662236
4/3/2023 4:15,0.083662236
4/3/2023 4:30,0.091155945
4/3/2023 4:45,0.082170757
4/3/2023 5:00,0.083662236
4/3/2023 5:15,0.086670961
4/3/2023 5:30,0.091155945
4/3/2023 5:45,0.086670961
4/3/2023 6:00,0.077652465
4/3/2023 6:15,0.074625454
4/3/2023 6:30,0.086670961
4/3/2023 6:45,0.091155945
4/3/2023 7:00,0.088159936
4/3/2023 7:15,0.088159936
4/3/2023 7:30,0.079151694
4/3/2023 7:45,0.079151694
4/3/2023 8:00,0.083662236
4/3/2023 8:15,0.079151694
4/3/2023 8:30,0.086670961
4/3/2023 8:45,0.083662236
4/3/2023 9:00,0.079151694
4/3/2023 9:15,0.083662236
4/3/2023 9:30,0.077652465
4/3/2023 9:45,0.074625454
4/3/2023 10:00,0.080649196
4/3/2023 10:15,0.067035581
4/3/2023 10:30,0.079151694
4/3/2023 10:45,0.074625454
4/3/2023 11:00,0.076125606
4/3/2023 11:15,0.071588696
4/3/2023 11:30,0.076125606
4/3/2023 11:45,0.077652465
4/3/2023 12:00,0.074625454
4/3/2023 12:15,0.074625454
4/3/2023 12:30,0.074625454
4/3/2023 12:45,0.071614682
4/3/2023 13:00,0.074625454
4/3/2023 13:15,0.067035581
4/3/2023 13:30,0.071588696
4/3/2023 13:45,0.083662236
4/3/2023 14:00,0.077626602
4/3/2023 14:15,0.074625454
4/3/2023 14:30,0.077652465
4/3/2023 14:45,0.082170757
4/3/2023 15:00,0.085180312
4/3/2023 15:15,0.076125606
4/3/2023 15:30,0.083662236
4/3/2023 15:45,0.083662236
4/3/2023 16:00,0.097107638
4/3/2023 16:15,0.089647247
4/3/2023 16:30,0.076125606
4/3/2023 16:45,0.085180312
4/3/2023 17:00,0.085180312
4/3/2023 17:15,0.085180312
4/3/2023 17:30,0.100058481
4/3/2023 17:45,0.100058481
4/3/2023 18:00,0.083662236
4/3/2023 18:15,0.095628543
4/3/2023 18:30,0.091155945
4/3/2023 18:45,0.095628543
4/3/2023 19:00,0.088159936
4/3/2023 19:15,0.095628543
4/3/2023 19:30,0.098608042
4/3/2023 19:45,0.103056293
4/3/2023 20:00,0.103056293
4/3/2023 20:15,0.107487766
4/3/2023 20:30,0.103056293
4/3/2023 20:45,0.103056293
4/3/2023 21:00,0.103030916
4/3/2023 21:15,0.095628543
4/3/2023 21:30,0.094122293
4/3/2023 21:45,0.098582581
4/3/2023 22:00,0.103030916
4/3/2023 22:15,0.094122293
4/3/2023 22:30,0.103030916
4/3/2023 22:45,0.107462468
4/3/2023 23:00,0.103030916
4/3/2023 23:15,0.107462468
4/3/2023 23:30,0.105994446
4/3/2023 23:45,0.103056293
4/4/2023 0:00,0.105994446
4/4/2023 0:15,0.105994446
4/4/2023 0:30,0.101558202
4/4/2023 0:45,0.098582581
4/4/2023 1:00,0.098582581
4/4/2023 1:15,0.101558202
4/4/2023 1:30,0.105994446
4/4/2023 1:45,0.105994446
4/4/2023 2:00,0.105994446
4/4/2023 2:15,0.113367132
4/4/2023 2:30,0.105994446
4/4/2023 2:45,0.100083913
4/4/2023 3:00,0.104527414
4/4/2023 3:15,0.113367132
4/4/2023 3:30,0.104527414
4/4/2023 3:45,0.107487766
4/4/2023 4:00,0.111907778
4/4/2023 4:15,0.100083913
4/4/2023 4:30,0.100083913
4/4/2023 4:45,0.108954223
4/4/2023 5:00,0.111882561
4/4/2023 5:15,0.108954223
4/4/2023 5:30,0.12070178
4/4/2023 5:45,0.107487766
4/4/2023 6:00,0.113367132
4/4/2023 6:15,0.113367132
4/4/2023 6:30,0.117768898
4/4/2023 6:45,0.123606224
4/4/2023 7:00,0.125056279
4/4/2023 7:15,0.136675202
4/4/2023 7:30,0.120676717
4/4/2023 7:45,0.113367132
4/4/2023 8:00,0.116286387
4/4/2023 8:15,0.108954223
4/4/2023 8:30,0.116311528
4/4/2023 8:45,0.132332454
4/4/2023 9:00,0.116311528
4/4/2023 9:15,0.116311528
4/4/2023 9:30,0.104527414
4/4/2023 9:45,0.108954223
4/4/2023 10:00,0.108954223
4/4/2023 10:15,0.097107638
4/4/2023 10:30,0.100058481
4/4/2023 10:45,0.097107638
4/4/2023 11:00,0.108928951
4/4/2023 11:15,0.108928951
4/4/2023 11:30,0.125056279
4/4/2023 11:45,0.113341941
4/4/2023 12:00,0.108928951
4/4/2023 12:15,0.116286387
4/4/2023 12:30,0.105994446
4/4/2023 12:45,0.113341941
4/4/2023 13:00,0.101558202
4/4/2023 13:15,0.101558202
4/4/2023 13:30,0.105994446
4/4/2023 13:45,0.117768898
4/4/2023 14:00,0.105994446
4/4/2023 14:15,0.105994446
4/4/2023 14:30,0.113367132
4/4/2023 14:45,0.110419152
4/4/2023 15:00,0.117768898
4/4/2023 15:15,0.113367132
4/4/2023 15:30,0.113367132
4/4/2023 15:45,0.113367132
4/4/2023 16:00,0.110419152
4/4/2023 16:15,0.113341941
4/4/2023 16:30,0.113341941
4/4/2023 16:45,0.122154727
4/4/2023 17:00,0.110419152
4/4/2023 17:15,0.122154727
4/4/2023 17:30,0.130889534
4/4/2023 17:45,0.117768898
4/4/2023 18:00,0.122154727
4/4/2023 18:15,0.122154727
4/4/2023 18:30,0.1265049
4/4/2023 18:45,0.130864644
4/4/2023 19:00,0.123606224
4/4/2023 19:15,0.126529863
4/4/2023 19:30,0.130889534
4/4/2023 19:45,0.127974541
4/4/2023 20:00,0.127974541
4/4/2023 20:15,0.13523646
4/4/2023 20:30,0.13523646
4/4/2023 20:45,0.130889534
4/4/2023 21:00,0.135211642
4/4/2023 21:15,0.135211642
4/4/2023 21:30,0.123606224
4/4/2023 21:45,0.136675202
4/4/2023 22:00,0.136675202
4/4/2023 22:15,0.136675202
4/4/2023 22:30,0.13523646
4/4/2023 22:45,0.130889534
4/4/2023 23:00,0.136675202
4/4/2023 23:15,0.143895396
4/4/2023 23:30,0.141007961
4/4/2023 23:45,0.132332454
4/5/2023 0:00,0.133798823
4/5/2023 0:15,0.136675202
4/5/2023 0:30,0.136675202
4/5/2023 0:45,0.136675202
4/5/2023 1:00,0.141007961
4/5/2023 1:15,0.139573331
4/5/2023 1:30,0.136675202
4/5/2023 1:45,0.136675202
4/5/2023 2:00,0.136675202
4/5/2023 2:15,0.136675202
4/5/2023 2:30,0.136675202
4/5/2023 2:45,0.132332454
4/5/2023 3:00,0.133773982
4/5/2023 3:15,0.133773982
4/5/2023 3:30,0.138112574
4/5/2023 3:45,0.138112574
4/5/2023 4:00,0.129420298
4/5/2023 4:15,0.136675202
4/5/2023 4:30,0.133798823
4/5/2023 4:45,0.129445212
4/5/2023 5:00,0.138137344
4/5/2023 5:15,0.133798823
4/5/2023 5:30,0.133798823
4/5/2023 5:45,0.129420298
4/5/2023 6:00,0.129420298
4/5/2023 6:15,0.133773982
4/5/2023 6:30,0.138112574
4/5/2023 6:45,0.138112574
4/5/2023 7:00,0.138112574
4/5/2023 7:15,0.130889534
4/5/2023 7:30,0.130889534
4/5/2023 7:45,0.126529863
4/5/2023 8:00,0.126529863
4/5/2023 8:15,0.127974541
4/5/2023 8:30,0.123606224
4/5/2023 8:45,0.119224795
4/5/2023 9:00,0.119224795
4/5/2023 9:15,0.123606224
4/5/2023 9:30,0.123606224
4/5/2023 9:45,0.116286387
4/5/2023 10:00,0.104527414
4/5/2023 10:15,0.108954223
4/5/2023 10:30,0.097107638
4/5/2023 10:45,0.101558202
4/5/2023 11:00,0.097107638
4/5/2023 11:15,0.097107638
4/5/2023 11:30,0.101558202
4/5/2023 11:45,0.104527414
4/5/2023 12:00,0.101558202
4/5/2023 12:15,0.108954223
4/5/2023 12:30,0.097107638
4/5/2023 12:45,0.101558202
4/5/2023 13:00,0.097107638
4/5/2023 13:15,0.092639937
4/5/2023 13:30,0.101558202
4/5/2023 13:45,0.101558202
4/5/2023 14:00,0.101558202
4/5/2023 14:15,0.105994446
4/5/2023 14:30,0.101558202
4/5/2023 14:45,0.108954223
4/5/2023 15:00,0.12070178
4/5/2023 15:15,0.111907778
4/5/2023 15:30,0.117768898
4/5/2023 15:45,0.113367132
4/5/2023 16:00,0.108954223
4/5/2023 16:15,0.104527414
4/5/2023 16:30,0.108954223
4/5/2023 16:45,0.105994446
4/5/2023 17:00,0.110419152
4/5/2023 17:15,0.108954223
4/5/2023 17:30,0.117768898
4/5/2023 17:45,0.108954223
4/5/2023 18:00,0.117768898
4/5/2023 18:15,0.117768898
4/5/2023 18:30,0.117768898
4/5/2023 18:45,0.116286387
4/5/2023 19:00,0.113341941
4/5/2023 19:15,0.122129689
4/5/2023 19:30,0.122129689
4/5/2023 19:45,0.129420298
4/5/2023 20:00,0.133773982
4/5/2023 20:15,0.130889534
4/5/2023 20:30,0.129445212
4/5/2023 20:45,0.125081267
4/5/2023 21:00,0.129445212
4/5/2023 21:15,0.129445212
4/5/2023 21:30,0.126529863
4/5/2023 21:45,0.122129689
4/5/2023 22:00,0.130864644
4/5/2023 22:15,0.129420298
4/5/2023 22:30,0.126529863
4/5/2023 22:45,0.130889534
4/5/2023 23:00,0.13523646
4/5/2023 23:15,0.130889534
4/5/2023 23:30,0.13523646
4/5/2023 23:45,0.130889534
4/6/2023 0:00,0.13523646
4/6/2023 0:15,0.130889534
4/6/2023 0:30,0.13523646
4/6/2023 0:45,0.130889534
4/6/2023 1:00,0.130889534
4/6/2023 1:15,0.123606224
4/6/2023 1:30,0.130889534
4/6/2023 1:45,0.130889534
4/6/2023 2:00,0.130889534
4/6/2023 2:15,0.130889534
4/6/2023 2:30,0.138137344
4/6/2023 2:45,0.133798823
4/6/2023 3:00,0.138137344
4/6/2023 3:15,0.133798823
4/6/2023 3:30,0.13523646
4/6/2023 3:45,0.138137344
4/6/2023 4:00,0.133798823
4/6/2023 4:15,0.13523646
4/6/2023 4:30,0.126529863
4/6/2023 4:45,0.126529863
4/6/2023 5:00,0.126529863
4/6/2023 5:15,0.126529863
4/6/2023 5:30,0.132332454
4/6/2023 5:45,0.130864644
4/6/2023 6:00,0.130864644
4/6/2023 6:15,0.1265049
4/6/2023 6:30,0.135211642
4/6/2023 6:45,0.1265049
4/6/2023 7:00,0.13523646
4/6/2023 7:15,0.130889534
4/6/2023 7:30,0.123606224
4/6/2023 7:45,0.123606224
4/6/2023 8:00,0.123606224
4/6/2023 8:15,0.127974541
4/6/2023 8:30,0.132332454
4/6/2023 8:45,0.123606224
4/6/2023 9:00,0.113367132
4/6/2023 9:15,0.116311528
4/6/2023 9:30,0.108954223
4/6/2023 9:45,0.108954223
4/6/2023 10:00,0.094147837
4/6/2023 10:15,0.094147837
4/6/2023 10:30,0.094147837
4/6/2023 10:45,0.094147837
4/6/2023 11:00,0.094122293
4/6/2023 11:15,0.097107638
4/6/2023 11:30,0.101558202
4/6/2023 11:45,0.097107638
4/6/2023 12:00,0.098608042
4/6/2023 12:15,0.094147837
4/6/2023 12:30,0.094147837
4/6/2023 12:45,0.098608042
4/6/2023 13:00,0.089672875
4/6/2023 13:15,0.089672875
4/6/2023 13:30,0.094147837
4/6/2023 13:45,0.098608042
4/6/2023 14:00,0.094147837
4/6/2023 14:15,0.098608042
4/6/2023 14:30,0.103056293
4/6/2023 14:45,0.104527414
4/6/2023 15:00,0.105994446
4/6/2023 15:15,0.101558202
4/6/2023 15:30,0.092639937
4/6/2023 15:45,0.097107638
4/6/2023 16:00,0.101558202
4/6/2023 16:15,0.097107638
4/6/2023 16:30,0.101558202
4/6/2023 16:45,0.097107638
4/6/2023 17:00,0.105994446
4/6/2023 17:15,0.105994446
4/6/2023 17:30,0.105994446
4/6/2023 17:45,0.105994446
4/6/2023 18:00,0.110419152
4/6/2023 18:15,0.108928951
4/6/2023 18:30,0.113341941
4/6/2023 18:45,0.104502063
4/6/2023 19:00,0.113341941
4/6/2023 19:15,0.113341941
4/6/2023 19:30,0.122129689
4/6/2023 19:45,0.125056279
4/6/2023 20:00,0.117743785
4/6/2023 20:15,0.117743785
4/6/2023 20:30,0.117768898
4/6/2023 20:45,0.114827507
4/6/2023 21:00,0.110419152
4/6/2023 21:15,0.122154727
4/6/2023 21:30,0.125056279
4/6/2023 21:45,0.114827507
4/6/2023 22:00,0.114827507
4/6/2023 22:15,0.114827507
4/6/2023 22:30,0.122154727
4/6/2023 22:45,0.116286387
4/6/2023 23:00,0.126529863
4/6/2023 23:15,0.119224795
4/6/2023 23:30,0.119224795
4/6/2023 23:45,0.119224795
4/7/2023 0:00,0.114827507
4/7/2023 0:15,0.119224795
4/7/2023 0:30,0.110419152
4/7/2023 0:45,0.114827507
4/7/2023 1:00,0.119224795
4/7/2023 1:15,0.123606224
4/7/2023 1:30,0.127974541
4/7/2023 1:45,0.114827507
4/7/2023 2:00,0.119224795
4/7/2023 2:15,0.117743785
4/7/2023 2:30,0.117743785
4/7/2023 2:45,0.122154727
4/7/2023 3:00,0.126529863
4/7/2023 3:15,0.117768898
4/7/2023 3:30,0.126529863
4/7/2023 3:45,0.122154727
4/7/2023 4:00,0.129445212
4/7/2023 4:15,0.122154727
4/7/2023 4:30,0.122154727
4/7/2023 4:45,0.122154727
4/7/2023 5:00,0.117768898
4/7/2023 5:15,0.12070178
4/7/2023 5:30,0.122154727
4/7/2023 5:45,0.122154727
4/7/2023 6:00,0.129445212
4/7/2023 6:15,0.126529863
4/7/2023 6:30,0.133798823
4/7/2023 6:45,0.126529863
4/7/2023 7:00,0.125056279
4/7/2023 7:15,0.130889534
4/7/2023 7:30,0.119224795
4/7/2023 7:45,0.119224795
4/7/2023 8:00,0.117743785
4/7/2023 8:15,0.114827507
4/7/2023 8:30,0.114827507
4/7/2023 8:45,0.110419152
4/7/2023 9:00,0.119224795
4/7/2023 9:15,0.111882561
4/7/2023 9:30,0.114827507
4/7/2023 9:45,0.111882561
4/7/2023 10:00,0.100058481
4/7/2023 10:15,0.100058481
4/7/2023 10:30,0.100058481
4/7/2023 10:45,0.091130345
4/7/2023 11:00,0.098582581
4/7/2023 11:15,0.103030916
4/7/2023 11:30,0.094122293
4/7/2023 11:45,0.098582581
4/7/2023 12:00,0.098582581
4/7/2023 12:15,0.103030916
4/7/2023 12:30,0.103056293
4/7/2023 12:45,0.091155945
4/7/2023 13:00,0.107487766
4/7/2023 13:15,0.103056293
4/7/2023 13:30,0.103030916
4/7/2023 13:45,0.098582581
4/7/2023 14:00,0.098582581
4/7/2023 14:15,0.101558202
4/7/2023 14:30,0.101558202
4/7/2023 14:45,0.103030916
4/7/2023 15:00,0.114827507
4/7/2023 15:15,0.105994446
4/7/2023 15:30,0.110419152
4/7/2023 15:45,0.113341941
4/7/2023 16:00,0.108928951
4/7/2023 16:15,0.110419152
4/7/2023 16:30,0.110419152
4/7/2023 16:45,0.108954223
4/7/2023 17:00,0.113367132
4/7/2023 17:15,0.116286387
4/7/2023 17:30,0.113367132
4/7/2023 17:45,0.108954223
4/7/2023 18:00,0.113367132
4/7/2023 18:15,0.117768898
4/7/2023 18:30,0.12070178
4/7/2023 18:45,0.117768898
4/7/2023 19:00,0.117768898
4/7/2023 19:15,0.125056279
4/7/2023 19:30,0.120676717
4/7/2023 19:45,0.125056279
4/7/2023 20:00,0.129420298
4/7/2023 20:15,0.125056279
4/7/2023 20:30,0.125056279
4/7/2023 20:45,0.125056279
4/7/2023 21:00,0.127974541
4/7/2023 21:15,0.125056279
4/7/2023 21:30,0.125056279
4/7/2023 21:45,0.125056279
4/7/2023 22:00,0.120676717
4/7/2023 22:15,0.125056279
4/7/2023 22:30,0.136675202
4/7/2023 22:45,0.132332454
4/7/2023 23:00,0.136675202
4/7/2023 23:15,0.133773982
4/7/2023 23:30,0.129420298
4/7/2023 23:45,0.133773982
4/8/2023 0:00,0.129420298
4/8/2023 0:15,0.133773982
4/8/2023 0:30,0.125056279
4/8/2023 0:45,0.125056279
4/8/2023 1:00,0.129420298
4/8/2023 1:15,0.133773982
4/8/2023 1:30,0.125056279
4/8/2023 1:45,0.120676717
4/8/2023 2:00,0.125056279
4/8/2023 2:15,0.127974541
4/8/2023 2:30,0.122129689
4/8/2023 2:45,0.120676717
4/8/2023 3:00,0.125056279
4/8/2023 3:15,0.116286387
4/8/2023 3:30,0.127974541
4/8/2023 3:45,0.127974541
4/8/2023 4:00,0.129420298
4/8/2023 4:15,0.136675202
4/8/2023 4:30,0.123606224
4/8/2023 4:45,0.125056279
4/8/2023 5:00,0.120676717
4/8/2023 5:15,0.127974541
4/8/2023 5:30,0.125056279
4/8/2023 5:45,0.132332454
4/8/2023 6:00,0.133773982
4/8/2023 6:15,0.125056279
4/8/2023 6:30,0.129420298
4/8/2023 6:45,0.125056279
4/8/2023 7:00,0.125056279
4/8/2023 7:15,0.125056279
4/8/2023 7:30,0.122129689
4/8/2023 7:45,0.125056279
4/8/2023 8:00,0.120676717
4/8/2023 8:15,0.120676717
4/8/2023 8:30,0.120676717
4/8/2023 8:45,0.117768898
4/8/2023 9:00,0.113367132
4/8/2023 9:15,0.117768898
4/8/2023 9:30,0.110419152
4/8/2023 9:45,0.114827507
4/8/2023 10:00,0.105994446
4/8/2023 10:15,0.105994446
4/8/2023 10:30,0.103030916
4/8/2023 10:45,0.105994446
4/8/2023 11:00,0.110419152
4/8/2023 11:15,0.105994446
4/8/2023 11:30,0.110419152
4/8/2023 11:45,0.107462468
4/8/2023 12:00,0.105994446
4/8/2023 12:15,0.105994446
4/8/2023 12:30,0.108954223
4/8/2023 12:45,0.110419152
4/8/2023 13:00,0.105994446
4/8/2023 13:15,0.114827507
4/8/2023 13:30,0.117768898
4/8/2023 13:45,0.117768898
4/8/2023 14:00,0.110419152
4/8/2023 14:15,0.119224795
4/8/2023 14:30,0.114827507
4/8/2023 14:45,0.122129689
4/8/2023 15:00,0.1265049
4/8/2023 15:15,0.122129689
4/8/2023 15:30,0.120676717
4/8/2023 15:45,0.120676717
4/8/2023 16:00,0.125056279
4/8/2023 16:15,0.129420298
4/8/2023 16:30,0.129420298
4/8/2023 16:45,0.122154727
4/8/2023 17:00,0.125056279
4/8/2023 17:15,0.120676717
4/8/2023 17:30,0.125056279
4/8/2023 17:45,0.129420298
4/8/2023 18:00,0.129420298
4/8/2023 18:15,0.122129689
4/8/2023 18:30,0.129420298
4/8/2023 18:45,0.129420298
4/8/2023 19:00,0.129420298
4/8/2023 19:15,0.129420298
4/8/2023 19:30,0.133773982
4/8/2023 19:45,0.136675202
4/8/2023 20:00,0.133773982
4/8/2023 20:15,0.133773982
4/8/2023 20:30,0.136675202
4/8/2023 20:45,0.133773982
4/8/2023 21:00,0.136675202
4/8/2023 21:15,0.136675202
4/8/2023 21:30,0.141007961
4/8/2023 21:45,0.138137344
4/8/2023 22:00,0.145325985
4/8/2023 22:15,0.133798823
4/8/2023 22:30,0.136675202
4/8/2023 22:45,0.136675202
4/8/2023 23:00,0.129420298
4/8/2023 23:15,0.130889534
4/8/2023 23:30,0.130889534
4/8/2023 23:45,0.136675202
4/9/2023 0:00,0.136675202
4/9/2023 0:15,0.136675202
4/9/2023 0:30,0.133773982
4/9/2023 0:45,0.133773982
4/9/2023 1:00,0.133773982
4/9/2023 1:15,0.133773982
4/9/2023 1:30,0.138112574
4/9/2023 1:45,0.138112574
4/9/2023 2:00,0.138112574
4/9/2023 2:15,0.138112574
4/9/2023 2:30,0.133773982
4/9/2023 2:45,0.138112574
4/9/2023 3:00,0.129420298
4/9/2023 3:15,0.133773982
4/9/2023 3:30,0.146755249
4/9/2023 3:45,0.142438774
4/9/2023 4:00,0.145325985
4/9/2023 4:15,0.141007961
4/9/2023 4:30,0.138112574
4/9/2023 4:45,0.133773982
4/9/2023 5:00,0.138112574
4/9/2023 5:15,0.129420298
4/9/2023 5:30,0.138112574
4/9/2023 5:45,0.130864644
4/9/2023 6:00,0.138112574
4/9/2023 6:15,0.13523646
4/9/2023 6:30,0.133773982
4/9/2023 6:45,0.13523646
4/9/2023 7:00,0.139573331
4/9/2023 7:15,0.127974541
4/9/2023 7:30,0.139573331
4/9/2023 7:45,0.13523646
4/9/2023 8:00,0.135211642
4/9/2023 8:15,0.136675202
4/9/2023 8:30,0.135211642
4/9/2023 8:45,0.130864644
4/9/2023 9:00,0.127974541
4/9/2023 9:15,0.123606224
4/9/2023 9:30,0.123606224
4/9/2023 9:45,0.125056279
4/9/2023 10:00,0.127974541
4/9/2023 10:15,0.120676717
4/9/2023 10:30,0.125056279
4/9/2023 10:45,0.120676717
4/9/2023 11:00,0.125056279
4/9/2023 11:15,0.116286387
4/9/2023 11:30,0.116286387
4/9/2023 11:45,0.125056279
4/9/2023 12:00,0.125056279
4/9/2023 12:15,0.120676717
4/9/2023 12:30,0.120676717
4/9/2023 12:45,0.120676717
4/9/2023 13:00,0.113341941
4/9/2023 13:15,0.123606224
4/9/2023 13:30,0.120676717
4/9/2023 13:45,0.120676717
4/9/2023 14:00,0.127974541
4/9/2023 14:15,0.125056279
4/9/2023 14:30,0.129420298
4/9/2023 14:45,0.123606224
4/9/2023 15:00,0.127974541
4/9/2023 15:15,0.127974541
4/9/2023 15:30,0.123606224
4/9/2023 15:45,0.123606224
4/9/2023 16:00,0.127974541
4/9/2023 16:15,0.132332454
4/9/2023 16:30,0.127974541
4/9/2023 16:45,0.132332454
4/9/2023 17:00,0.136675202
4/9/2023 17:15,0.127974541
4/9/2023 17:30,0.132332454
4/9/2023 17:45,0.125056279
4/9/2023 18:00,0.13523646
4/9/2023 18:15,0.139573331
4/9/2023 18:30,0.141007961
4/9/2023 18:45,0.141007961
4/9/2023 19:00,0.141007961
4/9/2023 19:15,0.136675202
4/9/2023 19:30,0.139573331
4/9/2023 19:45,0.143895396
4/9/2023 20:00,0.143895396
4/9/2023 20:15,0.145325985
4/9/2023 20:30,0.139548582
4/9/2023 20:45,0.141007961
4/9/2023 21:00,0.136675202
4/9/2023 21:15,0.148207804
4/9/2023 21:30,0.148207804
4/9/2023 21:45,0.143895396
4/9/2023 22:00,0.145325985
4/9/2023 22:15,0.145325985
4/9/2023 22:30,0.145325985
4/9/2023 22:45,0.145325985
4/9/2023 23:00,0.145325985
4/9/2023 23:15,0.141007961
4/9/2023 23:30,0.138112574
4/9/2023 23:45,0.145325985
4/10/2023 0:00,0.148207804
4/10/2023 0:15,0.142438774
4/10/2023 0:30,0.146755249
4/10/2023 0:45,0.149631957
4/10/2023 1:00,0.142438774
4/10/2023 1:15,0.141007961
4/10/2023 1:30,0.149631957
4/10/2023 1:45,0.149631957
4/10/2023 2:00,0.149631957
4/10/2023 2:15,0.142438774
4/10/2023 2:30,0.149631957
4/10/2023 2:45,0.142438774
4/10/2023 3:00,0.145325985
4/10/2023 3:15,0.145325985
4/10/2023 3:30,0.145325985
4/10/2023 3:45,0.146755249
4/10/2023 4:00,0.146755249
4/10/2023 4:15,0.149631957
4/10/2023 4:30,0.146755249
4/10/2023 4:45,0.149631957
4/10/2023 5:00,0.145325985
4/10/2023 5:15,0.142438774
4/10/2023 5:30,0.145325985
4/10/2023 5:45,0.149631957
4/10/2023 6:00,0.141007961
4/10/2023 6:15,0.149631957
4/10/2023 6:30,0.14677988
4/10/2023 6:45,0.142463473
4/10/2023 7:00,0.146755249
4/10/2023 7:15,0.149631957
4/10/2023 7:30,0.139548582
4/10/2023 7:45,0.138112574
4/10/2023 8:00,0.142438774
4/10/2023 8:15,0.138112574
4/10/2023 8:30,0.139573331
4/10/2023 8:45,0.13523646
4/10/2023 9:00,0.142463473
4/10/2023 9:15,0.142463473
4/10/2023 9:30,0.136675202
4/10/2023 9:45,0.136675202
4/10/2023 10:00,0.127974541
4/10/2023 10:15,0.127974541
4/10/2023 10:30,0.130889534
4/10/2023 10:45,0.127974541
4/10/2023 11:00,0.130889534
4/10/2023 11:15,0.130889534
4/10/2023 11:30,0.126529863
4/10/2023 11:45,0.127974541
4/10/2023 12:00,0.123606224
4/10/2023 12:15,0.13523646
4/10/2023 12:30,0.123606224
4/10/2023 12:45,0.127974541
4/10/2023 13:00,0.13523646
4/10/2023 13:15,0.13523646
4/10/2023 13:30,0.13523646
4/10/2023 13:45,0.13523646
4/10/2023 14:00,0.129420298
4/10/2023 14:15,0.138112574
4/10/2023 14:30,0.138112574
4/10/2023 14:45,0.130864644
4/10/2023 15:00,0.130864644
4/10/2023 15:15,0.142438774
4/10/2023 15:30,0.149631957
4/10/2023 15:45,0.149631957
4/10/2023 16:00,0.151057268
4/10/2023 16:15,0.149631957
4/10/2023 16:30,0.153928524
4/10/2023 16:45,0.156794561
4/10/2023 17:00,0.153928524
4/10/2023 17:15,0.161069306
4/10/2023 17:30,0.153928524
4/10/2023 17:45,0.162484374
4/10/2023 18:00,0.161069306
4/10/2023 18:15,0.158210969
4/10/2023 18:30,0.149631957
4/10/2023 18:45,0.14677988
4/10/2023 19:00,0.152481282
4/10/2023 19:15,0.152481282
4/10/2023 19:30,0.153928524
4/10/2023 19:45,0.153928524
4/10/2023 20:00,0.149631957
4/10/2023 20:15,0.145325985
4/10/2023 20:30,0.146755249
4/10/2023 20:45,0.158210969
4/10/2023 21:00,0.153928524
4/10/2023 21:15,0.146755249
4/10/2023 21:30,0.153928524
4/10/2023 21:45,0.153928524
4/10/2023 22:00,0.153928524
4/10/2023 22:15,0.146755249
4/10/2023 22:30,0.158210969
4/10/2023 22:45,0.149631957
4/10/2023 23:00,0.153928524
4/10/2023 23:15,0.153928524
4/10/2023 23:30,0.151057268
4/10/2023 23:45,0.146755249
4/11/2023 0:00,0.155349944
4/11/2023 0:15,0.149631957
4/11/2023 0:30,0.153928524
4/11/2023 0:45,0.149631957
4/11/2023 1:00,0.149631957
4/11/2023 1:15,0.145325985
4/11/2023 1:30,0.142463473
4/11/2023 1:45,0.151081832
4/11/2023 2:00,0.151081832
4/11/2023 2:15,0.153928524
4/11/2023 2:30,0.145325985
4/11/2023 2:45,0.145325985
4/11/2023 3:00,0.158210969
4/11/2023 3:15,0.156794561
4/11/2023 3:30,0.149631957
4/11/2023 3:45,0.149631957
4/11/2023 4:00,0.159652991
4/11/2023 4:15,0.153928524
4/11/2023 4:30,0.145325985
4/11/2023 4:45,0.145325985
4/11/2023 5:00,0.148207804
4/11/2023 5:15,0.152505822
4/11/2023 5:30,0.143895396
4/11/2023 5:45,0.148207804
4/11/2023 6:00,0.155374439
4/11/2023 6:15,0.141007961
4/11/2023 6:30,0.141007961
4/11/2023 6:45,0.148207804
4/11/2023 7:00,0.148207804
4/11/2023 7:15,0.149631957
4/11/2023 7:30,0.138112574
4/11/2023 7:45,0.145325985
4/11/2023 8:00,0.145325985
4/11/2023 8:15,0.149631957
4/11/2023 8:30,0.141007961
4/11/2023 8:45,0.141007961
4/11/2023 9:00,0.145325985
4/11/2023 9:15,0.142438774
4/11/2023 9:30,0.141007961
4/11/2023 9:45,0.133773982
4/11/2023 10:00,0.138112574
4/11/2023 10:15,0.138112574
4/11/2023 10:30,0.125056279
4/11/2023 10:45,0.125056279
4/11/2023 11:00,0.133773982
4/11/2023 11:15,0.133773982
4/11/2023 11:30,0.133773982
4/11/2023 11:45,0.129420298
4/11/2023 12:00,0.133773982
4/11/2023 12:15,0.133773982
4/11/2023 12:30,0.136675202
4/11/2023 12:45,0.138112574
4/11/2023 13:00,0.145325985
4/11/2023 13:15,0.143870719
4/11/2023 13:30,0.152481282
4/11/2023 13:45,0.152481282
4/11/2023 14:00,0.159628561
4/11/2023 14:15,0.170995014
4/11/2023 14:30,0.172399059
4/11/2023 14:45,0.168154158
4/11/2023 15:00,0.170995014
4/11/2023 15:15,0.172399059
4/11/2023 15:30,0.179459441
4/11/2023 15:45,0.170995014
4/11/2023 16:00,0.168178459
4/11/2023 16:15,0.170995014
4/11/2023 16:30,0.175232614
4/11/2023 16:45,0.159628561
4/11/2023 17:00,0.185073931
4/11/2023 17:15,0.169587342
4/11/2023 17:30,0.166744039
4/11/2023 17:45,0.158210969
4/11/2023 18:00,0.159628561
4/11/2023 18:15,0.155349944
4/11/2023 18:30,0.155349944
4/11/2023 18:45,0.155374439
4/11/2023 19:00,0.178061348
4/11/2023 19:15,0.173828551
4/11/2023 19:30,0.173828551
4/11/2023 19:45,0.178061348
4/11/2023 20:00,0.1808829
4/11/2023 20:15,0.193492324
4/11/2023 20:30,0.189300271
4/11/2023 20:45,0.175232614
4/11/2023 21:00,0.173828551
4/11/2023 21:15,0.169587342
4/11/2023 21:30,0.169587342
4/11/2023 21:45,0.173828551
4/11/2023 22:00,0.18649028
4/11/2023 22:15,0.18649028
4/11/2023 22:30,0.182281063
4/11/2023 22:45,0.178061348
4/11/2023 23:00,0.170995014
4/11/2023 23:15,0.178061348
4/11/2023 23:30,0.166744039
4/11/2023 23:45,0.170995014
4/12/2023 0:00,0.178061348
4/12/2023 0:15,0.178061348
4/12/2023 0:30,0.178061348
4/12/2023 0:45,0.169587342
4/12/2023 1:00,0.169587342
4/12/2023 1:15,0.182281063
4/12/2023 1:30,0.176635491
4/12/2023 1:45,0.16956306
4/12/2023 2:00,0.176635491
4/12/2023 2:15,0.169587342
4/12/2023 2:30,0.180858784
4/12/2023 2:45,0.169587342
4/12/2023 3:00,0.1808829
4/12/2023 3:15,0.1808829
4/12/2023 3:30,0.173828551
4/12/2023 3:45,0.189300271
4/12/2023 4:00,0.1808829
4/12/2023 4:15,0.176659669
4/12/2023 4:30,0.185073931
4/12/2023 4:45,0.176635491
4/12/2023 5:00,0.176635491
4/12/2023 5:15,0.168154158
4/12/2023 5:30,0.179459441
4/12/2023 5:45,0.176635491
4/12/2023 6:00,0.176635491
4/12/2023 6:15,0.176635491
4/12/2023 6:30,0.175232614
4/12/2023 6:45,0.172399059
4/12/2023 7:00,0.172399059
4/12/2023 7:15,0.175232614
4/12/2023 7:30,0.180858784
4/12/2023 7:45,0.176635491
4/12/2023 8:00,0.180858784
4/12/2023 8:15,0.172399059
4/12/2023 8:30,0.176635491
4/12/2023 8:45,0.176635491
4/12/2023 9:00,0.172399059
4/12/2023 9:15,0.165308353
4/12/2023 9:30,0.165332697
4/12/2023 9:45,0.169587342
4/12/2023 10:00,0.162484374
4/12/2023 10:15,0.176635491
4/12/2023 10:30,0.165308353
4/12/2023 10:45,0.173828551
4/12/2023 11:00,0.158210969
4/12/2023 11:15,0.16956306
4/12/2023 11:30,0.156770087
4/12/2023 11:45,0.165308353
4/12/2023 12:00,0.168154158
4/12/2023 12:15,0.179459441
4/12/2023 12:30,0.165332697
4/12/2023 12:45,0.161069306
4/12/2023 13:00,0.168178459
4/12/2023 13:15,0.1808829
4/12/2023 13:30,0.203206276
4/12/2023 13:45,0.214285434
4/12/2023 14:00,0.193492324
4/12/2023 14:15,0.199061302
4/12/2023 14:30,0.190691558
4/12/2023 14:45,0.197652804
4/12/2023 15:00,0.205989591
4/12/2023 15:15,0.193468385
4/12/2023 15:30,0.178061348
4/12/2023 15:45,0.185097986
4/12/2023 16:00,0.178061348
4/12/2023 16:15,0.206013361
4/12/2023 16:30,0.197676685
4/12/2023 16:45,0.173804333
4/12/2023 17:00,0.173804333
4/12/2023 17:15,0.173804333
4/12/2023 17:30,0.185073931
4/12/2023 17:45,0.153928524
4/12/2023 18:00,0.153928524
4/12/2023 18:15,0.158210969
4/12/2023 18:30,0.153928524
4/12/2023 18:45,0.153928524
4/12/2023 19:00,0.149631957
4/12/2023 19:15,0.145325985
4/12/2023 19:30,0.161069306
4/12/2023 19:45,0.153928524
4/12/2023 20:00,0.153928524
4/12/2023 20:15,0.162484374
4/12/2023 20:30,0.145325985
4/12/2023 20:45,0.146755249
4/12/2023 21:00,0.153928524
4/12/2023 21:15,0.146755249
4/12/2023 21:30,0.158210969
4/12/2023 21:45,0.138112574
4/12/2023 22:00,0.162484374
4/12/2023 22:15,0.166744039
4/12/2023 22:30,0.158210969
4/12/2023 22:45,0.152505822
4/12/2023 23:00,0.149631957
4/12/2023 23:15,0.158210969
4/12/2023 23:30,0.151057268
4/12/2023 23:45,0.145325985
4/13/2023 0:00,0.156770087
4/13/2023 0:15,0.148183196
4/13/2023 0:30,0.152481282
4/13/2023 0:45,0.161044899
4/13/2023 1:00,0.145325985
4/13/2023 1:15,0.149631957
4/13/2023 1:30,0.148207804
4/13/2023 1:45,0.161069306
4/13/2023 2:00,0.149631957
4/13/2023 2:15,0.156794561
4/13/2023 2:30,0.136675202
4/13/2023 2:45,0.143895396
4/13/2023 3:00,0.141007961
4/13/2023 3:15,0.148183196
4/13/2023 3:30,0.148183196
4/13/2023 3:45,0.152481282
4/13/2023 4:00,0.159628561
4/13/2023 4:15,0.151057268
4/13/2023 4:30,0.143895396
4/13/2023 4:45,0.148207804
4/13/2023 5:00,0.155349944
4/13/2023 5:15,0.143895396
4/13/2023 5:30,0.143895396
4/13/2023 5:45,0.156794561
4/13/2023 6:00,0.159628561
4/13/2023 6:15,0.143895396
4/13/2023 6:30,0.152505822
4/13/2023 6:45,0.143895396
4/13/2023 7:00,0.141007961
4/13/2023 7:15,0.148207804
4/13/2023 7:30,0.143895396
4/13/2023 7:45,0.143895396
4/13/2023 8:00,0.148207804
4/13/2023 8:15,0.141007961
4/13/2023 8:30,0.148183196
4/13/2023 8:45,0.145325985
4/13/2023 9:00,0.152481282
4/13/2023 9:15,0.148183196
4/13/2023 9:30,0.141007961
4/13/2023 9:45,0.156794561
4/13/2023 10:00,0.148183196
4/13/2023 10:15,0.149631957
4/13/2023 10:30,0.149631957
4/13/2023 10:45,0.133773982
4/13/2023 11:00,0.143895396
4/13/2023 11:15,0.139573331
4/13/2023 11:30,0.132332454
4/13/2023 11:45,0.145325985
4/13/2023 12:00,0.136675202
4/13/2023 12:15,0.127974541
4/13/2023 12:30,0.136675202
4/13/2023 12:45,0.139548582
4/13/2023 13:00,0.143870719
4/13/2023 13:15,0.142438774
4/13/2023 13:30,0.13523646
4/13/2023 13:45,0.139573331
4/13/2023 14:00,0.139573331
4/13/2023 14:15,0.136675202
4/13/2023 14:30,0.132332454
4/13/2023 14:45,0.151081832
4/13/2023 15:00,0.142438774
4/13/2023 15:15,0.139548582
4/13/2023 15:30,0.143870719
4/13/2023 15:45,0.139548582
4/13/2023 16:00,0.138112574
4/13/2023 16:15,0.146755249
4/13/2023 16:30,0.143895396
4/13/2023 16:45,0.159628561
4/13/2023 17:00,0.138112574
4/13/2023 17:15,0.155349944
4/13/2023 17:30,0.162484374
4/13/2023 17:45,0.151057268
4/13/2023 18:00,0.149631957
4/13/2023 18:15,0.153928524
4/13/2023 18:30,0.14677988
4/13/2023 18:45,0.142463473
4/13/2023 19:00,0.153928524
4/13/2023 19:15,0.146755249
4/13/2023 19:30,0.153928524
4/13/2023 19:45,0.151057268
4/13/2023 20:00,0.162484374
4/13/2023 20:15,0.153928524
4/13/2023 20:30,0.162484374
4/13/2023 20:45,0.158210969
4/13/2023 21:00,0.153928524
4/13/2023 21:15,0.158210969
4/13/2023 21:30,0.162484374
4/13/2023 21:45,0.158210969
4/13/2023 22:00,0.151057268
4/13/2023 22:15,0.146755249
4/13/2023 22:30,0.151057268
4/13/2023 22:45,0.153928524
4/13/2023 23:00,0.165332697
4/13/2023 23:15,0.151057268
4/13/2023 23:30,0.161069306
4/13/2023 23:45,0.151057268
4/14/2023 0:00,0.145325985
4/14/2023 0:15,0.149631957
4/14/2023 0:30,0.158210969
4/14/2023 0:45,0.149631957
4/14/2023 1:00,0.149631957
4/14/2023 1:15,0.153928524
4/14/2023 1:30,0.165332697
4/14/2023 1:45,0.161069306
4/14/2023 2:00,0.169587342
4/14/2023 2:15,0.146755249
4/14/2023 2:30,0.145325985
4/14/2023 2:45,0.153928524
4/14/2023 3:00,0.153928524
4/14/2023 3:15,0.153928524
4/14/2023 3:30,0.149631957
4/14/2023 3:45,0.149631957
4/14/2023 4:00,0.14677988
4/14/2023 4:15,0.149631957
4/14/2023 4:30,0.149631957
4/14/2023 4:45,0.158210969
4/14/2023 5:00,0.162484374
4/14/2023 5:15,0.145325985
4/14/2023 5:30,0.149631957
4/14/2023 5:45,0.149631957
4/14/2023 6:00,0.153928524
4/14/2023 6:15,0.161069306
4/14/2023 6:30,0.161069306
4/14/2023 6:45,0.141007961
4/14/2023 7:00,0.153928524
4/14/2023 7:15,0.158210969
4/14/2023 7:30,0.146755249
4/14/2023 7:45,0.138112574
4/14/2023 8:00,0.142438774
4/14/2023 8:15,0.146755249
4/14/2023 8:30,0.155349944
4/14/2023 8:45,0.151057268
4/14/2023 9:00,0.153928524
4/14/2023 9:15,0.143895396
4/14/2023 9:30,0.14677988
4/14/2023 9:45,0.142438774
4/14/2023 10:00,0.153928524
4/14/2023 10:15,0.143895396
4/14/2023 10:30,0.142463473
4/14/2023 10:45,0.14677988
4/14/2023 11:00,0.14677988
4/14/2023 11:15,0.14677988
4/14/2023 11:30,0.151081832
4/14/2023 11:45,0.148207804
4/14/2023 12:00,0.143895396
4/14/2023 12:15,0.14677988
4/14/2023 12:30,0.155374439
4/14/2023 12:45,0.153928524
4/14/2023 13:00,0.146755249
4/14/2023 13:15,0.139573331
4/14/2023 13:30,0.143895396
4/14/2023 13:45,0.139573331
4/14/2023 14:00,0.142438774
4/14/2023 14:15,0.142438774
4/14/2023 14:30,0.135211642
4/14/2023 14:45,0.130864644
4/14/2023 15:00,0.139548582
4/14/2023 15:15,0.139548582
4/14/2023 15:30,0.143870719
4/14/2023 15:45,0.135211642
4/14/2023 16:00,0.146755249
4/14/2023 16:15,0.130864644
4/14/2023 16:30,0.138112574
4/14/2023 16:45,0.13523646
4/14/2023 17:00,0.139573331
4/14/2023 17:15,0.130889534
4/14/2023 17:30,0.151081832
4/14/2023 17:45,0.13523646
4/14/2023 18:00,0.14677988
4/14/2023 18:15,0.14677988
4/14/2023 18:30,0.143895396
4/14/2023 18:45,0.151081832
4/14/2023 19:00,0.151057268
4/14/2023 19:15,0.139548582
4/14/2023 19:30,0.142438774
4/14/2023 19:45,0.151057268
4/14/2023 20:00,0.155349944
4/14/2023 20:15,0.151057268
4/14/2023 20:30,0.135211642
4/14/2023 20:45,0.139573331
4/14/2023 21:00,0.148207804
4/14/2023 21:15,0.13523646
4/14/2023 21:30,0.143895396
4/14/2023 21:45,0.136675202
4/14/2023 22:00,0.143895396
4/14/2023 22:15,0.145325985
4/14/2023 22:30,0.145325985
4/14/2023 22:45,0.136675202
4/14/2023 23:00,0.143870719
4/14/2023 23:15,0.148183196
4/14/2023 23:30,0.141007961
4/14/2023 23:45,0.152481282
4/15/2023 0:00,0.141007961
4/15/2023 0:15,0.148183196
4/15/2023 0:30,0.139548582
4/15/2023 0:45,0.148183196
4/15/2023 1:00,0.143870719
4/15/2023 1:15,0.145325985
4/15/2023 1:30,0.145325985
4/15/2023 1:45,0.148183196
4/15/2023 2:00,0.156794561
4/15/2023 2:15,0.148207804
4/15/2023 2:30,0.141007961
4/15/2023 2:45,0.152505822
4/15/2023 3:00,0.143895396
4/15/2023 3:15,0.145325985
4/15/2023 3:30,0.145325985
4/15/2023 3:45,0.141007961
4/15/2023 4:00,0.152505822
4/15/2023 4:15,0.142438774
4/15/2023 4:30,0.145325985
4/15/2023 4:45,0.145325985
4/15/2023 5:00,0.152481282
4/15/2023 5:15,0.152481282
4/15/2023 5:30,0.141007961
4/15/2023 5:45,0.145325985
4/15/2023 6:00,0.142438774
4/15/2023 6:15,0.145325985
4/15/2023 6:30,0.138112574
4/15/2023 6:45,0.1265049
4/15/2023 7:00,0.129420298
4/15/2023 7:15,0.130889534
4/15/2023 7:30,0.127974541
4/15/2023 7:45,0.13523646
4/15/2023 8:00,0.142438774
4/15/2023 8:15,0.135211642
4/15/2023 8:30,0.127974541
4/15/2023 8:45,0.135211642
4/15/2023 9:00,0.139573331
4/15/2023 9:15,0.139573331
4/15/2023 9:30,0.151081832
4/15/2023 9:45,0.123606224
4/15/2023 10:00,0.127974541
4/15/2023 10:15,0.120676717
4/15/2023 10:30,0.127974541
4/15/2023 10:45,0.12070178
4/15/2023 11:00,0.125081267
4/15/2023 11:15,0.126529863
4/15/2023 11:30,0.122154727
4/15/2023 11:45,0.122154727
4/15/2023 12:00,0.122154727
4/15/2023 12:15,0.122154727
4/15/2023 12:30,0.122154727
4/15/2023 12:45,0.126529863
4/15/2023 13:00,0.122154727
4/15/2023 13:15,0.129420298
4/15/2023 13:30,0.125056279
4/15/2023 13:45,0.125056279
4/15/2023 14:00,0.117743785
4/15/2023 14:15,0.117743785
4/15/2023 14:30,0.122129689
4/15/2023 14:45,0.114827507
4/15/2023 15:00,0.125056279
4/15/2023 15:15,0.133798823
4/15/2023 15:30,0.133798823
4/15/2023 15:45,0.130889534
4/15/2023 16:00,0.129445212
4/15/2023 16:15,0.133798823
4/15/2023 16:30,0.133798823
4/15/2023 16:45,0.126529863
4/15/2023 17:00,0.126529863
4/15/2023 17:15,0.122154727
4/15/2023 17:30,0.122154727
4/15/2023 17:45,0.130889534
4/15/2023 18:00,0.130889534
4/15/2023 18:15,0.133773982
4/15/2023 18:30,0.133773982
4/15/2023 18:45,0.133773982
4/15/2023 19:00,0.133773982
4/15/2023 19:15,0.138112574
4/15/2023 19:30,0.142438774
4/15/2023 19:45,0.141007961
4/15/2023 20:00,0.138112574
4/15/2023 20:15,0.138112574
4/15/2023 20:30,0.151081832
4/15/2023 20:45,0.151081832
4/15/2023 21:00,0.13523646
4/15/2023 21:15,0.142463473
4/15/2023 21:30,0.13523646
4/15/2023 21:45,0.130889534
4/15/2023 22:00,0.143870719
4/15/2023 22:15,0.139548582
4/15/2023 22:30,0.135211642
4/15/2023 22:45,0.143895396
4/15/2023 23:00,0.143870719
4/15/2023 23:15,0.139548582
4/15/2023 23:30,0.1265049
4/15/2023 23:45,0.135211642
4/16/2023 0:00,0.143870719
4/16/2023 0:15,0.151057268
4/16/2023 0:30,0.143870719
4/16/2023 0:45,0.139548582
4/16/2023 1:00,0.142438774
4/16/2023 1:15,0.143870719
4/16/2023 1:30,0.139548582
4/16/2023 1:45,0.146755249
4/16/2023 2:00,0.130889534
4/16/2023 2:15,0.146755249
4/16/2023 2:30,0.149631957
4/16/2023 2:45,0.142463473
4/16/2023 3:00,0.149631957
4/16/2023 3:15,0.14677988
4/16/2023 3:30,0.151081832
4/16/2023 3:45,0.139573331
4/16/2023 4:00,0.14677988
4/16/2023 4:15,0.139573331
4/16/2023 4:30,0.138137344
4/16/2023 4:45,0.133798823
4/16/2023 5:00,0.13523646
4/16/2023 5:15,0.13523646
4/16/2023 5:30,0.13523646
4/16/2023 5:45,0.138137344
4/16/2023 6:00,0.14677988
4/16/2023 6:15,0.13523646
4/16/2023 6:30,0.142463473
4/16/2023 6:45,0.130889534
4/16/2023 7:00,0.139573331
4/16/2023 7:15,0.126529863
4/16/2023 7:30,0.132332454
4/16/2023 7:45,0.130864644
4/16/2023 8:00,0.139548582
4/16/2023 8:15,0.132332454
4/16/2023 8:30,0.123606224
4/16/2023 8:45,0.125081267
4/16/2023 9:00,0.127974541
4/16/2023 9:15,0.120676717
4/16/2023 9:30,0.132332454
4/16/2023 9:45,0.129420298
4/16/2023 10:00,0.116286387
4/16/2023 10:15,0.111882561
4/16/2023 10:30,0.111882561
4/16/2023 10:45,0.116286387
4/16/2023 11:00,0.120676717
4/16/2023 11:15,0.108954223
4/16/2023 11:30,0.111882561
4/16/2023 11:45,0.108954223
4/16/2023 12:00,0.113367132
4/16/2023 12:15,0.116311528
4/16/2023 12:30,0.119224795
4/16/2023 12:45,0.12070178
4/16/2023 13:00,0.12070178
4/16/2023 13:15,0.127974541
4/16/2023 13:30,0.119224795
4/16/2023 13:45,0.119224795
4/16/2023 14:00,0.119224795
4/16/2023 14:15,0.130889534
4/16/2023 14:30,0.126529863
4/16/2023 14:45,0.123606224
4/16/2023 15:00,0.130889534
4/16/2023 15:15,0.13523646
4/16/2023 15:30,0.142463473
4/16/2023 15:45,0.13523646
4/16/2023 16:00,0.139573331
4/16/2023 16:15,0.142438774
4/16/2023 16:30,0.151057268
4/16/2023 16:45,0.146755249
4/16/2023 17:00,0.149631957
4/16/2023 17:15,0.133773982
4/16/2023 17:30,0.141007961
4/16/2023 17:45,0.133773982
4/16/2023 18:00,0.146755249
4/16/2023 18:15,0.138112574
4/16/2023 18:30,0.146755249
4/16/2023 18:45,0.138137344
4/16/2023 19:00,0.138137344
4/16/2023 19:15,0.138137344
4/16/2023 19:30,0.138137344
4/16/2023 19:45,0.149631957
4/16/2023 20:00,0.148183196
4/16/2023 20:15,0.141007961
4/16/2023 20:30,0.156770087
4/16/2023 20:45,0.145325985
4/16/2023 21:00,0.149631957
4/16/2023 21:15,0.149631957
4/16/2023 21:30,0.149631957
4/16/2023 21:45,0.141007961
4/16/2023 22:00,0.153928524
4/16/2023 22:15,0.145325985
4/16/2023 22:30,0.148183196
4/16/2023 22:45,0.136675202
4/16/2023 23:00,0.152481282
4/16/2023 23:15,0.145325985
4/16/2023 23:30,0.141007961
4/16/2023 23:45,0.136675202
4/17/2023 0:00,0.132332454
4/17/2023 0:15,0.133773982
4/17/2023 0:30,0.123606224
4/17/2023 0:45,0.127974541
4/17/2023 1:00,0.125081267
4/17/2023 1:15,0.12070178
4/17/2023 1:30,0.141007961
4/17/2023 1:45,0.136675202
4/17/2023 2:00,0.125056279
4/17/2023 2:15,0.120676717
4/17/2023 2:30,0.132332454
4/17/2023 2:45,0.132332454
4/17/2023 3:00,0.127974541
4/17/2023 3:15,0.125056279
4/17/2023 3:30,0.127974541
4/17/2023 3:45,0.127974541
4/17/2023 4:00,0.125056279
4/17/2023 4:15,0.127974541
4/17/2023 4:30,0.123606224
4/17/2023 4:45,0.123606224
4/17/2023 5:00,0.132332454
4/17/2023 5:15,0.132332454
4/17/2023 5:30,0.130864644
4/17/2023 5:45,0.132332454
4/17/2023 6:00,0.130864644
4/17/2023 6:15,0.1265049
4/17/2023 6:30,0.139548582
4/17/2023 6:45,0.135211642
4/17/2023 7:00,0.116311528
4/17/2023 7:15,0.119224795
4/17/2023 7:30,0.123606224
4/17/2023 7:45,0.108954223
4/17/2023 8:00,0.123606224
4/17/2023 8:15,0.111882561
4/17/2023 8:30,0.111882561
4/17/2023 8:45,0.120676717
4/17/2023 9:00,0.125056279
4/17/2023 9:15,0.104502063
4/17/2023 9:30,0.113341941
4/17/2023 9:45,0.097107638
4/17/2023 10:00,0.104527414
4/17/2023 10:15,0.100083913
4/17/2023 10:30,0.104502063
4/17/2023 10:45,0.104527414
4/17/2023 11:00,0.104527414
4/17/2023 11:15,0.100083913
4/17/2023 11:30,0.108954223
4/17/2023 11:45,0.116311528
4/17/2023 12:00,0.107487766
4/17/2023 12:15,0.108954223
4/17/2023 12:30,0.119224795
4/17/2023 12:45,0.103030916
4/17/2023 13:00,0.110419152
4/17/2023 13:15,0.110419152
4/17/2023 13:30,0.119224795
4/17/2023 13:45,0.111882561
4/17/2023 14:00,0.119224795
4/17/2023 14:15,0.126529863
4/17/2023 14:30,0.13523646
4/17/2023 14:45,0.138112574
4/17/2023 15:00,0.130864644
4/17/2023 15:15,0.130864644
4/17/2023 15:30,0.164738605
4/17/2023 15:45,0.165633983
4/17/2023 16:00,0.165633983
4/17/2023 16:15,0.170547087
4/17/2023 16:30,0.171886328
4/17/2023 16:45,0.172781708
4/17/2023 17:00,0.176799432
4/17/2023 17:15,0.17546019
4/17/2023 17:30,0.178138673
4/17/2023 17:45,0.17546019
4/17/2023 18:00,0.175452538
4/17/2023 18:15,0.175452538
4/17/2023 18:30,0.176347916
4/17/2023 18:45,0.179026399
4/17/2023 19:00,0.177687158
4/17/2023 19:15,0.179026399
4/17/2023 19:30,0.176791779
4/17/2023 19:45,0.177687158
4/17/2023 20:00,0.177687158
4/17/2023 20:15,0.177687158
4/17/2023 20:30,0.178582536
4/17/2023 20:45,0.178582536
4/17/2023 21:00,0.177687158
4/17/2023 21:15,0.177243295
4/17/2023 21:30,0.177687158
4/17/2023 21:45,0.174113297
4/17/2023 22:00,0.175452538
4/17/2023 22:15,0.176347916
4/17/2023 22:30,0.174113297
4/17/2023 22:45,0.175452538
4/17/2023 23:00,0.175452538
4/17/2023 23:15,0.173669434
4/17/2023 23:30,0.172330191
4/17/2023 23:45,0.172330191
4/18/2023 0:00,0.172330191
4/18/2023 0:15,0.17099095
4/18/2023 0:30,0.173669434
4/18/2023 0:45,0.168756329
4/18/2023 1:00,0.17099095
4/18/2023 1:15,0.171434813
4/18/2023 1:30,0.168756329
4/18/2023 1:45,0.170095572
4/18/2023 2:00,0.168756329
4/18/2023 2:15,0.172330191
4/18/2023 2:30,0.172330191
4/18/2023 2:45,0.169651709
4/18/2023 3:00,0.17099095
4/18/2023 3:15,0.17099095
4/18/2023 3:30,0.173225571
4/18/2023 3:45,0.170547087
4/18/2023 4:00,0.170547087
4/18/2023 4:15,0.167417088
4/18/2023 4:30,0.169651709
4/18/2023 4:45,0.173225571
4/18/2023 5:00,0.171886328
4/18/2023 5:15,0.171886328
4/18/2023 5:30,0.171886328
4/18/2023 5:45,0.171886328
4/18/2023 6:00,0.171886328
4/18/2023 6:15,0.173225571
4/18/2023 6:30,0.174113297
4/18/2023 6:45,0.174564812
4/18/2023 7:00,0.173225571
4/18/2023 7:15,0.17099095
4/18/2023 7:30,0.173225571
4/18/2023 7:45,0.173225571
4/18/2023 8:00,0.171886328
4/18/2023 8:15,0.173225571
4/18/2023 8:30,0.167417088
4/18/2023 8:45,0.168312466
4/18/2023 9:00,0.172330191
4/18/2023 9:15,0.171878676
4/18/2023 9:30,0.169651709
4/18/2023 9:45,0.17099095
4/18/2023 10:00,0.168756329
4/18/2023 10:15,0.166077846
4/18/2023 10:30,0.168756329
4/18/2023 10:45,0.167860951
4/18/2023 11:00,0.169651709
4/18/2023 11:15,0.168756329
4/18/2023 11:30,0.166077846
4/18/2023 11:45,0.168756329
4/18/2023 12:00,0.167417088
4/18/2023 12:15,0.172330191
4/18/2023 12:30,0.165633983
4/18/2023 12:45,0.172330191
4/18/2023 13:00,0.169651709
4/18/2023 13:15,0.171878676
4/18/2023 13:30,0.173217917
4/18/2023 13:45,0.174557159
4/18/2023 14:00,0.178131021
4/18/2023 14:15,0.177235641
4/18/2023 14:30,0.182148746
4/18/2023 14:45,0.181704883
4/18/2023 15:00,0.179470262
4/18/2023 15:15,0.187061848
4/18/2023 15:30,0.185722607
4/18/2023 15:45,0.183044124
4/18/2023 16:00,0.184383366
4/18/2023 16:15,0.187957228
4/18/2023 16:30,0.184383366
4/18/2023 16:45,0.186617986
4/18/2023 17:00,0.189740332
4/18/2023 17:15,0.186617986
4/18/2023 17:30,0.189296469
4/18/2023 17:45,0.185278745
4/18/2023 18:00,0.189296469
4/18/2023 18:15,0.187957228
4/18/2023 18:30,0.189296469
4/18/2023 18:45,0.183939504
4/18/2023 19:00,0.183939504
4/18/2023 19:15,0.185278745
4/18/2023 19:30,0.190184195
4/18/2023 19:45,0.184827229
4/18/2023 20:00,0.191523436
4/18/2023 20:15,0.183939504
4/18/2023 20:30,0.186617986
4/18/2023 20:45,0.187957228
4/18/2023 21:00,0.185278745
4/18/2023 21:15,0.180809503
4/18/2023 21:30,0.184827229
4/18/2023 21:45,0.182600261
4/18/2023 22:00,0.18126102
4/18/2023 22:15,0.179921777
4/18/2023 22:30,0.18126102
4/18/2023 22:45,0.178582536
4/18/2023 23:00,0.183495641
4/18/2023 23:15,0.183487987
4/18/2023 23:30,0.180809503
4/18/2023 23:45,0.182148746
4/19/2023 0:00,0.179470262
4/19/2023 0:15,0.182148746
4/19/2023 0:30,0.182600261
4/19/2023 0:45,0.18126102
4/19/2023 1:00,0.177243295
4/19/2023 1:15,0.179921777
4/19/2023 1:30,0.174564812
4/19/2023 1:45,0.175904053
4/19/2023 2:00,0.178131021
4/19/2023 2:15,0.178131021
4/19/2023 2:30,0.176791779
4/19/2023 2:45,0.18036564
4/19/2023 3:00,0.178131021
4/19/2023 3:15,0.177687158
4/19/2023 3:30,0.18036564
4/19/2023 3:45,0.180809503
4/19/2023 4:00,0.179026399
4/19/2023 4:15,0.172774054
4/19/2023 4:30,0.178131021
4/19/2023 4:45,0.18036564
4/19/2023 5:00,0.177687158
4/19/2023 5:15,0.18036564
4/19/2023 5:30,0.179026399
4/19/2023 5:45,0.177687158
4/19/2023 6:00,0.177687158
4/19/2023 6:15,0.176347916
4/19/2023 6:30,0.176347916
4/19/2023 6:45,0.176347916
4/19/2023 7:00,0.177687158
4/19/2023 7:15,0.175008675
4/19/2023 7:30,0.172781708
4/19/2023 7:45,0.171434813
4/19/2023 8:00,0.175008675
4/19/2023 8:15,0.176791779
4/19/2023 8:30,0.172774054
4/19/2023 8:45,0.171434813
4/19/2023 9:00,0.170095572
4/19/2023 9:15,0.172774054
4/19/2023 9:30,0.167868603
4/19/2023 9:45,0.169207846
4/19/2023 10:00,0.170095572
4/19/2023 10:15,0.167868603
4/19/2023 10:30,0.166529362
4/19/2023 10:45,0.168312466
4/19/2023 11:00,0.170547087
4/19/2023 11:15,0.172774054
4/19/2023 11:30,0.171886328
4/19/2023 11:45,0.175452538
4/19/2023 12:00,0.174120949
4/19/2023 12:15,0.171442465
4/19/2023 12:30,0.173669434
4/19/2023 12:45,0.175008675
4/19/2023 13:00,0.169651709
4/19/2023 13:15,0.17099095
4/19/2023 13:30,0.175904053
4/19/2023 13:45,0.174564812
4/19/2023 14:00,0.18126102
4/19/2023 14:15,0.178138673
4/19/2023 14:30,0.183487987
4/19/2023 14:45,0.184827229
4/19/2023 15:00,0.179477914
4/19/2023 15:15,0.179477914
4/19/2023 15:30,0.180817157
4/19/2023 15:45,0.190628058
4/19/2023 16:00,0.207889738
4/19/2023 16:15,0.203827571
4/19/2023 16:30,0.211928897
4/19/2023 16:45,0.205455491
4/19/2023 17:00,0.205441573
4/19/2023 17:15,0.205441573
4/19/2023 17:30,0.215972948
4/19/2023 17:45,0.209500095
4/19/2023 18:00,0.207875838
4/19/2023 18:15,0.209500095
4/19/2023 18:30,0.209500095
4/19/2023 18:45,0.200565865
4/19/2023 19:00,0.194863302
4/19/2023 19:15,0.192412443
4/19/2023 19:30,0.196486902
4/19/2023 19:45,0.192412443
4/19/2023 20:00,0.187498887
4/19/2023 20:15,0.187498887
4/19/2023 20:30,0.196500893
4/19/2023 20:45,0.196500893
4/19/2023 21:00,0.187498887
4/19/2023 21:15,0.191584901
4/19/2023 21:30,0.196500893
4/19/2023 21:45,0.198135555
4/19/2023 22:00,0.189956714
4/19/2023 22:15,0.189142043
4/19/2023 22:30,0.194050935
4/19/2023 22:45,0.194050935
4/19/2023 23:00,0.194036925
4/19/2023 23:15,0.19567529
4/19/2023 23:30,0.20463545
4/19/2023 23:45,0.191584901
4/20/2023 0:00,0.189127994
4/20/2023 0:15,0.193224174
4/20/2023 0:30,0.186668981
4/20/2023 0:45,0.191598931
4/20/2023 1:00,0.187498887
4/20/2023 1:15,0.187498887
4/20/2023 1:30,0.191598931
4/20/2023 1:45,0.195689287
4/20/2023 2:00,0.187498887
4/20/2023 2:15,0.193224174
4/20/2023 2:30,0.189142043
4/20/2023 2:45,0.189127994
4/20/2023 3:00,0.191598931
4/20/2023 3:15,0.187498887
4/20/2023 3:30,0.191598931
4/20/2023 3:45,0.193224174
4/20/2023 4:00,0.194050935
4/20/2023 4:15,0.190785035
4/20/2023 4:30,0.197310723
4/20/2023 4:45,0.191598931
4/20/2023 5:00,0.193238189
4/20/2023 5:15,0.193224174
4/20/2023 5:30,0.194050935
4/20/2023 5:45,0.195689287
4/20/2023 6:00,0.193238189
4/20/2023 6:15,0.189142043
4/20/2023 6:30,0.193224174
4/20/2023 6:45,0.191584901
4/20/2023 7:00,0.184206428
4/20/2023 7:15,0.178449352
4/20/2023 7:30,0.184220519
4/20/2023 7:45,0.180102694
4/20/2023 8:00,0.182571206
4/20/2023 8:15,0.178449352
4/20/2023 8:30,0.180102694
4/20/2023 8:45,0.186668981
4/20/2023 9:00,0.173495088
4/20/2023 9:15,0.186668981
4/20/2023 9:30,0.180102694
4/20/2023 9:45,0.175988929
4/20/2023 10:00,0.184220519
4/20/2023 10:15,0.169364903
4/20/2023 10:30,0.180102694
4/20/2023 10:45,0.175974771
4/20/2023 11:00,0.175974771
4/20/2023 11:15,0.171850786
4/20/2023 11:30,0.177629143
4/20/2023 11:45,0.166876667
4/20/2023 12:00,0.171850786
4/20/2023 12:15,0.16770223
4/20/2023 12:30,0.174331509
4/20/2023 12:45,0.182571206
4/20/2023 13:00,0.175974771
4/20/2023 13:15,0.180102694
4/20/2023 13:30,0.169364903
4/20/2023 13:45,0.186683052
4/20/2023 14:00,0.182571206
4/20/2023 14:15,0.174331509
4/20/2023 14:30,0.180920287
4/20/2023 14:45,0.169364903
4/20/2023 15:00,0.184220519
4/20/2023 15:15,0.175153343
4/20/2023 15:30,0.180102694
4/20/2023 15:45,0.181738892
4/20/2023 16:00,0.175988929
4/20/2023 16:15,0.182571206
4/20/2023 16:30,0.166862429
4/20/2023 16:45,0.194863302
4/20/2023 17:00,0.175974771
4/20/2023 17:15,0.186668981
4/20/2023 17:30,0.186668981
4/20/2023 17:45,0.184206428
4/20/2023 18:00,0.185036125
4/20/2023 18:15,0.182571206
4/20/2023 18:30,0.182571206
4/20/2023 18:45,0.186668981
4/20/2023 19:00,0.174317336
4/20/2023 19:15,0.184206428
4/20/2023 19:30,0.186668981
4/20/2023 19:45,0.181753003
4/20/2023 20:00,0.171836592
4/20/2023 20:15,0.189127994
4/20/2023 20:30,0.185852748
4/20/2023 20:45,0.181738892
4/20/2023 21:00,0.181753003
4/20/2023 21:15,0.177629143
4/20/2023 21:30,0.175153343
4/20/2023 21:45,0.188314337
4/20/2023 22:00,0.180102694
4/20/2023 22:15,0.180102694
4/20/2023 22:30,0.179269161
4/20/2023 22:45,0.175153343
4/20/2023 23:00,0.172672432
4/20/2023 23:15,0.181738892
4/20/2023 23:30,0.181738892
4/20/2023 23:45,0.185852748
4/21/2023 0:00,0.181738892
4/21/2023 0:15,0.172672432
4/21/2023 0:30,0.175153343
4/21/2023 0:45,0.173495088
4/21/2023 1:00,0.172672432
4/21/2023 1:15,0.179283293
4/21/2023 1:30,0.18340311
4/21/2023 1:45,0.188328394
4/21/2023 2:00,0.172672432
4/21/2023 2:15,0.175153343
4/21/2023 2:30,0.179283293
4/21/2023 2:45,0.177629143
4/21/2023 3:00,0.177629143
4/21/2023 3:15,0.17102731
4/21/2023 3:30,0.179269161
4/21/2023 3:45,0.177629143
4/21/2023 4:00,0.179269161
4/21/2023 4:15,0.179269161
4/21/2023 4:30,0.177629143
4/21/2023 4:45,0.186668981
4/21/2023 5:00,0.181738892
4/21/2023 5:15,0.181738892
4/21/2023 5:30,0.181738892
4/21/2023 5:45,0.180102694
4/21/2023 6:00,0.175974771
4/21/2023 6:15,0.168525956
4/21/2023 6:30,0.177629143
4/21/2023 6:45,0.177629143
4/21/2023 7:00,0.176794377
4/21/2023 7:15,0.169364903
4/21/2023 7:30,0.172672432
4/21/2023 7:45,0.172672432
4/21/2023 8:00,0.179283293
4/21/2023 8:15,0.172672432
4/21/2023 8:30,0.172672432
4/21/2023 8:45,0.170189212
4/21/2023 9:00,0.159387539
4/21/2023 9:15,0.168525956
4/21/2023 9:30,0.176808529
4/21/2023 9:45,0.166862429
4/21/2023 10:00,0.166862429
4/21/2023 10:15,0.162715418
4/21/2023 10:30,0.166036439
4/21/2023 10:45,0.166876667
4/21/2023 11:00,0.161873026
4/21/2023 11:15,0.161873026
4/21/2023 11:30,0.168525956
4/21/2023 11:45,0.159373235
4/21/2023 12:00,0.161873026
4/21/2023 12:15,0.16021551
4/21/2023 12:30,0.157713125
4/21/2023 12:45,0.153527967
4/21/2023 13:00,0.16021551
4/21/2023 13:15,0.165210028
4/21/2023 13:30,0.16021551
4/21/2023 13:45,0.166876667
4/21/2023 14:00,0.156036949
4/21/2023 14:15,0.16021551
4/21/2023 14:30,0.166876667
4/21/2023 14:45,0.174331509
4/21/2023 15:00,0.173495088
4/21/2023 15:15,0.171013108
4/21/2023 15:30,0.169364903
4/21/2023 15:45,0.17350927
4/21/2023 16:00,0.171850786
4/21/2023 16:15,0.178463491
4/21/2023 16:30,0.169350687
4/21/2023 16:45,0.171836592
4/21/2023 17:00,0.166862429
4/21/2023 17:15,0.171836592
4/21/2023 17:30,0.16770223
4/21/2023 17:45,0.174317336
4/21/2023 18:00,0.175974771
4/21/2023 18:15,0.169350687
4/21/2023 18:30,0.166876667
4/21/2023 18:45,0.175974771
4/21/2023 19:00,0.173495088
4/21/2023 19:15,0.169364903
4/21/2023 19:30,0.165210028
4/21/2023 19:45,0.171836592
4/21/2023 20:00,0.16770223
4/21/2023 20:15,0.177629143
4/21/2023 20:30,0.16105877
4/21/2023 20:45,0.162715418
4/21/2023 21:00,0.16770223
4/21/2023 21:15,0.180102694
4/21/2023 21:30,0.166876667
4/21/2023 21:45,0.161887307
4/21/2023 22:00,0.162715418
4/21/2023 22:15,0.169364903
4/21/2023 22:30,0.175153343
4/21/2023 22:45,0.171013108
4/21/2023 23:00,0.173495088
4/21/2023 23:15,0.16105877
4/21/2023 23:30,0.162715418
4/21/2023 23:45,0.169350687
4/22/2023 0:00,0.16770223
4/22/2023 0:15,0.161044481
4/22/2023 0:30,0.158543396
4/22/2023 0:45,0.158543396
4/22/2023 1:00,0.173495088
4/22/2023 1:15,0.162715418
4/22/2023 1:30,0.165210028
4/22/2023 1:45,0.169364903
4/22/2023 2:00,0.170189212
4/22/2023 2:15,0.158557708
4/22/2023 2:30,0.16770223
4/22/2023 2:45,0.166862429
4/22/2023 3:00,0.173495088
4/22/2023 3:15,0.158543396
4/22/2023 3:30,0.169350687
4/22/2023 3:45,0.173495088
4/22/2023 4:00,0.171836592
4/22/2023 4:15,0.171836592
4/22/2023 4:30,0.156882422
4/22/2023 4:45,0.169350687
4/22/2023 5:00,0.175974771
4/22/2023 5:15,0.16770223
4/22/2023 5:30,0.16105877
4/22/2023 5:45,0.165210028
4/22/2023 6:00,0.166862429
4/22/2023 6:15,0.162715418
4/22/2023 6:30,0.161044481
4/22/2023 6:45,0.162715418
4/22/2023 7:00,0.16770223
4/22/2023 7:15,0.156882422
4/22/2023 7:30,0.163557369
4/22/2023 7:45,0.162715418
4/22/2023 8:00,0.169350687
4/22/2023 8:15,0.165210028
4/22/2023 8:30,0.156051284
4/22/2023 8:45,0.165210028
4/22/2023 9:00,0.162715418
4/22/2023 9:15,0.163557369
4/22/2023 9:30,0.154374782
4/22/2023 9:45,0.156882422
4/22/2023 10:00,0.158557708
4/22/2023 10:15,0.158557708
4/22/2023 10:30,0.159387539
4/22/2023 10:45,0.174331509
4/22/2023 11:00,0.16770223
4/22/2023 11:15,0.158557708
4/22/2023 11:30,0.154374782
4/22/2023 11:45,0.159387539
4/22/2023 12:00,0.155206802
4/22/2023 12:15,0.161044481
4/22/2023 12:30,0.156868096
4/22/2023 12:45,0.170189212
4/22/2023 13:00,0.161044481
4/22/2023 13:15,0.163543102
4/22/2023 13:30,0.156882422
4/22/2023 13:45,0.155206802
4/22/2023 14:00,0.168525956
4/22/2023 14:15,0.163543102
4/22/2023 14:30,0.161887307
4/22/2023 14:45,0.165210028
4/22/2023 15:00,0.166036439
4/22/2023 15:15,0.156882422
4/22/2023 15:30,0.159387539
4/22/2023 15:45,0.161873026
4/22/2023 16:00,0.16770223
4/22/2023 16:15,0.155206802
4/22/2023 16:30,0.156868096
4/22/2023 16:45,0.152695062
4/22/2023 17:00,0.16770223
4/22/2023 17:15,0.166050683
4/22/2023 17:30,0.159373235
4/22/2023 17:45,0.171836592
4/22/2023 18:00,0.168540178
4/22/2023 18:15,0.161887307
4/22/2023 18:30,0.166050683
4/22/2023 18:45,0.164383196
4/22/2023 19:00,0.174317336
4/22/2023 19:15,0.169350687
4/22/2023 19:30,0.174317336
4/22/2023 19:45,0.16770223
4/22/2023 20:00,0.163557369
4/22/2023 20:15,0.163557369
4/22/2023 20:30,0.16105877
4/22/2023 20:45,0.162715418
4/22/2023 21:00,0.16770223
4/22/2023 21:15,0.169364903
4/22/2023 21:30,0.171836592
4/22/2023 21:45,0.16770223
4/22/2023 22:00,0.170189212
4/22/2023 22:15,0.165210028
4/22/2023 22:30,0.165210028
4/22/2023 22:45,0.174331509
4/22/2023 23:00,0.171850786
4/22/2023 23:15,0.166876667
4/22/2023 23:30,0.16770223
4/22/2023 23:45,0.170189212
4/23/2023 0:00,0.165210028
4/23/2023 0:15,0.161044481
4/23/2023 0:30,0.169350687
4/23/2023 0:45,0.16770223
4/23/2023 1:00,0.163543102
4/23/2023 1:15,0.170189212
4/23/2023 1:30,0.175974771
4/23/2023 1:45,0.165210028
4/23/2023 2:00,0.16770223
4/23/2023 2:15,0.16770223
4/23/2023 2:30,0.169364903
4/23/2023 2:45,0.162715418
4/23/2023 3:00,0.169364903
4/23/2023 3:15,0.16770223
4/23/2023 3:30,0.171850786
4/23/2023 3:45,0.170189212
4/23/2023 4:00,0.158557708
4/23/2023 4:15,0.163557369
4/23/2023 4:30,0.163557369
4/23/2023 4:45,0.156882422
4/23/2023 5:00,0.165210028
4/23/2023 5:15,0.165210028
4/23/2023 5:30,0.161044481
4/23/2023 5:45,0.16770223
4/23/2023 6:00,0.16770223
4/23/2023 6:15,0.16770223
4/23/2023 6:30,0.174331509
4/23/2023 6:45,0.171850786
4/23/2023 7:00,0.166876667
4/23/2023 7:15,0.171850786
4/23/2023 7:30,0.161044481
4/23/2023 7:45,0.162715418
4/23/2023 8:00,0.165210028
4/23/2023 8:15,0.166862429
4/23/2023 8:30,0.156868096
4/23/2023 8:45,0.156868096
4/23/2023 9:00,0.161044481
4/23/2023 9:15,0.161044481
4/23/2023 9:30,0.165210028
4/23/2023 9:45,0.154374782
4/23/2023 10:00,0.154374782
4/23/2023 10:15,0.154374782
4/23/2023 10:30,0.145138453
4/23/2023 10:45,0.154374782
4/23/2023 11:00,0.152695062
4/23/2023 11:15,0.150180741
4/23/2023 11:30,0.154374782
4/23/2023 11:45,0.151029363
4/23/2023 12:00,0.148496517
4/23/2023 12:15,0.158543396
4/23/2023 12:30,0.152695062
4/23/2023 12:45,0.159373235
4/23/2023 13:00,0.156882422
4/23/2023 13:15,0.157713125
4/23/2023 13:30,0.161044481
4/23/2023 13:45,0.159373235
4/23/2023 14:00,0.156882422
4/23/2023 14:15,0.166036439
4/23/2023 14:30,0.159387539
4/23/2023 14:45,0.164383196
4/23/2023 15:00,0.174331509
4/23/2023 15:15,0.165210028
4/23/2023 15:30,0.161887307
4/23/2023 15:45,0.170189212
4/23/2023 16:00,0.168540178
4/23/2023 16:15,0.16770223
4/23/2023 16:30,0.172672432
4/23/2023 16:45,0.166050683
4/23/2023 17:00,0.159387539
4/23/2023 17:15,0.163557369
4/23/2023 17:30,0.16770223
4/23/2023 17:45,0.180934403
4/23/2023 18:00,0.174331509
4/23/2023 18:15,0.179283293
4/23/2023 18:30,0.174331509
4/23/2023 18:45,0.182571206
4/23/2023 19:00,0.174331509
4/23/2023 19:15,0.166050683
4/23/2023 19:30,0.178463491
4/23/2023 19:45,0.178463491
4/23/2023 20:00,0.179283293
4/23/2023 20:15,0.174331509
4/23/2023 20:30,0.180102694
4/23/2023 20:45,0.176808529
4/23/2023 21:00,0.176808529
4/23/2023 21:15,0.171836592
4/23/2023 21:30,0.173495088
4/23/2023 21:45,0.183389014
4/23/2023 22:00,0.180102694
4/23/2023 22:15,0.180102694
4/23/2023 22:30,0.169364903
4/23/2023 22:45,0.174331509
4/23/2023 23:00,0.165210028
4/23/2023 23:15,0.174331509
4/23/2023 23:30,0.174331509
4/23/2023 23:45,0.165210028
4/24/2023 0:00,0.175988929
4/24/2023 0:15,0.175988929
4/24/2023 0:30,0.178463491
4/24/2023 0:45,0.169364903
4/24/2023 1:00,0.170189212
4/24/2023 1:15,0.180934403
4/24/2023 1:30,0.172672432
4/24/2023 1:45,0.176808529
4/24/2023 2:00,0.174331509
4/24/2023 2:15,0.182571206
4/24/2023 2:30,0.171836592
4/24/2023 2:45,0.172672432
4/24/2023 3:00,0.161873026
4/24/2023 3:15,0.16770223
4/24/2023 3:30,0.178463491
4/24/2023 3:45,0.174331509
4/24/2023 4:00,0.163543102
4/24/2023 4:15,0.174331509
4/24/2023 4:30,0.165210028
4/24/2023 4:45,0.161044481
4/24/2023 5:00,0.170189212
4/24/2023 5:15,0.172672432
4/24/2023 5:30,0.170189212
4/24/2023 5:45,0.163543102
4/24/2023 6:00,0.16770223
4/24/2023 6:15,0.16770223
4/24/2023 6:30,0.163543102
4/24/2023 6:45,0.161873026
4/24/2023 7:00,0.16770223
4/24/2023 7:15,0.163543102
4/24/2023 7:30,0.161044481
4/24/2023 7:45,0.161873026
4/24/2023 8:00,0.150180741
4/24/2023 8:15,0.159373235
4/24/2023 8:30,0.159387539
4/24/2023 8:45,0.165210028
4/24/2023 9:00,0.152695062
4/24/2023 9:15,0.16770223
4/24/2023 9:30,0.161887307
4/24/2023 9:45,0.161887307
4/24/2023 10:00,0.159387539
4/24/2023 10:15,0.154374782
4/24/2023 10:30,0.164383196
4/24/2023 10:45,0.159387539
4/24/2023 11:00,0.156882422
4/24/2023 11:15,0.154374782
4/24/2023 11:30,0.159387539
4/24/2023 11:45,0.16770223
4/24/2023 12:00,0.156882422
4/24/2023 12:15,0.16770223
4/24/2023 12:30,0.166050683
4/24/2023 12:45,0.168540178
4/24/2023 13:00,0.179283293
4/24/2023 13:15,0.155206802
4/24/2023 13:30,0.171013108
4/24/2023 13:45,0.175153343
4/24/2023 14:00,0.164383196
4/24/2023 14:15,0.172672432
4/24/2023 14:30,0.179283293
4/24/2023 14:45,0.185852748
4/24/2023 15:00,0.189956714
4/24/2023 15:15,0.192412443
4/24/2023 15:30,0.185852748
4/24/2023 15:45,0.194050935
4/24/2023 16:00,0.176808529
4/24/2023 16:15,0.18340311
4/24/2023 16:30,0.184220519
4/24/2023 16:45,0.201387783
4/24/2023 17:00,0.189956714
4/24/2023 17:15,0.194036925
4/24/2023 17:30,0.185866825
4/24/2023 17:45,0.189956714
4/24/2023 18:00,0.194050935
4/24/2023 18:15,0.20219677
4/24/2023 18:30,0.189956714
4/24/2023 18:45,0.180934403
4/24/2023 19:00,0.19567529
4/24/2023 19:15,0.183389014
4/24/2023 19:30,0.181753003
4/24/2023 19:45,0.191584901
4/24/2023 20:00,0.185852748
4/24/2023 20:15,0.185036125
4/24/2023 20:30,0.181753003
4/24/2023 20:45,0.180934403
4/24/2023 21:00,0.185036125
4/24/2023 21:15,0.183389014
4/24/2023 21:30,0.189142043
4/24/2023 21:45,0.182571206
4/24/2023 22:00,0.189956714
4/24/2023 22:15,0.196486902
4/24/2023 22:30,0.180920287
4/24/2023 22:45,0.178449352
4/24/2023 23:00,0.176808529
4/24/2023 23:15,0.170189212
4/24/2023 23:30,0.171850786
4/24/2023 23:45,0.187498887
4/25/2023 0:00,0.179283293
4/25/2023 0:15,0.16770223
4/25/2023 0:30,0.171850786
4/25/2023 0:45,0.185036125
4/25/2023 1:00,0.176794377
4/25/2023 1:15,0.172672432
4/25/2023 1:30,0.185852748
4/25/2023 1:45,0.187498887
4/25/2023 2:00,0.179269161
4/25/2023 2:15,0.180920287
4/25/2023 2:30,0.179283293
4/25/2023 2:45,0.177629143
4/25/2023 3:00,0.172672432
4/25/2023 3:15,0.181753003
4/25/2023 3:30,0.170189212
4/25/2023 3:45,0.175153343
4/25/2023 4:00,0.179283293
4/25/2023 4:15,0.183389014
4/25/2023 4:30,0.171013108
4/25/2023 4:45,0.176808529
4/25/2023 5:00,0.183389014
4/25/2023 5:15,0.177629143
4/25/2023 5:30,0.175153343
4/25/2023 5:45,0.176808529
4/25/2023 6:00,0.179283293
4/25/2023 6:15,0.166036439
4/25/2023 6:30,0.174331509
4/25/2023 6:45,0.174331509
4/25/2023 7:00,0.177629143
4/25/2023 7:15,0.179283293
4/25/2023 7:30,0.168525956
4/25/2023 7:45,0.172672432
4/25/2023 8:00,0.163543102
4/25/2023 8:15,0.174317336
4/25/2023 8:30,0.163543102
4/25/2023 8:45,0.159387539
4/25/2023 9:00,0.156868096
4/25/2023 9:15,0.166036439
4/25/2023 9:30,0.166036439
4/25/2023 9:45,0.164383196
4/25/2023 10:00,0.161887307
4/25/2023 10:15,0.16021551
4/25/2023 10:30,0.161887307
4/25/2023 10:45,0.157713125
4/25/2023 11:00,0.156882422
4/25/2023 11:15,0.164383196
4/25/2023 11:30,0.166050683
4/25/2023 11:45,0.163557369
4/25/2023 12:00,0.162715418
4/25/2023 12:15,0.168525956
4/25/2023 12:30,0.152695062
4/25/2023 12:45,0.155206802
4/25/2023 13:00,0.157713125
4/25/2023 13:15,0.166876667
4/25/2023 13:30,0.16021551
4/25/2023 13:45,0.164368937
4/25/2023 14:00,0.16021551
4/25/2023 14:15,0.161887307
4/25/2023 14:30,0.168540178
4/25/2023 14:45,0.170189212
4/25/2023 15:00,0.161873026
4/25/2023 15:15,0.166876667
4/25/2023 15:30,0.161873026
4/25/2023 15:45,0.165210028
4/25/2023 16:00,0.164383196
4/25/2023 16:15,0.166876667
4/25/2023 16:30,0.151847343
4/25/2023 16:45,0.165210028
4/25/2023 17:00,0.170189212
4/25/2023 17:15,0.164368937
4/25/2023 17:30,0.166036439
4/25/2023 17:45,0.164383196
4/25/2023 18:00,0.164383196
4/25/2023 18:15,0.166036439
4/25/2023 18:30,0.170189212
4/25/2023 18:45,0.166876667
4/25/2023 19:00,0.161873026
4/25/2023 19:15,0.162715418
4/25/2023 19:30,0.161873026
4/25/2023 19:45,0.164368937
4/25/2023 20:00,0.155206802
4/25/2023 20:15,0.161887307
4/25/2023 20:30,0.164383196
4/25/2023 20:45,0.161887307
4/25/2023 21:00,0.159387539
4/25/2023 21:15,0.164368937
4/25/2023 21:30,0.166036439
4/25/2023 21:45,0.166036439
4/25/2023 22:00,0.159373235
4/25/2023 22:15,0.157713125
4/25/2023 22:30,0.163543102
4/25/2023 22:45,0.151029363
4/25/2023 23:00,0.150180741
4/25/2023 23:15,0.163543102
4/25/2023 23:30,0.164368937
4/25/2023 23:45,0.159373235
4/26/2023 0:00,0.166036439
4/26/2023 0:15,0.16770223
4/26/2023 0:30,0.157713125
4/26/2023 0:45,0.159387539
4/26/2023 1:00,0.163543102
4/26/2023 1:15,0.166036439
4/26/2023 1:30,0.16021551
4/26/2023 1:45,0.16021551
4/26/2023 2:00,0.166050683
4/26/2023 2:15,0.166050683
4/26/2023 2:30,0.156051284
4/26/2023 2:45,0.16021551
4/26/2023 3:00,0.159387539
4/26/2023 3:15,0.16021551
4/26/2023 3:30,0.157713125
4/26/2023 3:45,0.155206802
4/26/2023 4:00,0.155206802
4/26/2023 4:15,0.157713125
4/26/2023 4:30,0.159387539
4/26/2023 4:45,0.152695062
4/26/2023 5:00,0.156882422
4/26/2023 5:15,0.159387539
4/26/2023 5:30,0.156882422
4/26/2023 5:45,0.159387539
4/26/2023 6:00,0.161873026
4/26/2023 6:15,0.161887307
4/26/2023 6:30,0.161873026
4/26/2023 6:45,0.166036439
4/26/2023 7:00,0.152695062
4/26/2023 7:15,0.152695062
4/26/2023 7:30,0.156882422
4/26/2023 7:45,0.159387539
4/26/2023 8:00,0.152695062
4/26/2023 8:15,0.145975407
4/26/2023 8:30,0.156868096
4/26/2023 8:45,0.155206802
4/26/2023 9:00,0.145975407
4/26/2023 9:15,0.151847343
4/26/2023 9:30,0.147660925
4/26/2023 9:45,0.156882422
4/26/2023 10:00,0.155206802
4/26/2023 10:15,0.144286605
4/26/2023 10:30,0.137544627
4/26/2023 10:45,0.152695062
4/26/2023 11:00,0.150180741
4/26/2023 11:15,0.145138453
4/26/2023 11:30,0.150180741
4/26/2023 11:45,0.151861715
4/26/2023 12:00,0.154374782
4/26/2023 12:15,0.150180741
4/26/2023 12:30,0.150180741
4/26/2023 12:45,0.147660925
4/26/2023 13:00,0.145975407
4/26/2023 13:15,0.145975407
4/26/2023 13:30,0.14091934
4/26/2023 13:45,0.145138453
4/26/2023 14:00,0.143448732
4/26/2023 14:15,0.145138453
4/26/2023 14:30,0.145138453
4/26/2023 14:45,0.147660925
4/26/2023 15:00,0.143448732
4/26/2023 15:15,0.143448732
4/26/2023 15:30,0.147660925
4/26/2023 15:45,0.145975407
4/26/2023 16:00,0.150180741
4/26/2023 16:15,0.145975407
4/26/2023 16:30,0.14091934
4/26/2023 16:45,0.150180741
4/26/2023 17:00,0.14091934
4/26/2023 17:15,0.147660925
4/26/2023 17:30,0.143448732
4/26/2023 17:45,0.14091934
4/26/2023 18:00,0.138385747
4/26/2023 18:15,0.138385747
4/26/2023 18:30,0.143448732
4/26/2023 18:45,0.147660925
4/26/2023 19:00,0.154374782
4/26/2023 19:15,0.143463182
4/26/2023 19:30,0.145138453
4/26/2023 19:45,0.150180741
4/26/2023 20:00,0.154374782
4/26/2023 20:15,0.151861715
4/26/2023 20:30,0.147660925
4/26/2023 20:45,0.149346054
4/26/2023 21:00,0.153542325
4/26/2023 21:15,0.149346054
4/26/2023 21:30,0.146826326
4/26/2023 21:45,0.151861715
4/26/2023 22:00,0.147660925
4/26/2023 22:15,0.145138453
4/26/2023 22:30,0.144301047
4/26/2023 22:45,0.149346054
4/26/2023 23:00,0.149346054
4/26/2023 23:15,0.147660925
4/26/2023 23:30,0.153542325
4/26/2023 23:45,0.149346054
4/27/2023 0:00,0.149346054
4/27/2023 0:15,0.146826326
4/27/2023 0:30,0.145138453
4/27/2023 0:45,0.153542325
4/27/2023 1:00,0.153542325
4/27/2023 1:15,0.157713125
4/27/2023 1:30,0.145138453
4/27/2023 1:45,0.150180741
4/27/2023 2:00,0.146811907
4/27/2023 2:15,0.154360433
4/27/2023 2:30,0.154360433
4/27/2023 2:45,0.150180741
4/27/2023 3:00,0.156036949
4/27/2023 3:15,0.149346054
4/27/2023 3:30,0.154374782
4/27/2023 3:45,0.149346054
4/27/2023 4:00,0.145138453
4/27/2023 4:15,0.149346054
4/27/2023 4:30,0.147660925
4/27/2023 4:45,0.150180741
4/27/2023 5:00,0.153542325
4/27/2023 5:15,0.150180741
4/27/2023 5:30,0.147660925
4/27/2023 5:45,0.154374782
4/27/2023 6:00,0.151861715
4/27/2023 6:15,0.145138453
4/27/2023 6:30,0.152695062
4/27/2023 6:45,0.150180741
4/27/2023 7:00,0.145138453
4/27/2023 7:15,0.145138453
4/27/2023 7:30,0.136703041
4/27/2023 7:45,0.134162368
4/27/2023 8:00,0.140079622
4/27/2023 8:15,0.13584646
4/27/2023 8:30,0.142611849
4/27/2023 8:45,0.145975407
4/27/2023 9:00,0.143448732
4/27/2023 9:15,0.143448732
4/27/2023 9:30,0.13414783
4/27/2023 9:45,0.147660925
4/27/2023 10:00,0.14091934
4/27/2023 10:15,0.136703041
4/27/2023 10:30,0.140933815
4/27/2023 10:45,0.140933815
4/27/2023 11:00,0.132460373
4/27/2023 11:15,0.136688525
4/27/2023 11:30,0.138385747
4/27/2023 11:45,0.145138453
4/27/2023 12:00,0.14091934
4/27/2023 12:15,0.147660925
4/27/2023 12:30,0.14091934
4/27/2023 12:45,0.150180741
4/27/2023 13:00,0.140933815
4/27/2023 13:15,0.143463182
4/27/2023 13:30,0.133304339
4/27/2023 13:45,0.147660925
4/27/2023 14:00,0.144301047
4/27/2023 14:15,0.144301047
4/27/2023 14:30,0.141773062
4/27/2023 14:45,0.141758595
4/27/2023 15:00,0.147660925
4/27/2023 15:15,0.145975407
4/27/2023 15:30,0.145975407
4/27/2023 15:45,0.146826326
4/27/2023 16:00,0.14851092
4/27/2023 16:15,0.144301047
4/27/2023 16:30,0.14851092
4/27/2023 16:45,0.153542325
4/27/2023 17:00,0.154360433
4/27/2023 17:15,0.14851092
4/27/2023 17:30,0.151029363
4/27/2023 17:45,0.151029363
4/27/2023 18:00,0.146826326
4/27/2023 18:15,0.153542325
4/27/2023 18:30,0.152695062
4/27/2023 18:45,0.155206802
4/27/2023 19:00,0.155206802
4/27/2023 19:15,0.152695062
4/27/2023 19:30,0.159373235
4/27/2023 19:45,0.155206802
4/27/2023 20:00,0.161887307
4/27/2023 20:15,0.166036439
4/27/2023 20:30,0.16105877
4/27/2023 20:45,0.16105877
4/27/2023 21:00,0.166050683
4/27/2023 21:15,0.166050683
4/27/2023 21:30,0.16105877
4/27/2023 21:45,0.161887307
4/27/2023 22:00,0.159387539
4/27/2023 22:15,0.156882422
4/27/2023 22:30,0.156868096
4/27/2023 22:45,0.159387539
4/27/2023 23:00,0.156868096
4/27/2023 23:15,0.166036439
4/27/2023 23:30,0.161044481
4/27/2023 23:45,0.161873026
4/28/2023 0:00,0.159373235
4/28/2023 0:15,0.164368937
4/28/2023 0:30,0.159387539
4/28/2023 0:45,0.157713125
4/28/2023 1:00,0.159373235
4/28/2023 1:15,0.16105877
4/28/2023 1:30,0.163557369
4/28/2023 1:45,0.157713125
4/28/2023 2:00,0.161887307
4/28/2023 2:15,0.161887307
4/28/2023 2:30,0.159387539
4/28/2023 2:45,0.16105877
4/28/2023 3:00,0.159387539
4/28/2023 3:15,0.161887307
4/28/2023 3:30,0.159387539
4/28/2023 3:45,0.159387539
4/28/2023 4:00,0.156882422
4/28/2023 4:15,0.16105877
4/28/2023 4:30,0.16105877
4/28/2023 4:45,0.16105877
4/28/2023 5:00,0.159387539
4/28/2023 5:15,0.159387539
4/28/2023 5:30,0.161887307
4/28/2023 5:45,0.159387539
4/28/2023 6:00,0.159387539
4/28/2023 6:15,0.166036439
4/28/2023 6:30,0.161044481
4/28/2023 6:45,0.163543102
4/28/2023 7:00,0.16770223
4/28/2023 7:15,0.163557369
4/28/2023 7:30,0.16105877
4/28/2023 7:45,0.154360433
4/28/2023 8:00,0.156868096
4/28/2023 8:15,0.156882422
4/28/2023 8:30,0.156051284
4/28/2023 8:45,0.162715418
4/28/2023 9:00,0.162715418
4/28/2023 9:15,0.16021551
4/28/2023 9:30,0.156051284
4/28/2023 9:45,0.154374782
4/28/2023 10:00,0.158543396
4/28/2023 10:15,0.161044481
4/28/2023 10:30,0.146811907
4/28/2023 10:45,0.151861715
4/28/2023 11:00,0.156051284
4/28/2023 11:15,0.149346054
4/28/2023 11:30,0.154374782
4/28/2023 11:45,0.156051284
4/28/2023 12:00,0.151861715
4/28/2023 12:15,0.151861715
4/28/2023 12:30,0.151861715
4/28/2023 12:45,0.156051284
4/28/2023 13:00,0.156051284
4/28/2023 13:15,0.154374782
4/28/2023 13:30,0.156036949
4/28/2023 13:45,0.154374782
4/28/2023 14:00,0.158557708
4/28/2023 14:15,0.156051284
4/28/2023 14:30,0.151861715
4/28/2023 14:45,0.153542325
4/28/2023 15:00,0.16021551
4/28/2023 15:15,0.156051284
4/28/2023 15:30,0.156051284
4/28/2023 15:45,0.158557708
4/28/2023 16:00,0.153542325
4/28/2023 16:15,0.146826326
4/28/2023 16:30,0.158557708
4/28/2023 16:45,0.153542325
4/28/2023 17:00,0.156051284
4/28/2023 17:15,0.156051284
4/28/2023 17:30,0.153527967
4/28/2023 17:45,0.158543396
4/28/2023 18:00,0.158543396
4/28/2023 18:15,0.157713125
4/28/2023 18:30,0.157713125
4/28/2023 18:45,0.155206802
4/28/2023 19:00,0.155206802
4/28/2023 19:15,0.155206802
4/28/2023 19:30,0.157713125
4/28/2023 19:45,0.153527967
4/28/2023 20:00,0.16021551
4/28/2023 20:15,0.157713125
4/28/2023 20:30,0.161873026
4/28/2023 20:45,0.159373235
4/28/2023 21:00,0.157713125
4/28/2023 21:15,0.157713125
4/28/2023 21:30,0.159387539
4/28/2023 21:45,0.163543102
4/28/2023 22:00,0.161887307
4/28/2023 22:15,0.159387539
4/28/2023 22:30,0.157713125
4/28/2023 22:45,0.161887307
4/28/2023 23:00,0.161887307
4/28/2023 23:15,0.155206802
4/28/2023 23:30,0.161887307
4/28/2023 23:45,0.163543102
4/29/2023 0:00,0.159387539
4/29/2023 0:15,0.156882422
4/29/2023 0:30,0.155206802
4/29/2023 0:45,0.155206802
4/29/2023 1:00,0.159373235
4/29/2023 1:15,0.159387539
4/29/2023 1:30,0.153527967
4/29/2023 1:45,0.161873026
4/29/2023 2:00,0.159373235
4/29/2023 2:15,0.159373235
4/29/2023 2:30,0.156868096
4/29/2023 2:45,0.159373235
4/29/2023 3:00,0.157713125
4/29/2023 3:15,0.161873026
4/29/2023 3:30,0.16021551
4/29/2023 3:45,0.157713125
4/29/2023 4:00,0.155206802
4/29/2023 4:15,0.156882422
4/29/2023 4:30,0.157713125
4/29/2023 4:45,0.16021551
4/29/2023 5:00,0.157713125
4/29/2023 5:15,0.157713125
4/29/2023 5:30,0.157713125
4/29/2023 5:45,0.157713125
4/29/2023 6:00,0.156868096
4/29/2023 6:15,0.155206802
4/29/2023 6:30,0.157713125
4/29/2023 6:45,0.152695062
4/29/2023 7:00,0.155206802
4/29/2023 7:15,0.148496517
4/29/2023 7:30,0.154374782
4/29/2023 7:45,0.152695062
4/29/2023 8:00,0.152695062
4/29/2023 8:15,0.150180741
4/29/2023 8:30,0.152695062
4/29/2023 8:45,0.154360433
4/29/2023 9:00,0.14851092
4/29/2023 9:15,0.156882422
4/29/2023 9:30,0.147660925
4/29/2023 9:45,0.145975407
4/29/2023 10:00,0.147660925
4/29/2023 10:15,0.150180741
4/29/2023 10:30,0.146826326
4/29/2023 10:45,0.150180741
4/29/2023 11:00,0.152695062
4/29/2023 11:15,0.143463182
4/29/2023 11:30,0.152695062
4/29/2023 11:45,0.145989834
4/29/2023 12:00,0.154360433
4/29/2023 12:15,0.148496517
4/29/2023 12:30,0.148496517
4/29/2023 12:45,0.148496517
4/29/2023 13:00,0.156882422
4/29/2023 13:15,0.151014983
4/29/2023 13:30,0.156882422
4/29/2023 13:45,0.155206802
4/29/2023 14:00,0.155206802
4/29/2023 14:15,0.155206802
4/29/2023 14:30,0.161887307
4/29/2023 14:45,0.157713125
4/29/2023 15:00,0.164383196
4/29/2023 15:15,0.166876667
4/29/2023 15:30,0.168540178
4/29/2023 15:45,0.162715418
4/29/2023 16:00,0.162715418
4/29/2023 16:15,0.168525956
4/29/2023 16:30,0.166862429
4/29/2023 16:45,0.166862429
4/29/2023 17:00,0.168525956
4/29/2023 17:15,0.172672432
4/29/2023 17:30,0.177629143
4/29/2023 17:45,0.174331509
4/29/2023 18:00,0.181738892
4/29/2023 18:15,0.179283293
4/29/2023 18:30,0.175153343
4/29/2023 18:45,0.181753003
4/29/2023 19:00,0.176808529
4/29/2023 19:15,0.179283293
4/29/2023 19:30,0.180920287
4/29/2023 19:45,0.176808529
4/29/2023 20:00,0.183389014
4/29/2023 20:15,0.183389014
4/29/2023 20:30,0.176794377
4/29/2023 20:45,0.183389014
4/29/2023 21:00,0.176794377
4/29/2023 21:15,0.17102731
4/29/2023 21:30,0.175153343
4/29/2023 21:45,0.175153343
4/29/2023 22:00,0.179283293
4/29/2023 22:15,0.175153343
4/29/2023 22:30,0.177629143
4/29/2023 22:45,0.175153343
4/29/2023 23:00,0.170189212
4/29/2023 23:15,0.176794377
4/29/2023 23:30,0.176808529
4/29/2023 23:45,0.178449352
4/30/2023 0:00,0.172672432
4/30/2023 0:15,0.174331509
4/30/2023 0:30,0.177629143
4/30/2023 0:45,0.179283293
4/30/2023 1:00,0.180934403
4/30/2023 1:15,0.179283293
4/30/2023 1:30,0.179283293
4/30/2023 1:45,0.181738892
4/30/2023 2:00,0.176794377
4/30/2023 2:15,0.179269161
4/30/2023 2:30,0.173495088
4/30/2023 2:45,0.172672432
4/30/2023 3:00,0.171013108
4/30/2023 3:15,0.168525956
4/30/2023 3:30,0.166862429
4/30/2023 3:45,0.169350687
4/30/2023 4:00,0.172672432
4/30/2023 4:15,0.169350687
4/30/2023 4:30,0.169350687
4/30/2023 4:45,0.168525956
4/30/2023 5:00,0.171013108
4/30/2023 5:15,0.168525956
4/30/2023 5:30,0.171013108
4/30/2023 5:45,0.166876667
4/30/2023 6:00,0.171013108
4/30/2023 6:15,0.171013108
4/30/2023 6:30,0.166036439
4/30/2023 6:45,0.171013108
4/30/2023 7:00,0.166862429
4/30/2023 7:15,0.165210028
4/30/2023 7:30,0.164368937
4/30/2023 7:45,0.164368937
4/30/2023 8:00,0.159373235
4/30/2023 8:15,0.166036439
4/30/2023 8:30,0.162715418
4/30/2023 8:45,0.164368937
4/30/2023 9:00,0.164368937
4/30/2023 9:15,0.16021551
4/30/2023 9:30,0.162715418
4/30/2023 9:45,0.162715418
4/30/2023 10:00,0.16021551
4/30/2023 10:15,0.161873026
4/30/2023 10:30,0.162715418
4/30/2023 10:45,0.165210028
4/30/2023 11:00,0.162715418
4/30/2023 11:15,0.162715418
4/30/2023 11:30,0.161873026
4/30/2023 11:45,0.165210028
4/30/2023 12:00,0.156051284
4/30/2023 12:15,0.164368937
4/30/2023 12:30,0.166862429
4/30/2023 12:45,0.166862429
4/30/2023 13:00,0.169350687
4/30/2023 13:15,0.175153343
4/30/2023 13:30,0.169350687
4/30/2023 13:45,0.177629143
4/30/2023 14:00,0.181753003
4/30/2023 14:15,0.177629143
4/30/2023 14:30,0.185036125
4/30/2023 14:45,0.182571206
4/30/2023 15:00,0.190785035
4/30/2023 15:15,0.190785035
4/30/2023 15:30,0.191598931
4/30/2023 15:45,0.189142043
4/30/2023 16:00,0.186683052
4/30/2023 16:15,0.184206428
4/30/2023 16:30,0.193224174
4/30/2023 16:45,0.188314337
4/30/2023 17:00,0.188314337
4/30/2023 17:15,0.182571206
4/30/2023 17:30,0.185036125
4/30/2023 17:45,0.185036125
4/30/2023 18:00,0.186668981
4/30/2023 18:15,0.188314337
4/30/2023 18:30,0.194863302
4/30/2023 18:45,0.194863302
4/30/2023 19:00,0.193224174
4/30/2023 19:15,0.190770999
4/30/2023 19:30,0.194863302
4/30/2023 19:45,0.193224174
4/30/2023 20:00,0.190770999
4/30/2023 20:15,0.194863302
4/30/2023 20:30,0.19567529
4/30/2023 20:45,0.193224174
4/30/2023 21:00,0.197310723
4/30/2023 21:15,0.188314337
4/30/2023 21:30,0.193224174
4/30/2023 21:45,0.188314337
4/30/2023 22:00,0.189127994
4/30/2023 22:15,0.186668981
4/30/2023 22:30,0.194863302
4/30/2023 22:45,0.188314337
4/30/2023 23:00,0.186683052
4/30/2023 23:15,0.180102694
4/30/2023 23:30,0.180102694
4/30/2023 23:45,0.185852748
5/1/2023 0:00,0.188314337
5/1/2023 0:15,0.188314337
5/1/2023 0:30,0.186683052
5/1/2023 0:45,0.188314337
5/1/2023 1:00,0.185852748
5/1/2023 1:15,0.190770999
5/1/2023 1:30,0.189956714
5/1/2023 1:45,0.188314337
5/1/2023 2:00,0.188314337
5/1/2023 2:15,0.188328394
5/1/2023 2:30,0.188328394
5/1/2023 2:45,0.186683052
5/1/2023 3:00,0.186683052
5/1/2023 3:15,0.188314337
5/1/2023 3:30,0.188328394
5/1/2023 3:45,0.188328394
5/1/2023 4:00,0.184220519
5/1/2023 4:15,0.190785035
5/1/2023 4:30,0.188314337
5/1/2023 4:45,0.189142043
5/1/2023 5:00,0.186683052
5/1/2023 5:15,0.181738892
5/1/2023 5:30,0.184206428
5/1/2023 5:45,0.186668981
5/1/2023 6:00,0.185852748
5/1/2023 6:15,0.188314337
5/1/2023 6:30,0.189142043
5/1/2023 6:45,0.192412443
5/1/2023 7:00,0.188328394
5/1/2023 7:15,0.188328394
5/1/2023 7:30,0.186683052
5/1/2023 7:45,0.188328394
5/1/2023 8:00,0.181753003
5/1/2023 8:15,0.185866825
5/1/2023 8:30,0.181753003
5/1/2023 8:45,0.181753003
5/1/2023 9:00,0.184220519
5/1/2023 9:15,0.175153343
5/1/2023 9:30,0.177629143
5/1/2023 9:45,0.178449352
5/1/2023 10:00,0.180102694
5/1/2023 10:15,0.175974771
5/1/2023 10:30,0.178449352
5/1/2023 10:45,0.185036125
5/1/2023 11:00,0.175974771
5/1/2023 11:15,0.178449352
5/1/2023 11:30,0.178449352
5/1/2023 11:45,0.171013108
5/1/2023 12:00,0.180102694
5/1/2023 12:15,0.182571206
5/1/2023 12:30,0.177629143
5/1/2023 12:45,0.180934403
5/1/2023 13:00,0.180102694
5/1/2023 13:15,0.175988929
5/1/2023 13:30,0.180934403
5/1/2023 13:45,0.176808529
5/1/2023 14:00,0.182571206
5/1/2023 14:15,0.185036125
5/1/2023 14:30,0.185036125
5/1/2023 14:45,0.189142043
5/1/2023 15:00,0.186683052
5/1/2023 15:15,0.191598931
5/1/2023 15:30,0.189142043
5/1/2023 15:45,0.198135555
5/1/2023 16:00,0.194050935
5/1/2023 16:15,0.193224174
5/1/2023 16:30,0.198121578
5/1/2023 16:45,0.19567529
5/1/2023 17:00,0.194036925
5/1/2023 17:15,0.191584901
5/1/2023 17:30,0.194036925
5/1/2023 17:45,0.194036925
5/1/2023 18:00,0.19567529
5/1/2023 18:15,0.189127994
5/1/2023 18:30,0.203813639
5/1/2023 18:45,0.197310723
5/1/2023 19:00,0.19567529
5/1/2023 19:15,0.198121578
5/1/2023 19:30,0.20219677
5/1/2023 19:45,0.193224174
5/1/2023 20:00,0.198135555
5/1/2023 20:15,0.193224174
5/1/2023 20:30,0.191598931
5/1/2023 20:45,0.191598931
5/1/2023 21:00,0.193238189
5/1/2023 21:15,0.189142043
5/1/2023 21:30,0.195689287
5/1/2023 21:45,0.195689287
5/1/2023 22:00,0.198135555
5/1/2023 22:15,0.195689287
5/1/2023 22:30,0.189142043
5/1/2023 22:45,0.199756135
5/1/2023 23:00,0.201387783
5/1/2023 23:15,0.189142043
5/1/2023 23:30,0.193224174
5/1/2023 23:45,0.199756135
5/2/2023 0:00,0.20219677
5/2/2023 0:15,0.20219677
5/2/2023 0:30,0.199756135
5/2/2023 0:45,0.197310723
5/2/2023 1:00,0.20219677
5/2/2023 1:15,0.208695791
5/2/2023 1:30,0.197310723
5/2/2023 1:45,0.20219677
5/2/2023 2:00,0.193224174
5/2/2023 2:15,0.19567529
5/2/2023 2:30,0.20219677
5/2/2023 2:45,0.208695791
5/2/2023 3:00,0.20219677
5/2/2023 3:15,0.194863302
5/2/2023 3:30,0.197310723
5/2/2023 3:45,0.198946031
5/2/2023 4:00,0.193238189
5/2/2023 4:15,0.207875838
5/2/2023 4:30,0.193224174
5/2/2023 4:45,0.193224174
5/2/2023 5:00,0.194863302
5/2/2023 5:15,0.19893206
5/2/2023 5:30,0.197310723
5/2/2023 5:45,0.195689287
5/2/2023 6:00,0.19893206
5/2/2023 6:15,0.192412443
5/2/2023 6:30,0.199756135
5/2/2023 6:45,0.193224174
5/2/2023 7:00,0.193224174
5/2/2023 7:15,0.190770999
5/2/2023 7:30,0.193224174
5/2/2023 7:45,0.192412443
5/2/2023 8:00,0.189127994
5/2/2023 8:15,0.20219677
5/2/2023 8:30,0.194863302
5/2/2023 8:45,0.194863302
5/2/2023 9:00,0.193224174
5/2/2023 9:15,0.194863302
5/2/2023 9:30,0.184206428
5/2/2023 9:45,0.194863302
5/2/2023 10:00,0.193238189
5/2/2023 10:15,0.190785035
5/2/2023 10:30,0.184220519
5/2/2023 10:45,0.194863302
5/2/2023 11:00,0.184220519
5/2/2023 11:15,0.186683052
5/2/2023 11:30,0.182571206
5/2/2023 11:45,0.186683052
5/2/2023 12:00,0.190785035
5/2/2023 12:15,0.190770999
5/2/2023 12:30,0.191584901
5/2/2023 12:45,0.184206428
5/2/2023 13:00,0.186668981
5/2/2023 13:15,0.194863302
5/2/2023 13:30,0.186683052
5/2/2023 13:45,0.186683052
5/2/2023 14:00,0.19567529
5/2/2023 14:15,0.190770999
5/2/2023 14:30,0.193224174
5/2/2023 14:45,0.185036125
5/2/2023 15:00,0.191598931
5/2/2023 15:15,0.210319311
5/2/2023 15:30,0.20219677
5/2/2023 15:45,0.195689287
5/2/2023 16:00,0.20463545
5/2/2023 16:15,0.199756135
5/2/2023 16:30,0.206262636
5/2/2023 16:45,0.215156267
5/2/2023 17:00,0.228024806
5/2/2023 17:15,0.220795048
5/2/2023 17:30,0.243998505
5/2/2023 17:45,0.26693103
5/2/2023 18:00,0.248777692
5/2/2023 18:15,0.259058546
5/2/2023 18:30,0.251943402
5/2/2023 18:45,0.260641412
5/2/2023 19:00,0.255104113
5/2/2023 19:15,0.246395672
5/2/2023 19:30,0.282600826
5/2/2023 19:45,0.273216416
5/2/2023 20:00,0.258259881
5/2/2023 20:15,0.231238154
5/2/2023 20:30,0.222407906
5/2/2023 20:45,0.229631473
5/2/2023 21:00,0.227227152
5/2/2023 21:15,0.224833538
5/2/2023 21:30,0.224833538
5/2/2023 21:45,0.215972948
5/2/2023 22:00,0.211928897
5/2/2023 22:15,0.22402075
5/2/2023 22:30,0.216775432
5/2/2023 22:45,0.228038557
5/2/2023 23:00,0.21354953
5/2/2023 23:15,0.210305429
5/2/2023 23:30,0.210305429
5/2/2023 23:45,0.207875838
5/3/2023 0:00,0.209500095
5/3/2023 0:15,0.207875838
5/3/2023 0:30,0.219994308
5/3/2023 0:45,0.226429159
5/3/2023 1:00,0.216775432
5/3/2023 1:15,0.21354953
5/3/2023 1:30,0.219994308
5/3/2023 1:45,0.214353076
5/3/2023 2:00,0.21354953
5/3/2023 2:15,0.209500095
5/3/2023 2:30,0.215972948
5/3/2023 2:45,0.222421696
5/3/2023 3:00,0.228835868
5/3/2023 3:15,0.226429159
5/3/2023 3:30,0.215959109
5/3/2023 3:45,0.222407906
5/3/2023 4:00,0.218377968
5/3/2023 4:15,0.228835868
5/3/2023 4:30,0.218377968
5/3/2023 4:45,0.209500095
5/3/2023 5:00,0.214353076
5/3/2023 5:15,0.219994308
5/3/2023 5:30,0.211928897
5/3/2023 5:45,0.222407906
5/3/2023 6:00,0.219994308
5/3/2023 6:15,0.211928897
5/3/2023 6:30,0.22402075
5/3/2023 6:45,0.228835868
5/3/2023 7:00,0.239221335
5/3/2023 7:15,0.209500095
5/3/2023 7:30,0.220008117
5/3/2023 7:45,0.205455491
5/3/2023 8:00,0.211928897
5/3/2023 8:15,0.216775432
5/3/2023 8:30,0.205441573
5/3/2023 8:45,0.203827571
5/3/2023 9:00,0.207875838
5/3/2023 9:15,0.197310723
5/3/2023 9:30,0.203827571
5/3/2023 9:45,0.203827571
5/3/2023 10:00,0.203005388
5/3/2023 10:15,0.205441573
5/3/2023 10:30,0.197310723
5/3/2023 10:45,0.210305429
5/3/2023 11:00,0.201387783
5/3/2023 11:15,0.205441573
5/3/2023 11:30,0.193224174
5/3/2023 11:45,0.197310723
5/3/2023 12:00,0.198946031
5/3/2023 12:15,0.214353076
5/3/2023 12:30,0.207889738
5/3/2023 12:45,0.206262636
5/3/2023 13:00,0.216775432
5/3/2023 13:15,0.210305429
5/3/2023 13:30,0.212733155
5/3/2023 13:45,0.210305429
5/3/2023 14:00,0.214353076
5/3/2023 14:15,0.216775432
5/3/2023 14:30,0.224833538
5/3/2023 14:45,0.221607861
5/3/2023 15:00,0.229645211
5/3/2023 15:15,0.229645211
5/3/2023 15:30,0.229631473
5/3/2023 15:45,0.228024806
5/3/2023 16:00,0.231238154
5/3/2023 16:15,0.234432389
5/3/2023 16:30,0.22563083
5/3/2023 16:45,0.234432389
5/3/2023 17:00,0.24002768
5/3/2023 17:15,0.246395672
5/3/2023 17:30,0.232034125
5/3/2023 17:45,0.232034125
5/3/2023 18:00,0.24002768
5/3/2023 18:15,0.270862788
5/3/2023 18:30,0.277136428
5/3/2023 18:45,0.285715387
5/3/2023 19:00,0.281824493
5/3/2023 19:15,0.291945798
5/3/2023 19:30,0.287278332
5/3/2023 19:45,0.277136428
5/3/2023 20:00,0.277136428
5/3/2023 20:15,0.262208188
5/3/2023 20:30,0.289612643
5/3/2023 20:45,0.291945798
5/3/2023 21:00,0.295832001
5/3/2023 21:15,0.281824493
5/3/2023 21:30,0.262208188
5/3/2023 21:45,0.284941512
5/3/2023 22:00,0.26693103
5/3/2023 22:15,0.298143978
5/3/2023 22:30,0.288052708
5/3/2023 22:45,0.27164314
5/3/2023 23:00,0.27164314
5/3/2023 23:15,0.281811106
5/3/2023 23:30,0.27164314
5/3/2023 23:45,0.27164314
5/4/2023 0:00,0.259058546
5/4/2023 0:15,0.262991803
5/4/2023 0:30,0.260627888
5/4/2023 0:45,0.256690064
5/4/2023 1:00,0.250353698
5/4/2023 1:15,0.277136428
5/4/2023 1:30,0.24002768
5/4/2023 1:45,0.264571636
5/4/2023 2:00,0.264571636
5/4/2023 2:15,0.252730991
5/4/2023 2:30,0.255104113
5/4/2023 2:45,0.264571636
5/4/2023 3:00,0.236035046
5/4/2023 3:15,0.277123012
5/4/2023 3:30,0.242416055
5/4/2023 3:45,0.246382053
5/4/2023 4:00,0.246382053
5/4/2023 4:15,0.243998505
5/4/2023 4:30,0.262208188
5/4/2023 4:45,0.251929821
5/4/2023 5:00,0.243998505
5/4/2023 5:15,0.240014016
5/4/2023 5:30,0.237621321
5/4/2023 5:45,0.248764089
5/4/2023 6:00,0.255104113
5/4/2023 6:15,0.245591945
5/4/2023 6:30,0.24002768
5/4/2023 6:45,0.228835868
5/4/2023 7:00,0.236035046
5/4/2023 7:15,0.243207441
5/4/2023 7:30,0.231238154
5/4/2023 7:45,0.237635003
5/4/2023 8:00,0.22080885
5/4/2023 8:15,0.231238154
5/4/2023 8:30,0.231238154
5/4/2023 8:45,0.227227152
5/4/2023 9:00,0.243998505
5/4/2023 9:15,0.232034125
5/4/2023 9:30,0.219193222
5/4/2023 9:45,0.227227152
5/4/2023 10:00,0.218391789
5/4/2023 10:15,0.219193222
5/4/2023 10:30,0.219193222
5/4/2023 10:45,0.208695791
5/4/2023 11:00,0.206262636
5/4/2023 11:15,0.215156267
5/4/2023 11:30,0.232034125
5/4/2023 11:45,0.238428331
5/4/2023 12:00,0.216775432
5/4/2023 12:15,0.223221395
5/4/2023 12:30,0.215156267
5/4/2023 12:45,0.215170113
5/4/2023 13:00,0.22402075
5/4/2023 13:15,0.217590009
5/4/2023 13:30,0.215170113
5/4/2023 13:45,0.216775432
5/4/2023 14:00,0.232843481
5/4/2023 14:15,0.221607861
5/4/2023 14:30,0.217576183
5/4/2023 14:45,0.228024806
5/4/2023 15:00,0.229631473
5/4/2023 15:15,0.228024806
5/4/2023 15:30,0.230441849
5/4/2023 15:45,0.234432389
5/4/2023 16:00,0.240820033
5/4/2023 16:15,0.226429159
5/4/2023 16:30,0.232047847
5/4/2023 16:45,0.24002768
5/4/2023 17:00,0.242416055
5/4/2023 17:15,0.259058546
5/4/2023 17:30,0.250353698
5/4/2023 17:45,0.238428331
5/4/2023 18:00,0.267726332
5/4/2023 18:15,0.270082145
5/4/2023 18:30,0.285715387
5/4/2023 18:45,0.275566074
5/4/2023 19:00,0.281824493
5/4/2023 19:15,0.253516914
5/4/2023 19:30,0.281824493
5/4/2023 19:45,0.27164314
5/4/2023 20:00,0.251141915
5/4/2023 20:15,0.27164314
5/4/2023 20:30,0.248764089
5/4/2023 20:45,0.250353698
5/4/2023 21:00,0.262991803
5/4/2023 21:15,0.251929821
5/4/2023 21:30,0.250353698
5/4/2023 21:45,0.247974932
5/4/2023 22:00,0.250353698
5/4/2023 22:15,0.249565172
5/4/2023 22:30,0.250353698
5/4/2023 22:45,0.236035046
5/4/2023 23:00,0.247974932
5/4/2023 23:15,0.243998505
5/4/2023 23:30,0.237635003
5/4/2023 23:45,0.24002768
5/5/2023 0:00,0.252730991
5/5/2023 0:15,0.231238154
5/5/2023 0:30,0.243998505
5/5/2023 0:45,0.229631473
5/5/2023 1:00,0.24002768
5/5/2023 1:15,0.241610698
5/5/2023 1:30,0.244012142
5/5/2023 1:45,0.247974932
5/5/2023 2:00,0.24002768
5/5/2023 2:15,0.237635003
5/5/2023 2:30,0.26693103
5/5/2023 2:45,0.232843481
5/5/2023 3:00,0.241624351
5/5/2023 3:15,0.22080885
5/5/2023 3:30,0.219193222
5/5/2023 3:45,0.24002768
5/5/2023 4:00,0.236035046
5/5/2023 4:15,0.22563083
5/5/2023 4:30,0.231238154
5/5/2023 4:45,0.236035046
5/5/2023 5:00,0.218377968
5/5/2023 5:15,0.223221395
5/5/2023 5:30,0.22563083
5/5/2023 5:45,0.215959109
5/5/2023 6:00,0.228835868
5/5/2023 6:15,0.228835868
5/5/2023 6:30,0.232047847
5/5/2023 6:45,0.231238154
5/5/2023 7:00,0.211928897
5/5/2023 7:15,0.212733155
5/5/2023 7:30,0.22080885
5/5/2023 7:45,0.212733155
5/5/2023 8:00,0.223221395
5/5/2023 8:15,0.236035046
5/5/2023 8:30,0.197310723
5/5/2023 8:45,0.216775432
5/5/2023 9:00,0.194863302
5/5/2023 9:15,0.205441573
5/5/2023 9:30,0.203813639
5/5/2023 9:45,0.20219677
5/5/2023 10:00,0.219193222
5/5/2023 10:15,0.210305429
5/5/2023 10:30,0.214353076
5/5/2023 10:45,0.212733155
5/5/2023 11:00,0.216775432
5/5/2023 11:15,0.212733155
5/5/2023 11:30,0.219193222
5/5/2023 11:45,0.20463545
5/5/2023 12:00,0.224819764
5/5/2023 12:15,0.214353076
5/5/2023 12:30,0.224819764
5/5/2023 12:45,0.20219677
5/5/2023 13:00,0.221607861
5/5/2023 13:15,0.19567529
5/5/2023 13:30,0.223221395
5/5/2023 13:45,0.210305429
5/5/2023 14:00,0.212747018
5/5/2023 14:15,0.22402075
5/5/2023 14:30,0.211124282
5/5/2023 14:45,0.223221395
5/5/2023 15:00,0.219193222
5/5/2023 15:15,0.227227152
5/5/2023 15:30,0.225617063
5/5/2023 15:45,0.208681895
5/5/2023 16:00,0.220795048
5/5/2023 16:15,0.234432389
5/5/2023 16:30,0.22402075
5/5/2023 16:45,0.232034125
5/5/2023 17:00,0.234432389
5/5/2023 17:15,0.228024806
5/5/2023 17:30,0.219193222
5/5/2023 17:45,0.232034125
5/5/2023 18:00,0.217576183
5/5/2023 18:15,0.233637415
5/5/2023 18:30,0.237635003
5/5/2023 18:45,0.246382053
5/5/2023 19:00,0.233637415
5/5/2023 19:15,0.243998505
5/5/2023 19:30,0.238428331
5/5/2023 19:45,0.225617063
5/5/2023 20:00,0.233637415
5/5/2023 20:15,0.231238154
5/5/2023 20:30,0.227240907
5/5/2023 20:45,0.22563083
5/5/2023 21:00,0.237635003
5/5/2023 21:15,0.231238154
5/5/2023 21:30,0.223221395
5/5/2023 21:45,0.224819764
5/5/2023 22:00,0.235227035
5/5/2023 22:15,0.228835868
5/5/2023 22:30,0.215170113
5/5/2023 22:45,0.22080885
5/5/2023 23:00,0.208695791
5/5/2023 23:15,0.211928897
5/5/2023 23:30,0.215170113
5/5/2023 23:45,0.210305429
5/6/2023 0:00,0.219193222
5/6/2023 0:15,0.22080885
5/6/2023 0:30,0.214353076
5/6/2023 0:45,0.22080885
5/6/2023 1:00,0.218391789
5/6/2023 1:15,0.210319311
5/6/2023 1:30,0.211928897
5/6/2023 1:45,0.214353076
5/6/2023 2:00,0.203813639
5/6/2023 2:15,0.211928897
5/6/2023 2:30,0.206248723
5/6/2023 2:45,0.220795048
5/6/2023 3:00,0.207875838
5/6/2023 3:15,0.218391789
5/6/2023 3:30,0.209500095
5/6/2023 3:45,0.209500095
5/6/2023 4:00,0.214353076
5/6/2023 4:15,0.214353076
5/6/2023 4:30,0.203813639
5/6/2023 4:45,0.219193222
5/6/2023 5:00,0.224819764
5/6/2023 5:15,0.212733155
5/6/2023 5:30,0.203005388
5/6/2023 5:45,0.20219677
5/6/2023 6:00,0.203813639
5/6/2023 6:15,0.197310723
5/6/2023 6:30,0.19893206
5/6/2023 6:45,0.194863302
5/6/2023 7:00,0.185852748
5/6/2023 7:15,0.218391789
5/6/2023 7:30,0.203019326
5/6/2023 7:45,0.203827571
5/6/2023 8:00,0.211928897
5/6/2023 8:15,0.199756135
5/6/2023 8:30,0.194863302
5/6/2023 8:45,0.197310723
5/6/2023 9:00,0.203813639
5/6/2023 9:15,0.188314337
5/6/2023 9:30,0.190770999
5/6/2023 9:45,0.194863302
5/6/2023 10:00,0.19893206
5/6/2023 10:15,0.193238189
5/6/2023 10:30,0.180102694
5/6/2023 10:45,0.186683052
5/6/2023 11:00,0.184220519
5/6/2023 11:15,0.193238189
5/6/2023 11:30,0.190785035
5/6/2023 11:45,0.193238189
5/6/2023 12:00,0.180102694
5/6/2023 12:15,0.175988929
5/6/2023 12:30,0.19893206
5/6/2023 12:45,0.199756135
5/6/2023 13:00,0.189142043
5/6/2023 13:15,0.188314337
5/6/2023 13:30,0.197310723
5/6/2023 13:45,0.197310723
5/6/2023 14:00,0.193238189
5/6/2023 14:15,0.191598931
5/6/2023 14:30,0.185036125
5/6/2023 14:45,0.190770999
5/6/2023 15:00,0.191598931
5/6/2023 15:15,0.190770999
5/6/2023 15:30,0.20219677
5/6/2023 15:45,0.186668981
5/6/2023 16:00,0.194863302
5/6/2023 16:15,0.194863302
5/6/2023 16:30,0.189142043
5/6/2023 16:45,0.203827571
5/6/2023 17:00,0.207889738
5/6/2023 17:15,0.206262636
5/6/2023 17:30,0.199756135
5/6/2023 17:45,0.207889738
5/6/2023 18:00,0.206262636
5/6/2023 18:15,0.20219677
5/6/2023 18:30,0.191598931
5/6/2023 18:45,0.20219677
5/6/2023 19:00,0.20219677
5/6/2023 19:15,0.22080885
5/6/2023 19:30,0.194863302
5/6/2023 19:45,0.193224174
5/6/2023 20:00,0.20219677
5/6/2023 20:15,0.199756135
5/6/2023 20:30,0.198946031
5/6/2023 20:45,0.197310723
5/6/2023 21:00,0.193224174
5/6/2023 21:15,0.197310723
5/6/2023 21:30,0.197310723
5/6/2023 21:45,0.203827571
5/6/2023 22:00,0.197310723
5/6/2023 22:15,0.203019326
5/6/2023 22:30,0.194863302
5/6/2023 22:45,0.203827571
5/6/2023 23:00,0.197310723
5/6/2023 23:15,0.209500095
5/6/2023 23:30,0.207889738
5/6/2023 23:45,0.199756135
5/7/2023 0:00,0.169587342
5/7/2023 0:15,0.165332697
5/7/2023 0:30,0.172399059
5/7/2023 0:45,0.156794561
5/7/2023 1:00,0.168178459
5/7/2023 1:15,0.175232614
5/7/2023 1:30,0.168154158
5/7/2023 1:45,0.170995014
5/7/2023 2:00,0.151057268
5/7/2023 2:15,0.161044899
5/7/2023 2:30,0.175232614
5/7/2023 2:45,0.168154158
5/7/2023 3:00,0.175232614
5/7/2023 3:15,0.155349944
5/7/2023 3:30,0.159628561
5/7/2023 3:45,0.168154158
5/7/2023 4:00,0.161069306
5/7/2023 4:15,0.172423298
5/7/2023 4:30,0.163922564
5/7/2023 4:45,0.170995014
5/7/2023 5:00,0.163922564
5/7/2023 5:15,0.175232614
5/7/2023 5:30,0.159628561
5/7/2023 5:45,0.163898199
5/7/2023 6:00,0.152481282
5/7/2023 6:15,0.155349944
5/7/2023 6:30,0.183678071
5/7/2023 6:45,0.161069306
5/7/2023 7:00,0.143895396
5/7/2023 7:15,0.165332697
5/7/2023 7:30,0.149631957
5/7/2023 7:45,0.149631957
5/7/2023 8:00,0.153928524
5/7/2023 8:15,0.153928524
5/7/2023 8:30,0.161069306
5/7/2023 8:45,0.136675202
5/7/2023 9:00,0.168154158
5/7/2023 9:15,0.165332697
5/7/2023 9:30,0.145325985
5/7/2023 9:45,0.152505822
5/7/2023 10:00,0.161069306
5/7/2023 10:15,0.145325985
5/7/2023 10:30,0.152505822
5/7/2023 10:45,0.161069306
5/7/2023 11:00,0.145325985
5/7/2023 11:15,0.161069306
5/7/2023 11:30,0.149631957
5/7/2023 11:45,0.145325985
5/7/2023 12:00,0.138112574
5/7/2023 12:15,0.138112574
5/7/2023 12:30,0.161069306
5/7/2023 12:45,0.156794561
5/7/2023 13:00,0.142438774
5/7/2023 13:15,0.152505822
5/7/2023 13:30,0.133773982
5/7/2023 13:45,0.145325985
5/7/2023 14:00,0.141007961
5/7/2023 14:15,0.163922564
5/7/2023 14:30,0.149631957
5/7/2023 14:45,0.156794561
5/7/2023 15:00,0.153928524
5/7/2023 15:15,0.156794561
5/7/2023 15:30,0.145325985
5/7/2023 15:45,0.145325985
5/7/2023 16:00,0.152481282
5/7/2023 16:15,0.168154158
5/7/2023 16:30,0.152481282
5/7/2023 16:45,0.168154158
5/7/2023 17:00,0.165332697
5/7/2023 17:15,0.161069306
5/7/2023 17:30,0.168154158
5/7/2023 17:45,0.168154158
5/7/2023 18:00,0.172423298
5/7/2023 18:15,0.148183196
5/7/2023 18:30,0.153928524
5/7/2023 18:45,0.143870719
5/7/2023 19:00,0.176659669
5/7/2023 19:15,0.168154158
5/7/2023 19:30,0.172399059
5/7/2023 19:45,0.1808829
5/7/2023 20:00,0.179459441
5/7/2023 20:15,0.179459441
5/7/2023 20:30,0.172423298
5/7/2023 20:45,0.175232614
5/7/2023 21:00,0.176635491
5/7/2023 21:15,0.165332697
5/7/2023 21:30,0.161069306
5/7/2023 21:45,0.172399059
5/7/2023 22:00,0.180858784
5/7/2023 22:15,0.168154158
5/7/2023 22:30,0.161069306
5/7/2023 22:45,0.148207804
5/7/2023 23:00,0.163898199
5/7/2023 23:15,0.180858784
5/7/2023 23:30,0.175232614
5/7/2023 23:45,0.176635491
5/8/2023 0:00,0.172399059
5/8/2023 0:15,0.165332697
5/8/2023 0:30,0.161069306
5/8/2023 0:45,0.145325985
5/8/2023 1:00,0.183678071
5/8/2023 1:15,0.180858784
5/8/2023 1:30,0.161069306
5/8/2023 1:45,0.190691558
5/8/2023 2:00,0.159652991
5/8/2023 2:15,0.170995014
5/8/2023 2:30,0.175232614
5/8/2023 2:45,0.179459441
5/8/2023 3:00,0.172423298
5/8/2023 3:15,0.168178459
5/8/2023 3:30,0.168178459
5/8/2023 3:45,0.179459441
5/8/2023 4:00,0.163922564
5/8/2023 4:15,0.170995014
5/8/2023 4:30,0.183678071
5/8/2023 4:45,0.168154158
5/8/2023 5:00,0.163898199
5/8/2023 5:15,0.163898199
5/8/2023 5:30,0.179459441
5/8/2023 5:45,0.168154158
5/8/2023 6:00,0.172399059
5/8/2023 6:15,0.179459441
5/8/2023 6:30,0.172399059
5/8/2023 6:45,0.16956306
5/8/2023 7:00,0.16956306
5/8/2023 7:15,0.172399059
5/8/2023 7:30,0.145325985
5/8/2023 7:45,0.156794561
5/8/2023 8:00,0.161069306
5/8/2023 8:15,0.163898199
5/8/2023 8:30,0.153928524
5/8/2023 8:45,0.169587342
5/8/2023 9:00,0.153928524
5/8/2023 9:15,0.158210969
5/8/2023 9:30,0.165332697
5/8/2023 9:45,0.161069306
5/8/2023 10:00,0.138112574
5/8/2023 10:15,0.149631957
5/8/2023 10:30,0.151057268
5/8/2023 10:45,0.158210969
5/8/2023 11:00,0.146755249
5/8/2023 11:15,0.149631957
5/8/2023 11:30,0.146755249
5/8/2023 11:45,0.142438774
5/8/2023 12:00,0.151057268
5/8/2023 12:15,0.142438774
5/8/2023 12:30,0.146755249
5/8/2023 12:45,0.129445212
5/8/2023 13:00,0.142463473
5/8/2023 13:15,0.133798823
5/8/2023 13:30,0.153928524
5/8/2023 13:45,0.152481282
5/8/2023 14:00,0.138137344
5/8/2023 14:15,0.133773982
5/8/2023 14:30,0.142463473
5/8/2023 14:45,0.142438774
5/8/2023 15:00,0.158210969
5/8/2023 15:15,0.152505822
5/8/2023 15:30,0.165332697
5/8/2023 15:45,0.145325985
5/8/2023 16:00,0.173828551
5/8/2023 16:15,0.142438774
5/8/2023 16:30,0.161069306
5/8/2023 16:45,0.168178459
5/8/2023 17:00,0.152505822
5/8/2023 17:15,0.142438774
5/8/2023 17:30,0.161069306
5/8/2023 17:45,0.165332697
5/8/2023 18:00,0.161069306
5/8/2023 18:15,0.152505822
5/8/2023 18:30,0.149631957
5/8/2023 18:45,0.176635491
5/8/2023 19:00,0.152481282
5/8/2023 19:15,0.168154158
5/8/2023 19:30,0.152481282
5/8/2023 19:45,0.168178459
5/8/2023 20:00,0.163922564
5/8/2023 20:15,0.165332697
5/8/2023 20:30,0.165332697
5/8/2023 20:45,0.165332697
5/8/2023 21:00,0.161069306
5/8/2023 21:15,0.165332697
5/8/2023 21:30,0.153928524
5/8/2023 21:45,0.152505822
5/8/2023 22:00,0.161069306
5/8/2023 22:15,0.152505822
5/8/2023 22:30,0.156794561
5/8/2023 22:45,0.143895396
5/8/2023 23:00,0.156794561
5/8/2023 23:15,0.145325985
5/8/2023 23:30,0.165332697
5/8/2023 23:45,0.175232614
5/9/2023 0:00,0.145325985
5/9/2023 0:15,0.156794561
5/9/2023 0:30,0.141007961
5/9/2023 0:45,0.145325985
5/9/2023 1:00,0.149631957
5/9/2023 1:15,0.172399059
5/9/2023 1:30,0.156794561
5/9/2023 1:45,0.179459441
5/9/2023 2:00,0.159652991
5/9/2023 2:15,0.172423298
5/9/2023 2:30,0.156794561
5/9/2023 2:45,0.156794561
5/9/2023 3:00,0.159652991
5/9/2023 3:15,0.170995014
5/9/2023 3:30,0.168178459
5/9/2023 3:45,0.159652991
5/9/2023 4:00,0.136675202
5/9/2023 4:15,0.149631957
5/9/2023 4:30,0.159652991
5/9/2023 4:45,0.168178459
5/9/2023 5:00,0.163922564
5/9/2023 5:15,0.152505822
5/9/2023 5:30,0.156794561
5/9/2023 5:45,0.165332697
5/9/2023 6:00,0.159652991
5/9/2023 6:15,0.172423298
5/9/2023 6:30,0.155374439
5/9/2023 6:45,0.148207804
5/9/2023 7:00,0.172399059
5/9/2023 7:15,0.159628561
5/9/2023 7:30,0.138112574
5/9/2023 7:45,0.149631957
5/9/2023 8:00,0.149631957
5/9/2023 8:15,0.141007961
5/9/2023 8:30,0.149631957
5/9/2023 8:45,0.161069306
5/9/2023 9:00,0.145325985
5/9/2023 9:15,0.138137344
5/9/2023 9:30,0.153928524
5/9/2023 9:45,0.138112574
5/9/2023 10:00,0.13523646
5/9/2023 10:15,0.138112574
5/9/2023 10:30,0.129445212
5/9/2023 10:45,0.145325985
5/9/2023 11:00,0.138112574
5/9/2023 11:15,0.149631957
5/9/2023 11:30,0.145325985
5/9/2023 11:45,0.138137344
5/9/2023 12:00,0.130889534
5/9/2023 12:15,0.142463473
5/9/2023 12:30,0.13523646
5/9/2023 12:45,0.14677988
5/9/2023 13:00,0.138137344
5/9/2023 13:15,0.142463473
5/9/2023 13:30,0.130889534
5/9/2023 13:45,0.141007961
5/9/2023 14:00,0.149631957
5/9/2023 14:15,0.158210969
5/9/2023 14:30,0.130864644
5/9/2023 14:45,0.141007961
5/9/2023 15:00,0.145325985
5/9/2023 15:15,0.148207804
5/9/2023 15:30,0.152505822
5/9/2023 15:45,0.141007961
5/9/2023 16:00,0.141007961
5/9/2023 16:15,0.133798823
5/9/2023 16:30,0.141007961
5/9/2023 16:45,0.143870719
5/9/2023 17:00,0.161044899
5/9/2023 17:15,0.145325985
5/9/2023 17:30,0.149631957
5/9/2023 17:45,0.148183196
5/9/2023 18:00,0.141007961
5/9/2023 18:15,0.145325985
5/9/2023 18:30,0.156794561
5/9/2023 18:45,0.143895396
5/9/2023 19:00,0.143895396
5/9/2023 19:15,0.159628561
5/9/2023 19:30,0.152505822
5/9/2023 19:45,0.155349944
5/9/2023 20:00,0.155349944
5/9/2023 20:15,0.155349944
5/9/2023 20:30,0.152505822
5/9/2023 20:45,0.168154158
5/9/2023 21:00,0.159628561
5/9/2023 21:15,0.159628561
5/9/2023 21:30,0.155349944
5/9/2023 21:45,0.159628561
5/9/2023 22:00,0.139573331
5/9/2023 22:15,0.143895396
5/9/2023 22:30,0.168154158
5/9/2023 22:45,0.152481282
5/9/2023 23:00,0.168154158
5/9/2023 23:15,0.168154158
5/9/2023 23:30,0.163922564
5/9/2023 23:45,0.152505822
5/10/2023 0:00,0.159652991
5/10/2023 0:15,0.152505822
5/10/2023 0:30,0.151057268
5/10/2023 0:45,0.163898199
5/10/2023 1:00,0.155349944
5/10/2023 1:15,0.151057268
5/10/2023 1:30,0.155349944
5/10/2023 1:45,0.142438774
5/10/2023 2:00,0.152481282
5/10/2023 2:15,0.168154158
5/10/2023 2:30,0.162484374
5/10/2023 2:45,0.166744039
5/10/2023 3:00,0.155349944
5/10/2023 3:15,0.155349944
5/10/2023 3:30,0.162484374
5/10/2023 3:45,0.151057268
5/10/2023 4:00,0.170995014
5/10/2023 4:15,0.142438774
5/10/2023 4:30,0.155349944
5/10/2023 4:45,0.153928524
5/10/2023 5:00,0.162484374
5/10/2023 5:15,0.158210969
5/10/2023 5:30,0.158210969
5/10/2023 5:45,0.173804333
5/10/2023 6:00,0.151081832
5/10/2023 6:15,0.151081832
5/10/2023 6:30,0.166744039
5/10/2023 6:45,0.166744039
5/10/2023 7:00,0.155349944
5/10/2023 7:15,0.162484374
5/10/2023 7:30,0.155349944
5/10/2023 7:45,0.165332697
5/10/2023 8:00,0.151057268
5/10/2023 8:15,0.162484374
5/10/2023 8:30,0.151057268
5/10/2023 8:45,0.13523646
5/10/2023 9:00,0.155349944
5/10/2023 9:15,0.159628561
5/10/2023 9:30,0.142463473
5/10/2023 9:45,0.13523646
5/10/2023 10:00,0.151081832
5/10/2023 10:15,0.151081832
5/10/2023 10:30,0.139573331
5/10/2023 10:45,0.158210969
5/10/2023 11:00,0.142438774
5/10/2023 11:15,0.130889534
5/10/2023 11:30,0.139548582
5/10/2023 11:45,0.130889534
5/10/2023 12:00,0.151057268
5/10/2023 12:15,0.127974541
5/10/2023 12:30,0.139573331
5/10/2023 12:45,0.14677988
5/10/2023 13:00,0.138112574
5/10/2023 13:15,0.142438774
5/10/2023 13:30,0.129420298
5/10/2023 13:45,0.142438774
5/10/2023 14:00,0.146755249
5/10/2023 14:15,0.138137344
5/10/2023 14:30,0.125081267
5/10/2023 14:45,0.149631957
5/10/2023 15:00,0.141007961
5/10/2023 15:15,0.125056279
5/10/2023 15:30,0.132332454
5/10/2023 15:45,0.125056279
5/10/2023 16:00,0.148207804
5/10/2023 16:15,0.161069306
5/10/2023 16:30,0.141007961
5/10/2023 16:45,0.132332454
5/10/2023 17:00,0.139573331
5/10/2023 17:15,0.168178459
5/10/2023 17:30,0.149631957
5/10/2023 17:45,0.152505822
5/10/2023 18:00,0.13523646
5/10/2023 18:15,0.141007961
5/10/2023 18:30,0.148207804
5/10/2023 18:45,0.148207804
5/10/2023 19:00,0.156794561
5/10/2023 19:15,0.125056279
5/10/2023 19:30,0.148207804
5/10/2023 19:45,0.141007961
5/10/2023 20:00,0.156794561
5/10/2023 20:15,0.136675202
5/10/2023 20:30,0.155349944
5/10/2023 20:45,0.170995014
5/10/2023 21:00,0.161069306
5/10/2023 21:15,0.152505822
5/10/2023 21:30,0.165332697
5/10/2023 21:45,0.149631957
5/10/2023 22:00,0.145325985
5/10/2023 22:15,0.152505822
5/10/2023 22:30,0.149631957
5/10/2023 22:45,0.156794561
5/10/2023 23:00,0.163922564
5/10/2023 23:15,0.156794561
5/10/2023 23:30,0.152505822
5/10/2023 23:45,0.170995014
5/11/2023 0:00,0.163898199
5/11/2023 0:15,0.166744039
5/11/2023 0:30,0.152505822
5/11/2023 0:45,0.172399059
5/11/2023 1:00,0.166744039
5/11/2023 1:15,0.179459441
5/11/2023 1:30,0.143895396
5/11/2023 1:45,0.159652991
5/11/2023 2:00,0.155374439
5/11/2023 2:15,0.166744039
5/11/2023 2:30,0.159652991
5/11/2023 2:45,0.159652991
5/11/2023 3:00,0.163922564
5/11/2023 3:15,0.168178459
5/11/2023 3:30,0.159652991
5/11/2023 3:45,0.143895396
5/11/2023 4:00,0.162484374
5/11/2023 4:15,0.159652991
5/11/2023 4:30,0.155374439
5/11/2023 4:45,0.163922564
5/11/2023 5:00,0.170995014
5/11/2023 5:15,0.143895396
5/11/2023 5:30,0.132332454
5/11/2023 5:45,0.163898199
5/11/2023 6:00,0.146755249
5/11/2023 6:15,0.146755249
5/11/2023 6:30,0.155349944
5/11/2023 6:45,0.162484374
5/11/2023 7:00,0.175232614
5/11/2023 7:15,0.155374439
5/11/2023 7:30,0.13523646
5/11/2023 7:45,0.152505822
5/11/2023 8:00,0.143895396
5/11/2023 8:15,0.14677988
5/11/2023 8:30,0.168154158
5/11/2023 8:45,0.152481282
5/11/2023 9:00,0.148183196
5/11/2023 9:15,0.148183196
5/11/2023 9:30,0.152505822
5/11/2023 9:45,0.165332697
5/11/2023 10:00,0.129445212
5/11/2023 10:15,0.138112574
5/11/2023 10:30,0.153928524
5/11/2023 10:45,0.145325985
5/11/2023 11:00,0.138112574
5/11/2023 11:15,0.1265049
5/11/2023 11:30,0.133773982
5/11/2023 11:45,0.142438774
5/11/2023 12:00,0.149631957
5/11/2023 12:15,0.153928524
5/11/2023 12:30,0.146755249
5/11/2023 12:45,0.142438774
5/11/2023 13:00,0.133773982
5/11/2023 13:15,0.153928524
5/11/2023 13:30,0.151057268
5/11/2023 13:45,0.133773982
5/11/2023 14:00,0.153928524
5/11/2023 14:15,0.1265049
5/11/2023 14:30,0.133773982
5/11/2023 14:45,0.130864644
5/11/2023 15:00,0.141007961
5/11/2023 15:15,0.133773982
5/11/2023 15:30,0.141007961
5/11/2023 15:45,0.141007961
5/11/2023 16:00,0.142438774
5/11/2023 16:15,0.153928524
5/11/2023 16:30,0.133773982
5/11/2023 16:45,0.125056279
5/11/2023 17:00,0.141007961
5/11/2023 17:15,0.153928524
5/11/2023 17:30,0.142438774
5/11/2023 17:45,0.133773982
5/11/2023 18:00,0.138112574
5/11/2023 18:15,0.142438774
5/11/2023 18:30,0.14677988
5/11/2023 18:45,0.158210969
5/11/2023 19:00,0.141007961
5/11/2023 19:15,0.133773982
5/11/2023 19:30,0.138112574
5/11/2023 19:45,0.149631957
5/11/2023 20:00,0.139548582
5/11/2023 20:15,0.1265049
5/11/2023 20:30,0.146755249
5/11/2023 20:45,0.14677988
5/11/2023 21:00,0.13523646
5/11/2023 21:15,0.127974541
5/11/2023 21:30,0.13523646
5/11/2023 21:45,0.130889534
5/11/2023 22:00,0.155349944
5/11/2023 22:15,0.146755249
5/11/2023 22:30,0.146755249
5/11/2023 22:45,0.139548582
5/11/2023 23:00,0.139573331
5/11/2023 23:15,0.162484374
5/11/2023 23:30,0.146755249
5/11/2023 23:45,0.143870719
5/12/2023 0:00,0.146755249
5/12/2023 0:15,0.13523646
5/12/2023 0:30,0.142463473
5/12/2023 0:45,0.142463473
5/12/2023 1:00,0.139573331
5/12/2023 1:15,0.139573331
5/12/2023 1:30,0.139573331
5/12/2023 1:45,0.139573331
5/12/2023 2:00,0.130889534
5/12/2023 2:15,0.142438774
5/12/2023 2:30,0.139573331
5/12/2023 2:45,0.142438774
5/12/2023 3:00,0.139573331
5/12/2023 3:15,0.13523646
5/12/2023 3:30,0.143895396
5/12/2023 3:45,0.13523646
5/12/2023 4:00,0.153928524
5/12/2023 4:15,0.151057268
5/12/2023 4:30,0.151057268
5/12/2023 4:45,0.142438774
5/12/2023 5:00,0.146755249
5/12/2023 5:15,0.155349944
5/12/2023 5:30,0.158210969
5/12/2023 5:45,0.143870719
5/12/2023 6:00,0.146755249
5/12/2023 6:15,0.148207804
5/12/2023 6:30,0.143870719
5/12/2023 6:45,0.148207804
5/12/2023 7:00,0.148207804
5/12/2023 7:15,0.139573331
5/12/2023 7:30,0.136675202
5/12/2023 7:45,0.143895396
5/12/2023 8:00,0.136675202
5/12/2023 8:15,0.155349944
5/12/2023 8:30,0.132332454
5/12/2023 8:45,0.136675202
5/12/2023 9:00,0.136675202
5/12/2023 9:15,0.129445212
5/12/2023 9:30,0.129445212
5/12/2023 9:45,0.133798823
5/12/2023 10:00,0.133798823
5/12/2023 10:15,0.125081267
5/12/2023 10:30,0.129445212
5/12/2023 10:45,0.141007961
5/12/2023 11:00,0.129445212
5/12/2023 11:15,0.141007961
5/12/2023 11:30,0.129420298
5/12/2023 11:45,0.133773982
5/12/2023 12:00,0.133773982
5/12/2023 12:15,0.126529863
5/12/2023 12:30,0.132332454
5/12/2023 12:45,0.145325985
5/12/2023 13:00,0.136675202
5/12/2023 13:15,0.125081267
5/12/2023 13:30,0.129420298
5/12/2023 13:45,0.129445212
5/12/2023 14:00,0.113367132
5/12/2023 14:15,0.129445212
5/12/2023 14:30,0.133798823
5/12/2023 14:45,0.129445212
5/12/2023 15:00,0.133798823
5/12/2023 15:15,0.141007961
5/12/2023 15:30,0.141007961
5/12/2023 15:45,0.141007961
5/12/2023 16:00,0.129445212
5/12/2023 16:15,0.141007961
5/12/2023 16:30,0.125081267
5/12/2023 16:45,0.138137344
5/12/2023 17:00,0.132332454
5/12/2023 17:15,0.129445212
5/12/2023 17:30,0.141007961
5/12/2023 17:45,0.133798823
5/12/2023 18:00,0.12070178
5/12/2023 18:15,0.133798823
5/12/2023 18:30,0.138137344
5/12/2023 18:45,0.132332454
5/12/2023 19:00,0.136675202
5/12/2023 19:15,0.145325985
5/12/2023 19:30,0.141007961
5/12/2023 19:45,0.132332454
5/12/2023 20:00,0.132332454
5/12/2023 20:15,0.133798823
5/12/2023 20:30,0.129445212
5/12/2023 20:45,0.129445212
5/12/2023 21:00,0.149631957
5/12/2023 21:15,0.132332454
5/12/2023 21:30,0.132332454
5/12/2023 21:45,0.133773982
5/12/2023 22:00,0.1265049
5/12/2023 22:15,0.125056279
5/12/2023 22:30,0.133773982
5/12/2023 22:45,0.133773982
5/12/2023 23:00,0.149631957
5/12/2023 23:15,0.141007961
5/12/2023 23:30,0.143895396
5/12/2023 23:45,0.145325985
5/13/2023 0:00,0.141007961
5/13/2023 0:15,0.145325985
5/13/2023 0:30,0.148183196
5/13/2023 0:45,0.133773982
5/13/2023 1:00,0.149631957
5/13/2023 1:15,0.132332454
5/13/2023 1:30,0.145325985
5/13/2023 1:45,0.133798823
5/13/2023 2:00,0.129445212
5/13/2023 2:15,0.129420298
5/13/2023 2:30,0.145325985
5/13/2023 2:45,0.126529863
5/13/2023 3:00,0.122154727
5/13/2023 3:15,0.133773982
5/13/2023 3:30,0.153928524
5/13/2023 3:45,0.133773982
5/13/2023 4:00,0.126529863
5/13/2023 4:15,0.130889534
5/13/2023 4:30,0.138112574
5/13/2023 4:45,0.1265049
5/13/2023 5:00,0.146755249
5/13/2023 5:15,0.122154727
5/13/2023 5:30,0.129420298
5/13/2023 5:45,0.130864644
5/13/2023 6:00,0.117743785
5/13/2023 6:15,0.130864644
5/13/2023 6:30,0.123606224
5/13/2023 6:45,0.13523646
5/13/2023 7:00,0.13523646
5/13/2023 7:15,0.114827507
5/13/2023 7:30,0.130889534
5/13/2023 7:45,0.127974541
5/13/2023 8:00,0.126529863
5/13/2023 8:15,0.127974541
5/13/2023 8:30,0.13523646
5/13/2023 8:45,0.13523646
5/13/2023 9:00,0.127974541
5/13/2023 9:15,0.123606224
5/13/2023 9:30,0.127974541
5/13/2023 9:45,0.122154727
5/13/2023 10:00,0.127974541
5/13/2023 10:15,0.123606224
5/13/2023 10:30,0.116286387
5/13/2023 10:45,0.123606224
5/13/2023 11:00,0.130889534
5/13/2023 11:15,0.132332454
5/13/2023 11:30,0.139573331
5/13/2023 11:45,0.114827507
5/13/2023 12:00,0.123606224
5/13/2023 12:15,0.127974541
5/13/2023 12:30,0.119224795
5/13/2023 12:45,0.143895396
5/13/2023 13:00,0.139573331
5/13/2023 13:15,0.130889534
5/13/2023 13:30,0.139573331
5/13/2023 13:45,0.119224795
5/13/2023 14:00,0.123606224
5/13/2023 14:15,0.142463473
5/13/2023 14:30,0.123606224
5/13/2023 14:45,0.123606224
5/13/2023 15:00,0.127974541
5/13/2023 15:15,0.13523646
5/13/2023 15:30,0.135211642
5/13/2023 15:45,0.142438774
5/13/2023 16:00,0.1265049
5/13/2023 16:15,0.129420298
5/13/2023 16:30,0.138112574
5/13/2023 16:45,0.133773982
5/13/2023 17:00,0.129420298
5/13/2023 17:15,0.119224795
5/13/2023 17:30,0.123606224
5/13/2023 17:45,0.123606224
5/13/2023 18:00,0.130889534
5/13/2023 18:15,0.130889534
5/13/2023 18:30,0.123606224
5/13/2023 18:45,0.142463473
5/13/2023 19:00,0.139573331
5/13/2023 19:15,0.130889534
5/13/2023 19:30,0.139573331
5/13/2023 19:45,0.143870719
5/13/2023 20:00,0.139548582
5/13/2023 20:15,0.136675202
5/13/2023 20:30,0.116311528
5/13/2023 20:45,0.139573331
5/13/2023 21:00,0.136675202
5/13/2023 21:15,0.145325985
5/13/2023 21:30,0.132332454
5/13/2023 21:45,0.141007961
5/13/2023 22:00,0.141007961
5/13/2023 22:15,0.152481282
5/13/2023 22:30,0.141007961
5/13/2023 22:45,0.136675202
5/13/2023 23:00,0.148183196
5/13/2023 23:15,0.148183196
5/13/2023 23:30,0.145325985
5/13/2023 23:45,0.149631957
5/14/2023 0:00,0.139573331
5/14/2023 0:15,0.141007961
5/14/2023 0:30,0.152481282
5/14/2023 0:45,0.136675202
5/14/2023 1:00,0.143870719
5/14/2023 1:15,0.148183196
5/14/2023 1:30,0.149631957
5/14/2023 1:45,0.132332454
5/14/2023 2:00,0.152481282
5/14/2023 2:15,0.145325985
5/14/2023 2:30,0.149631957
5/14/2023 2:45,0.148183196
5/14/2023 3:00,0.132332454
5/14/2023 3:15,0.148183196
5/14/2023 3:30,0.143870719
5/14/2023 3:45,0.136675202
5/14/2023 4:00,0.141007961
5/14/2023 4:15,0.152481282
5/14/2023 4:30,0.136675202
5/14/2023 4:45,0.136675202
5/14/2023 5:00,0.136675202
5/14/2023 5:15,0.123606224
5/14/2023 5:30,0.141007961
5/14/2023 5:45,0.141007961
5/14/2023 6:00,0.141007961
5/14/2023 6:15,0.129445212
5/14/2023 6:30,0.129445212
5/14/2023 6:45,0.148183196
5/14/2023 7:00,0.152505822
5/14/2023 7:15,0.129420298
5/14/2023 7:30,0.148207804
5/14/2023 7:45,0.126529863
5/14/2023 8:00,0.129420298
5/14/2023 8:15,0.122129689
5/14/2023 8:30,0.122129689
5/14/2023 8:45,0.129420298
5/14/2023 9:00,0.129420298
5/14/2023 9:15,0.126529863
5/14/2023 9:30,0.122154727
5/14/2023 9:45,0.13523646
5/14/2023 10:00,0.126529863
5/14/2023 10:15,0.13523646
5/14/2023 10:30,0.126529863
5/14/2023 10:45,0.138137344
5/14/2023 11:00,0.133798823
5/14/2023 11:15,0.138137344
5/14/2023 11:30,0.126529863
5/14/2023 11:45,0.126529863
5/14/2023 12:00,0.126529863
5/14/2023 12:15,0.133798823
5/14/2023 12:30,0.117768898
5/14/2023 12:45,0.122154727
5/14/2023 13:00,0.130889534
5/14/2023 13:15,0.126529863
5/14/2023 13:30,0.130889534
5/14/2023 13:45,0.122154727
5/14/2023 14:00,0.129445212
5/14/2023 14:15,0.117768898
5/14/2023 14:30,0.130889534
5/14/2023 14:45,0.138137344
5/14/2023 15:00,0.133798823
5/14/2023 15:15,0.13523646
5/14/2023 15:30,0.142463473
5/14/2023 15:45,0.139573331
5/14/2023 16:00,0.123606224
5/14/2023 16:15,0.159628561
5/14/2023 16:30,0.133798823
5/14/2023 16:45,0.133798823
5/14/2023 17:00,0.153928524
5/14/2023 17:15,0.14677988
5/14/2023 17:30,0.138137344
5/14/2023 17:45,0.158210969
5/14/2023 18:00,0.133798823
5/14/2023 18:15,0.145325985
5/14/2023 18:30,0.14677988
5/14/2023 18:45,0.13523646
5/14/2023 19:00,0.151057268
5/14/2023 19:15,0.146755249
5/14/2023 19:30,0.142438774
5/14/2023 19:45,0.153928524
5/14/2023 20:00,0.151057268
5/14/2023 20:15,0.126529863
5/14/2023 20:30,0.151081832
5/14/2023 20:45,0.139573331
5/14/2023 21:00,0.120676717
5/14/2023 21:15,0.148207804
5/14/2023 21:30,0.148207804
5/14/2023 21:45,0.127974541
5/14/2023 22:00,0.141007961
5/14/2023 22:15,0.143870719
5/14/2023 22:30,0.127974541
5/14/2023 22:45,0.127974541
5/14/2023 23:00,0.120676717
5/14/2023 23:15,0.139548582
5/14/2023 23:30,0.132332454
5/14/2023 23:45,0.139548582
5/15/2023 0:00,0.132332454
5/15/2023 0:15,0.132332454
5/15/2023 0:30,0.139548582
5/15/2023 0:45,0.127974541
5/15/2023 1:00,0.151057268
5/15/2023 1:15,0.143870719
5/15/2023 1:30,0.143870719
5/15/2023 1:45,0.139548582
5/15/2023 2:00,0.127974541
5/15/2023 2:15,0.148183196
5/15/2023 2:30,0.136675202
5/15/2023 2:45,0.13523646
5/15/2023 3:00,0.139573331
5/15/2023 3:15,0.163898199
5/15/2023 3:30,0.13523646
5/15/2023 3:45,0.162484374
5/15/2023 4:00,0.139573331
5/15/2023 4:15,0.143895396
5/15/2023 4:30,0.143895396
5/15/2023 4:45,0.143895396
5/15/2023 5:00,0.143895396
5/15/2023 5:15,0.143895396
5/15/2023 5:30,0.151057268
5/15/2023 5:45,0.130889534
5/15/2023 6:00,0.151057268
5/15/2023 6:15,0.143895396
5/15/2023 6:30,0.148183196
5/15/2023 6:45,0.155349944
5/15/2023 7:00,0.139548582
5/15/2023 7:15,0.132332454
5/15/2023 7:30,0.123606224
5/15/2023 7:45,0.156794561
5/15/2023 8:00,0.132332454
5/15/2023 8:15,0.133773982
5/15/2023 8:30,0.139573331
5/15/2023 8:45,0.125056279
5/15/2023 9:00,0.145325985
5/15/2023 9:15,0.113367132
5/15/2023 9:30,0.136675202
5/15/2023 9:45,0.136675202
5/15/2023 10:00,0.129420298
5/15/2023 10:15,0.120676717
5/15/2023 10:30,0.125056279
5/15/2023 10:45,0.141007961
5/15/2023 11:00,0.113367132
5/15/2023 11:15,0.133773982
5/15/2023 11:30,0.145325985
5/15/2023 11:45,0.168154158
5/15/2023 12:00,0.161069306
5/15/2023 12:15,0.161069306
5/15/2023 12:30,0.132332454
5/15/2023 12:45,0.149631957
5/15/2023 13:00,0.152505822
5/15/2023 13:15,0.149631957
5/15/2023 13:30,0.148207804
5/15/2023 13:45,0.168178459
5/15/2023 14:00,0.145325985
5/15/2023 14:15,0.156794561
5/15/2023 14:30,0.152481282
5/15/2023 14:45,0.136675202
5/15/2023 15:00,0.151057268
5/15/2023 15:15,0.139573331
5/15/2023 15:30,0.123606224
5/15/2023 15:45,0.14677988
5/15/2023 16:00,0.151081832
5/15/2023 16:15,0.14677988
5/15/2023 16:30,0.142438774
5/15/2023 16:45,0.130864644
5/15/2023 17:00,0.142438774
5/15/2023 17:15,0.146755249
5/15/2023 17:30,0.135211642
5/15/2023 17:45,0.135211642
5/15/2023 18:00,0.138112574
5/15/2023 18:15,0.114827507
5/15/2023 18:30,0.142438774
5/15/2023 18:45,0.158210969
5/15/2023 19:00,0.143870719
5/15/2023 19:15,0.135211642
5/15/2023 19:30,0.138112574
5/15/2023 19:45,0.143895396
5/15/2023 20:00,0.139573331
5/15/2023 20:15,0.155374439
5/15/2023 20:30,0.143895396
5/15/2023 20:45,0.127974541
5/15/2023 21:00,0.151057268
5/15/2023 21:15,0.132332454
5/15/2023 21:30,0.132332454
5/15/2023 21:45,0.139573331
5/15/2023 22:00,0.143895396
5/15/2023 22:15,0.132332454
5/15/2023 22:30,0.143895396
5/15/2023 22:45,0.13523646
5/15/2023 23:00,0.143895396
5/15/2023 23:15,0.163898199
5/15/2023 23:30,0.148207804
5/15/2023 23:45,0.14677988
5/16/2023 0:00,0.132332454
5/16/2023 0:15,0.142463473
5/16/2023 0:30,0.130889534
5/16/2023 0:45,0.151081832
5/16/2023 1:00,0.13523646
5/16/2023 1:15,0.135211642
5/16/2023 1:30,0.139548582
5/16/2023 1:45,0.130889534
5/16/2023 2:00,0.111882561
5/16/2023 2:15,0.127974541
5/16/2023 2:30,0.130889534
5/16/2023 2:45,0.119224795
5/16/2023 3:00,0.130889534
5/16/2023 3:15,0.130889534
5/16/2023 3:30,0.138137344
5/16/2023 3:45,0.130889534
5/16/2023 4:00,0.126529863
5/16/2023 4:15,0.126529863
5/16/2023 4:30,0.110419152
5/16/2023 4:45,0.130889534
5/16/2023 5:00,0.153928524
5/16/2023 5:15,0.130889534
5/16/2023 5:30,0.138112574
5/16/2023 5:45,0.129420298
5/16/2023 6:00,0.122154727
5/16/2023 6:15,0.138137344
5/16/2023 6:30,0.138137344
5/16/2023 6:45,0.130889534
5/16/2023 7:00,0.149631957
5/16/2023 7:15,0.138137344
5/16/2023 7:30,0.113367132
5/16/2023 7:45,0.122154727
5/16/2023 8:00,0.113367132
5/16/2023 8:15,0.122154727
5/16/2023 8:30,0.130889534
5/16/2023 8:45,0.119224795
5/16/2023 9:00,0.130889534
5/16/2023 9:15,0.113367132
5/16/2023 9:30,0.114827507
5/16/2023 9:45,0.122154727
5/16/2023 10:00,0.126529863
5/16/2023 10:15,0.113341941
5/16/2023 10:30,0.122129689
5/16/2023 10:45,0.129420298
5/16/2023 11:00,0.094122293
5/16/2023 11:15,0.1265049
5/16/2023 11:30,0.117743785
5/16/2023 11:45,0.104527414
5/16/2023 12:00,0.117768898
5/16/2023 12:15,0.113367132
5/16/2023 12:30,0.133773982
5/16/2023 12:45,0.110419152
5/16/2023 13:00,0.125081267
5/16/2023 13:15,0.113367132
5/16/2023 13:30,0.117768898
5/16/2023 13:45,0.120676717
5/16/2023 14:00,0.111882561
5/16/2023 14:15,0.116286387
5/16/2023 14:30,0.113341941
5/16/2023 14:45,0.132332454
5/16/2023 15:00,0.136675202
5/16/2023 15:15,0.148207804
5/16/2023 15:30,0.12070178
5/16/2023 15:45,0.139573331
5/16/2023 16:00,0.116286387
5/16/2023 16:15,0.119224795
5/16/2023 16:30,0.127974541
5/16/2023 16:45,0.127974541
5/16/2023 17:00,0.123606224
5/16/2023 17:15,0.107462468
5/16/2023 17:30,0.130889534
5/16/2023 17:45,0.119224795
5/16/2023 18:00,0.116286387
5/16/2023 18:15,0.13523646
5/16/2023 18:30,0.123606224
5/16/2023 18:45,0.119224795
5/16/2023 19:00,0.116286387
5/16/2023 19:15,0.127974541
5/16/2023 19:30,0.116286387
5/16/2023 19:45,0.111882561
5/16/2023 20:00,0.120676717
5/16/2023 20:15,0.139573331
5/16/2023 20:30,0.139573331
5/16/2023 20:45,0.119224795
5/16/2023 21:00,0.123606224
5/16/2023 21:15,0.143870719
5/16/2023 21:30,0.148183196
5/16/2023 21:45,0.107462468
5/16/2023 22:00,0.123606224
5/16/2023 22:15,0.119224795
5/16/2023 22:30,0.119224795
5/16/2023 22:45,0.111907778
5/16/2023 23:00,0.111907778
5/16/2023 23:15,0.127974541
5/16/2023 23:30,0.136675202
5/16/2023 23:45,0.127974541
5/17/2023 0:00,0.116311528
5/17/2023 0:15,0.132332454
5/17/2023 0:30,0.12070178
5/17/2023 0:45,0.123606224
5/17/2023 1:00,0.123606224
5/17/2023 1:15,0.139548582
5/17/2023 1:30,0.119224795
5/17/2023 1:45,0.126529863
5/17/2023 2:00,0.13523646
5/17/2023 2:15,0.123606224
5/17/2023 2:30,0.13523646
5/17/2023 2:45,0.13523646
5/17/2023 3:00,0.119224795
5/17/2023 3:15,0.123606224
5/17/2023 3:30,0.13523646
5/17/2023 3:45,0.142463473
5/17/2023 4:00,0.130889534
5/17/2023 4:15,0.119224795
5/17/2023 4:30,0.110419152
5/17/2023 4:45,0.13523646
5/17/2023 5:00,0.14677988
5/17/2023 5:15,0.114827507
5/17/2023 5:30,0.117743785
5/17/2023 5:45,0.138112574
5/17/2023 6:00,0.138112574
5/17/2023 6:15,0.135211642
5/17/2023 6:30,0.123606224
5/17/2023 6:45,0.130889534
5/17/2023 7:00,0.122129689
5/17/2023 7:15,0.114827507
5/17/2023 7:30,0.126529863
5/17/2023 7:45,0.119224795
5/17/2023 8:00,0.114827507
5/17/2023 8:15,0.119224795
5/17/2023 8:30,0.105994446
5/17/2023 8:45,0.105994446
5/17/2023 9:00,0.103056293
5/17/2023 9:15,0.105994446
5/17/2023 9:30,0.114827507
5/17/2023 9:45,0.119224795
5/17/2023 10:00,0.110419152
5/17/2023 10:15,0.103056293
5/17/2023 10:30,0.114827507
5/17/2023 10:45,0.107487766
5/17/2023 11:00,0.114827507
5/17/2023 11:15,0.094122293
5/17/2023 11:30,0.126529863
5/17/2023 11:45,0.110419152
5/17/2023 12:00,0.117768898
5/17/2023 12:15,0.114827507
5/17/2023 12:30,0.130864644
5/17/2023 12:45,0.114827507
5/17/2023 13:00,0.122154727
5/17/2023 13:15,0.119224795
5/17/2023 13:30,0.117768898
5/17/2023 13:45,0.126529863
5/17/2023 14:00,0.130889534
5/17/2023 14:15,0.114827507
5/17/2023 14:30,0.094147837
5/17/2023 14:45,0.105994446
5/17/2023 15:00,0.110419152
5/17/2023 15:15,0.117768898
5/17/2023 15:30,0.105994446
5/17/2023 15:45,0.092639937
5/17/2023 16:00,0.122154727
5/17/2023 16:15,0.113367132
5/17/2023 16:30,0.117768898
5/17/2023 16:45,0.108954223
5/17/2023 17:00,0.113367132
5/17/2023 17:15,0.117768898
5/17/2023 17:30,0.104527414
5/17/2023 17:45,0.108954223
5/17/2023 18:00,0.104527414
5/17/2023 18:15,0.097107638
5/17/2023 18:30,0.105994446
5/17/2023 18:45,0.113367132
5/17/2023 19:00,0.110419152
5/17/2023 19:15,0.097107638
5/17/2023 19:30,0.113367132
5/17/2023 19:45,0.110419152
5/17/2023 20:00,0.117743785
5/17/2023 20:15,0.110419152
5/17/2023 20:30,0.130864644
5/17/2023 20:45,0.117768898
5/17/2023 21:00,0.1265049
5/17/2023 21:15,0.108954223
5/17/2023 21:30,0.129420298
5/17/2023 21:45,0.110419152
5/17/2023 22:00,0.105994446
5/17/2023 22:15,0.125056279
5/17/2023 22:30,0.101558202
5/17/2023 22:45,0.117743785
5/17/2023 23:00,0.113341941
5/17/2023 23:15,0.105994446
5/17/2023 23:30,0.1265049
5/17/2023 23:45,0.129420298
5/18/2023 0:00,0.104527414
5/18/2023 0:15,0.1265049
5/18/2023 0:30,0.101558202
5/18/2023 0:45,0.125056279
5/18/2023 1:00,0.117768898
5/18/2023 1:15,0.113367132
5/18/2023 1:30,0.108954223
5/18/2023 1:45,0.113367132
5/18/2023 2:00,0.113367132
5/18/2023 2:15,0.101558202
5/18/2023 2:30,0.105994446
5/18/2023 2:45,0.116311528
5/18/2023 3:00,0.117768898
5/18/2023 3:15,0.129445212
5/18/2023 3:30,0.113367132
5/18/2023 3:45,0.097107638
5/18/2023 4:00,0.111882561
5/18/2023 4:15,0.107462468
5/18/2023 4:30,0.117768898
5/18/2023 4:45,0.120676717
5/18/2023 5:00,0.116286387
5/18/2023 5:15,0.116286387
5/18/2023 5:30,0.104502063
5/18/2023 5:45,0.116286387
5/18/2023 6:00,0.100058481
5/18/2023 6:15,0.107462468
5/18/2023 6:30,0.111882561
5/18/2023 6:45,0.113367132
5/18/2023 7:00,0.125081267
5/18/2023 7:15,0.108954223
5/18/2023 7:30,0.117768898
5/18/2023 7:45,0.097107638
5/18/2023 8:00,0.110419152
5/18/2023 8:15,0.110419152
5/18/2023 8:30,0.114827507
5/18/2023 8:45,0.105994446
5/18/2023 9:00,0.1265049
5/18/2023 9:15,0.110419152
5/18/2023 9:30,0.122129689
5/18/2023 9:45,0.133773982
5/18/2023 10:00,0.114827507
5/18/2023 10:15,0.105994446
5/18/2023 10:30,0.130864644
5/18/2023 10:45,0.110419152
5/18/2023 11:00,0.113341941
5/18/2023 11:15,0.105994446
5/18/2023 11:30,0.119224795
5/18/2023 11:45,0.110419152
5/18/2023 12:00,0.113341941
5/18/2023 12:15,0.114827507
5/18/2023 12:30,0.105994446
5/18/2023 12:45,0.122154727
5/18/2023 13:00,0.122154727
5/18/2023 13:15,0.105994446
5/18/2023 13:30,0.101558202
5/18/2023 13:45,0.108928951
5/18/2023 14:00,0.113341941
5/18/2023 14:15,0.117768898
5/18/2023 14:30,0.101558202
5/18/2023 14:45,0.104527414
5/18/2023 15:00,0.125056279
5/18/2023 15:15,0.101558202
5/18/2023 15:30,0.105994446
5/18/2023 15:45,0.105994446
5/18/2023 16:00,0.113367132
5/18/2023 16:15,0.113367132
5/18/2023 16:30,0.097107638
5/18/2023 16:45,0.113367132
5/18/2023 17:00,0.117768898
5/18/2023 17:15,0.129445212
5/18/2023 17:30,0.113367132
5/18/2023 17:45,0.125056279
5/18/2023 18:00,0.097107638
5/18/2023 18:15,0.104527414
5/18/2023 18:30,0.117768898
5/18/2023 18:45,0.097107638
5/18/2023 19:00,0.120676717
5/18/2023 19:15,0.098582581
5/18/2023 19:30,0.122129689
5/18/2023 19:45,0.101558202
5/18/2023 20:00,0.101558202
5/18/2023 20:15,0.122129689
5/18/2023 20:30,0.108928951
5/18/2023 20:45,0.122154727
5/18/2023 21:00,0.110419152
5/18/2023 21:15,0.117768898
5/18/2023 21:30,0.114827507
5/18/2023 21:45,0.101558202
5/18/2023 22:00,0.117768898
5/18/2023 22:15,0.105994446
5/18/2023 22:30,0.110419152
5/18/2023 22:45,0.113367132
5/18/2023 23:00,0.122154727
5/18/2023 23:15,0.117768898
5/18/2023 23:30,0.105994446
5/18/2023 23:45,0.133798823
5/19/2023 0:00,0.122154727
5/19/2023 0:15,0.110419152
5/19/2023 0:30,0.105994446
5/19/2023 0:45,0.117768898
5/19/2023 1:00,0.125081267
5/19/2023 1:15,0.101558202
5/19/2023 1:30,0.122154727
5/19/2023 1:45,0.117768898
5/19/2023 2:00,0.110419152
5/19/2023 2:15,0.110419152
5/19/2023 2:30,0.129445212
5/19/2023 2:45,0.117768898
5/19/2023 3:00,0.105994446
5/19/2023 3:15,0.113367132
5/19/2023 3:30,0.122154727
5/19/2023 3:45,0.113367132
5/19/2023 4:00,0.105994446
5/19/2023 4:15,0.119224795
5/19/2023 4:30,0.122154727
5/19/2023 4:45,0.103030916
5/19/2023 5:00,0.114827507
5/19/2023 5:15,0.110419152
5/19/2023 5:30,0.114827507
5/19/2023 5:45,0.111907778
5/19/2023 6:00,0.110419152
5/19/2023 6:15,0.103030916
5/19/2023 6:30,0.098608042
5/19/2023 6:45,0.119224795
5/19/2023 7:00,0.107462468
5/19/2023 7:15,0.107462468
5/19/2023 7:30,0.116286387
5/19/2023 7:45,0.107462468
5/19/2023 8:00,0.095603027
5/19/2023 8:15,0.100083913
5/19/2023 8:30,0.104527414
5/19/2023 8:45,0.095628543
5/19/2023 9:00,0.088159936
5/19/2023 9:15,0.100083913
5/19/2023 9:30,0.108954223
5/19/2023 9:45,0.095628543
5/19/2023 10:00,0.104527414
5/19/2023 10:15,0.100083913
5/19/2023 10:30,0.113341941
5/19/2023 10:45,0.116286387
5/19/2023 11:00,0.120676717
5/19/2023 11:15,0.141007961
5/19/2023 11:30,0.133798823
5/19/2023 11:45,0.133798823
5/19/2023 12:00,0.129445212
5/19/2023 12:15,0.116311528
5/19/2023 12:30,0.125081267
5/19/2023 12:45,0.136675202
5/19/2023 13:00,0.129445212
5/19/2023 13:15,0.12070178
5/19/2023 13:30,0.125081267
5/19/2023 13:45,0.113367132
5/19/2023 14:00,0.12070178
5/19/2023 14:15,0.116311528
5/19/2023 14:30,0.110419152
5/19/2023 14:45,0.117768898
5/19/2023 15:00,0.117768898
5/19/2023 15:15,0.117768898
5/19/2023 15:30,0.125081267
5/19/2023 15:45,0.125081267
5/19/2023 16:00,0.113367132
5/19/2023 16:15,0.104527414
5/19/2023 16:30,0.116311528
5/19/2023 16:45,0.108954223
5/19/2023 17:00,0.117768898
5/19/2023 17:15,0.108954223
5/19/2023 17:30,0.108954223
5/19/2023 17:45,0.092639937
5/19/2023 18:00,0.105994446
5/19/2023 18:15,0.101558202
5/19/2023 18:30,0.113367132
5/19/2023 18:45,0.105994446
5/19/2023 19:00,0.117768898
5/19/2023 19:15,0.105994446
5/19/2023 19:30,0.117768898
5/19/2023 19:45,0.108954223
5/19/2023 20:00,0.101558202
5/19/2023 20:15,0.105994446
5/19/2023 20:30,0.117743785
5/19/2023 20:45,0.110419152
5/19/2023 21:00,0.098608042
5/19/2023 21:15,0.098582581
5/19/2023 21:30,0.105994446
5/19/2023 21:45,0.098582581
5/19/2023 22:00,0.103030916
5/19/2023 22:15,0.119224795
5/19/2023 22:30,0.098582581
5/19/2023 22:45,0.111882561
5/19/2023 23:00,0.100058481
5/19/2023 23:15,0.107462468
5/19/2023 23:30,0.110419152
5/19/2023 23:45,0.095603027
5/20/2023 0:00,0.114827507
5/20/2023 0:15,0.103030916
5/20/2023 0:30,0.110419152
5/20/2023 0:45,0.107462468
5/20/2023 1:00,0.107462468
5/20/2023 1:15,0.095628543
5/20/2023 1:30,0.098582581
5/20/2023 1:45,0.110419152
5/20/2023 2:00,0.110419152
5/20/2023 2:15,0.119224795
5/20/2023 2:30,0.101558202
5/20/2023 2:45,0.103030916
5/20/2023 3:00,0.114827507
5/20/2023 3:15,0.101558202
5/20/2023 3:30,0.098608042
5/20/2023 3:45,0.108928951
5/20/2023 4:00,0.113341941
5/20/2023 4:15,0.126529863
5/20/2023 4:30,0.094147837
5/20/2023 4:45,0.098608042
5/20/2023 5:00,0.101558202
5/20/2023 5:15,0.110419152
5/20/2023 5:30,0.114827507
5/20/2023 5:45,0.117743785
5/20/2023 6:00,0.105994446
5/20/2023 6:15,0.110419152
5/20/2023 6:30,0.114827507
5/20/2023 6:45,0.105994446
5/20/2023 7:00,0.107462468
5/20/2023 7:15,0.119224795
5/20/2023 7:30,0.103030916
5/20/2023 7:45,0.089647247
5/20/2023 8:00,0.114827507
5/20/2023 8:15,0.085154597
5/20/2023 8:30,0.091130345
5/20/2023 8:45,0.105994446
5/20/2023 9:00,0.098582581
5/20/2023 9:15,0.105994446
5/20/2023 9:30,0.098582581
5/20/2023 9:45,0.098582581
5/20/2023 10:00,0.105994446
5/20/2023 10:15,0.103030916
5/20/2023 10:30,0.110419152
5/20/2023 10:45,0.094122293
5/20/2023 11:00,0.103030916
5/20/2023 11:15,0.091130345
5/20/2023 11:30,0.091130345
5/20/2023 11:45,0.095603027
5/20/2023 12:00,0.095603027
5/20/2023 12:15,0.098582581
5/20/2023 12:30,0.107462468
5/20/2023 12:45,0.089647247
5/20/2023 13:00,0.094147837
5/20/2023 13:15,0.094147837
5/20/2023 13:30,0.101558202
5/20/2023 13:45,0.097107638
5/20/2023 14:00,0.097107638
5/20/2023 14:15,0.085154597
5/20/2023 14:30,0.101558202
5/20/2023 14:45,0.085154597
5/20/2023 15:00,0.105994446
5/20/2023 15:15,0.073120953
5/20/2023 15:30,0.105994446
5/20/2023 15:45,0.083662236
5/20/2023 16:00,0.097107638
5/20/2023 16:15,0.088159936
5/20/2023 16:30,0.101558202
5/20/2023 16:45,0.079151694
5/20/2023 17:00,0.089672875
5/20/2023 17:15,0.088159936
5/20/2023 17:30,0.080649196
5/20/2023 17:45,0.085154597
5/20/2023 18:00,0.089647247
5/20/2023 18:15,0.094122293
5/20/2023 18:30,0.108954223
5/20/2023 18:45,0.117768898
5/20/2023 19:00,0.12070178
5/20/2023 19:15,0.110419152
5/20/2023 19:30,0.113367132
5/20/2023 19:45,0.108954223
5/20/2023 20:00,0.116311528
5/20/2023 20:15,0.108954223
5/20/2023 20:30,0.097107638
5/20/2023 20:45,0.097107638
5/20/2023 21:00,0.104527414
5/20/2023 21:15,0.092639937
5/20/2023 21:30,0.097107638
5/20/2023 21:45,0.105994446
5/20/2023 22:00,0.098582581
5/20/2023 22:15,0.092639937
5/20/2023 22:30,0.098582581
5/20/2023 22:45,0.098582581
5/20/2023 23:00,0.105994446
5/20/2023 23:15,0.101558202
5/20/2023 23:30,0.101558202
5/20/2023 23:45,0.110419152
5/21/2023 0:00,0.104527414
5/21/2023 0:15,0.108954223
5/21/2023 0:30,0.092639937
5/21/2023 0:45,0.083662236
5/21/2023 1:00,0.104527414
5/21/2023 1:15,0.097107638
5/21/2023 1:30,0.105994446
5/21/2023 1:45,0.113367132
5/21/2023 2:00,0.104502063
5/21/2023 2:15,0.108928951
5/21/2023 2:30,0.100058481
5/21/2023 2:45,0.104502063
5/21/2023 3:00,0.116286387
5/21/2023 3:15,0.116286387
5/21/2023 3:30,0.104527414
5/21/2023 3:45,0.095628543
5/21/2023 4:00,0.095628543
5/21/2023 4:15,0.111882561
5/21/2023 4:30,0.095628543
5/21/2023 4:45,0.104527414
5/21/2023 5:00,0.108954223
5/21/2023 5:15,0.100083913
5/21/2023 5:30,0.111882561
5/21/2023 5:45,0.111907778
5/21/2023 6:00,0.100083913
5/21/2023 6:15,0.095628543
5/21/2023 6:30,0.095628543
5/21/2023 6:45,0.111882561
5/21/2023 7:00,0.116286387
5/21/2023 7:15,0.111882561
5/21/2023 7:30,0.100083913
5/21/2023 7:45,0.116286387
5/21/2023 8:00,0.079151694
5/21/2023 8:15,0.100083913
5/21/2023 8:30,0.095628543
5/21/2023 8:45,0.091155945
5/21/2023 9:00,0.088159936
5/21/2023 9:15,0.104527414
5/21/2023 9:30,0.104527414
5/21/2023 9:45,0.104527414
5/21/2023 10:00,0.104527414
5/21/2023 10:15,0.104527414
5/21/2023 10:30,0.108954223
5/21/2023 10:45,0.095628543
5/21/2023 11:00,0.100083913
5/21/2023 11:15,0.108954223
5/21/2023 11:30,0.092639937
5/21/2023 11:45,0.088159936
5/21/2023 12:00,0.100083913
5/21/2023 12:15,0.095628543
5/21/2023 12:30,0.108954223
5/21/2023 12:45,0.108954223
5/21/2023 13:00,0.092639937
5/21/2023 13:15,0.091130345
5/21/2023 13:30,0.100058481
5/21/2023 13:45,0.091130345
5/21/2023 14:00,0.095603027
5/21/2023 14:15,0.088159936
5/21/2023 14:30,0.091155945
5/21/2023 14:45,0.100083913
5/21/2023 15:00,0.091155945
5/21/2023 15:15,0.091155945
5/21/2023 15:30,0.095628543
5/21/2023 15:45,0.095628543
5/21/2023 16:00,0.098608042
5/21/2023 16:15,0.098608042
5/21/2023 16:30,0.104527414
5/21/2023 16:45,0.100083913
5/21/2023 17:00,0.094147837
5/21/2023 17:15,0.100083913
5/21/2023 17:30,0.130889534
5/21/2023 17:45,0.116286387
5/21/2023 18:00,0.13523646
5/21/2023 18:15,0.148183196
5/21/2023 18:30,0.163898199
5/21/2023 18:45,0.155349944
5/21/2023 19:00,0.159628561
5/21/2023 19:15,0.166744039
5/21/2023 19:30,0.142463473
5/21/2023 19:45,0.119224795
5/21/2023 20:00,0.142463473
5/21/2023 20:15,0.151081832
5/21/2023 20:30,0.162484374
5/21/2023 20:45,0.151081832
5/21/2023 21:00,0.142463473
5/21/2023 21:15,0.13523646
5/21/2023 21:30,0.13523646
5/21/2023 21:45,0.123606224
5/21/2023 22:00,0.126529863
5/21/2023 22:15,0.123606224
5/21/2023 22:30,0.120676717
5/21/2023 22:45,0.123606224
5/21/2023 23:00,0.127974541
5/21/2023 23:15,0.123606224
5/21/2023 23:30,0.111882561
5/21/2023 23:45,0.123606224
5/22/2023 0:00,0.127974541
5/22/2023 0:15,0.107462468
5/22/2023 0:30,0.116286387
5/22/2023 0:45,0.130889534
5/22/2023 1:00,0.119224795
5/22/2023 1:15,0.114827507
5/22/2023 1:30,0.143895396
5/22/2023 1:45,0.130889534
5/22/2023 2:00,0.127974541
5/22/2023 2:15,0.111907778
5/22/2023 2:30,0.114827507
5/22/2023 2:45,0.122129689
5/22/2023 3:00,0.1265049
5/22/2023 3:15,0.110419152
5/22/2023 3:30,0.119224795
5/22/2023 3:45,0.123606224
5/22/2023 4:00,0.122129689
5/22/2023 4:15,0.130864644
5/22/2023 4:30,0.110419152
5/22/2023 4:45,0.117768898
5/22/2023 5:00,0.105994446
5/22/2023 5:15,0.122129689
5/22/2023 5:30,0.113367132
5/22/2023 5:45,0.105994446
5/22/2023 6:00,0.129420298
5/22/2023 6:15,0.130889534
5/22/2023 6:30,0.113367132
5/22/2023 6:45,0.113367132
5/22/2023 7:00,0.113367132
5/22/2023 7:15,0.098582581
5/22/2023 7:30,0.111907778
5/22/2023 7:45,0.105994446
5/22/2023 8:00,0.114827507
5/22/2023 8:15,0.110419152
5/22/2023 8:30,0.107487766
5/22/2023 8:45,0.107487766
5/22/2023 9:00,0.114827507
5/22/2023 9:15,0.103056293
5/22/2023 9:30,0.094147837
5/22/2023 9:45,0.103056293
5/22/2023 10:00,0.091155945
5/22/2023 10:15,0.114827507
5/22/2023 10:30,0.119224795
5/22/2023 10:45,0.098582581
5/22/2023 11:00,0.105994446
5/22/2023 11:15,0.105994446
5/22/2023 11:30,0.089647247
5/22/2023 11:45,0.107462468
5/22/2023 12:00,0.094122293
5/22/2023 12:15,0.098582581
5/22/2023 12:30,0.089647247
5/22/2023 12:45,0.085154597
5/22/2023 13:00,0.089647247
5/22/2023 13:15,0.094122293
5/22/2023 13:30,0.082170757
5/22/2023 13:45,0.094122293
5/22/2023 14:00,0.091155945
5/22/2023 14:15,0.091155945
5/22/2023 14:30,0.091155945
5/22/2023 14:45,0.082170757
5/22/2023 15:00,0.094122293
5/22/2023 15:15,0.098582581
5/22/2023 15:30,0.082170757
5/22/2023 15:45,0.094147837
5/22/2023 16:00,0.086670961
5/22/2023 16:15,0.082170757
5/22/2023 16:30,0.080649196
5/22/2023 16:45,0.089647247
5/22/2023 17:00,0.082170757
5/22/2023 17:15,0.089672875
5/22/2023 17:30,0.101558202
5/22/2023 17:45,0.077652465
5/22/2023 18:00,0.085180312
5/22/2023 18:15,0.089672875
5/22/2023 18:30,0.089672875
5/22/2023 18:45,0.098582581
5/22/2023 19:00,0.085154597
5/22/2023 19:15,0.107462468
5/22/2023 19:30,0.089647247
5/22/2023 19:45,0.098582581
5/22/2023 20:00,0.089647247
5/22/2023 20:15,0.089647247
5/22/2023 20:30,0.101558202
5/22/2023 20:45,0.103030916
5/22/2023 21:00,0.098582581
5/22/2023 21:15,0.108954223
5/22/2023 21:30,0.103030916
5/22/2023 21:45,0.101558202
5/22/2023 22:00,0.103056293
5/22/2023 22:15,0.103030916
5/22/2023 22:30,0.098582581
5/22/2023 22:45,0.097107638
5/22/2023 23:00,0.101558202
5/22/2023 23:15,0.097107638
5/22/2023 23:30,0.105994446
5/22/2023 23:45,0.105994446
5/23/2023 0:00,0.086645274
5/23/2023 0:15,0.108954223
5/23/2023 0:30,0.105994446
5/23/2023 0:45,0.089647247
5/23/2023 1:00,0.089647247
5/23/2023 1:15,0.105994446
5/23/2023 1:30,0.101558202
5/23/2023 1:45,0.097107638
5/23/2023 2:00,0.101558202
5/23/2023 2:15,0.110419152
5/23/2023 2:30,0.098582581
5/23/2023 2:45,0.122154727
5/23/2023 3:00,0.12070178
5/23/2023 3:15,0.101558202
5/23/2023 3:30,0.103030916
5/23/2023 3:45,0.108954223
5/23/2023 4:00,0.105994446
5/23/2023 4:15,0.110419152
5/23/2023 4:30,0.094122293
5/23/2023 4:45,0.092639937
5/23/2023 5:00,0.101558202
5/23/2023 5:15,0.094122293
5/23/2023 5:30,0.105994446
5/23/2023 5:45,0.094122293
5/23/2023 6:00,0.117768898
5/23/2023 6:15,0.098582581
5/23/2023 6:30,0.098582581
5/23/2023 6:45,0.098582581
5/23/2023 7:00,0.103030916
5/23/2023 7:15,0.095628543
5/23/2023 7:30,0.091155945
5/23/2023 7:45,0.101558202
5/23/2023 8:00,0.094122293
5/23/2023 8:15,0.091155945
5/23/2023 8:30,0.091155945
5/23/2023 8:45,0.095628543
5/23/2023 9:00,0.098608042
5/23/2023 9:15,0.091155945
5/23/2023 9:30,0.086670961
5/23/2023 9:45,0.098608042
5/23/2023 10:00,0.100083913
5/23/2023 10:15,0.086670961
5/23/2023 10:30,0.103056293
5/23/2023 10:45,0.086670961
5/23/2023 11:00,0.082144984
5/23/2023 11:15,0.098608042
5/23/2023 11:30,0.095628543
5/23/2023 11:45,0.091155945
5/23/2023 12:00,0.086645274
5/23/2023 12:15,0.065522054
5/23/2023 12:30,0.086645274
5/23/2023 12:45,0.083662236
5/23/2023 13:00,0.077626602
5/23/2023 13:15,0.086645274
5/23/2023 13:30,0.086645274
5/23/2023 13:45,0.070080612
5/23/2023 14:00,0.073094997
5/23/2023 14:15,0.077626602
5/23/2023 14:30,0.085154597
5/23/2023 14:45,0.080649196
5/23/2023 15:00,0.091130345
5/23/2023 15:15,0.085154597
5/23/2023 15:30,0.068570735
5/23/2023 15:45,0.097107638
5/23/2023 16:00,0.085154597
5/23/2023 16:15,0.097107638
5/23/2023 16:30,0.103030916
5/23/2023 16:45,0.085180312
5/23/2023 17:00,0.086670961
5/23/2023 17:15,0.101558202
5/23/2023 17:30,0.085154597
5/23/2023 17:45,0.089647247
5/23/2023 18:00,0.089672875
5/23/2023 18:15,0.077652465
5/23/2023 18:30,0.085180312
5/23/2023 18:45,0.089672875
5/23/2023 19:00,0.085180312
5/23/2023 19:15,0.082170757
5/23/2023 19:30,0.080675001
5/23/2023 19:45,0.094122293
5/23/2023 20:00,0.077652465
5/23/2023 20:15,0.089647247
5/23/2023 20:30,0.085154597
5/23/2023 20:45,0.085154597
5/23/2023 21:00,0.095628543
5/23/2023 21:15,0.094122293
5/23/2023 21:30,0.086670961
5/23/2023 21:45,0.098582581
5/23/2023 22:00,0.114827507
5/23/2023 22:15,0.091155945
5/23/2023 22:30,0.110419152
5/23/2023 22:45,0.111882561
5/23/2023 23:00,0.095628543
5/23/2023 23:15,0.098608042
5/23/2023 23:30,0.098608042
5/23/2023 23:45,0.110419152
5/24/2023 0:00,0.110419152
5/24/2023 0:15,0.094122293
5/24/2023 0:30,0.105994446
5/24/2023 0:45,0.108954223
5/24/2023 1:00,0.101558202
5/24/2023 1:15,0.110419152
5/24/2023 1:30,0.098582581
5/24/2023 1:45,0.094122293
5/24/2023 2:00,0.105994446
5/24/2023 2:15,0.094122293
5/24/2023 2:30,0.097107638
5/24/2023 2:45,0.098582581
5/24/2023 3:00,0.105994446
5/24/2023 3:15,0.098582581
5/24/2023 3:30,0.085154597
5/24/2023 3:45,0.101558202
5/24/2023 4:00,0.091130345
5/24/2023 4:15,0.094122293
5/24/2023 4:30,0.097107638
5/24/2023 4:45,0.080649196
5/24/2023 5:00,0.094122293
5/24/2023 5:15,0.098582581
5/24/2023 5:30,0.101558202
5/24/2023 5:45,0.086670961
5/24/2023 6:00,0.094122293
5/24/2023 6:15,0.095628543
5/24/2023 6:30,0.094147837
5/24/2023 6:45,0.098608042
5/24/2023 7:00,0.089672875
5/24/2023 7:15,0.103056293
5/24/2023 7:30,0.095628543
5/24/2023 7:45,0.086670961
5/24/2023 8:00,0.083662236
5/24/2023 8:15,0.091155945
5/24/2023 8:30,0.082170757
5/24/2023 8:45,0.086670961
5/24/2023 9:00,0.082170757
5/24/2023 9:15,0.091155945
5/24/2023 9:30,0.103030916
5/24/2023 9:45,0.086670961
5/24/2023 10:00,0.089672875
5/24/2023 10:15,0.082170757
5/24/2023 10:30,0.091155945
5/24/2023 10:45,0.091155945
5/24/2023 11:00,0.095628543
5/24/2023 11:15,0.089647247
5/24/2023 11:30,0.070080612
5/24/2023 11:45,0.074625454
5/24/2023 12:00,0.070080612
5/24/2023 12:15,0.086645274
5/24/2023 12:30,0.086645274
5/24/2023 12:45,0.077652465
5/24/2023 13:00,0.082170757
5/24/2023 13:15,0.094122293
5/24/2023 13:30,0.091155945
5/24/2023 13:45,0.082170757
5/24/2023 14:00,0.086670961
5/24/2023 14:15,0.077652465
5/24/2023 14:30,0.091155945
5/24/2023 14:45,0.082170757
5/24/2023 15:00,0.082170757
5/24/2023 15:15,0.103056293
5/24/2023 15:30,0.094122293
5/24/2023 15:45,0.068544686
5/24/2023 16:00,0.073094997
5/24/2023 16:15,0.085154597
5/24/2023 16:30,0.068570735
5/24/2023 16:45,0.076125606
5/24/2023 17:00,0.0761515
5/24/2023 17:15,0.083662236
5/24/2023 17:30,0.092639937
5/24/2023 17:45,0.088159936
5/24/2023 18:00,0.080675001
5/24/2023 18:15,0.080675001
5/24/2023 18:30,0.080675001
5/24/2023 18:45,0.080675001
5/24/2023 19:00,0.0761515
5/24/2023 19:15,0.076125606
5/24/2023 19:30,0.080675001
5/24/2023 19:45,0.0761515
5/24/2023 20:00,0.068570735
5/24/2023 20:15,0.092639937
5/24/2023 20:30,0.071614682
5/24/2023 20:45,0.085180312
5/24/2023 21:00,0.097107638
5/24/2023 21:15,0.085180312
5/24/2023 21:30,0.077652465
5/24/2023 21:45,0.089647247
5/24/2023 22:00,0.076125606
5/24/2023 22:15,0.085154597
5/24/2023 22:30,0.077626602
5/24/2023 22:45,0.097107638
5/24/2023 23:00,0.068570735
5/24/2023 23:15,0.080649196
5/24/2023 23:30,0.076125606
5/24/2023 23:45,0.080649196
5/25/2023 0:00,0.059425931
5/25/2023 0:15,0.068570735
5/25/2023 0:30,0.080649196
5/25/2023 0:45,0.068544686
5/25/2023 1:00,0.080649196
5/25/2023 1:15,0.073094997
5/25/2023 1:30,0.080649196
5/25/2023 1:45,0.089647247
5/25/2023 2:00,0.089647247
5/25/2023 2:15,0.092639937
5/25/2023 2:30,0.080649196
5/25/2023 2:45,0.089672875
5/25/2023 3:00,0.094147837
5/25/2023 3:15,0.085154597
5/25/2023 3:30,0.085154597
5/25/2023 3:45,0.086670961
5/25/2023 4:00,0.085154597
5/25/2023 4:15,0.082170757
5/25/2023 4:30,0.076125606
5/25/2023 4:45,0.101558202
5/25/2023 5:00,0.097107638
5/25/2023 5:15,0.073120953
5/25/2023 5:30,0.097107638
5/25/2023 5:45,0.088159936
5/25/2023 6:00,0.098608042
5/25/2023 6:15,0.094147837
5/25/2023 6:30,0.092639937
5/25/2023 6:45,0.082170757
5/25/2023 7:00,0.088159936
5/25/2023 7:15,0.094147837
5/25/2023 7:30,0.085180312
5/25/2023 7:45,0.064006699
5/25/2023 8:00,0.064006699
5/25/2023 8:15,0.101558202
5/25/2023 8:30,0.077652465
5/25/2023 8:45,0.082170757
5/25/2023 9:00,0.086670961
5/25/2023 9:15,0.089672875
5/25/2023 9:30,0.085154597
5/25/2023 9:45,0.080649196
5/25/2023 10:00,0.085154597
5/25/2023 10:15,0.076125606
5/25/2023 10:30,0.076125606
5/25/2023 10:45,0.085154597
5/25/2023 11:00,0.073120953
5/25/2023 11:15,0.085154597
5/25/2023 11:30,0.085154597
5/25/2023 11:45,0.065522054
5/25/2023 12:00,0.082170757
5/25/2023 12:15,0.085154597
5/25/2023 12:30,0.085154597
5/25/2023 12:45,0.089647247
5/25/2023 13:00,0.080649196
5/25/2023 13:15,0.085154597
5/25/2023 13:30,0.073094997
5/25/2023 13:45,0.063980557
5/25/2023 14:00,0.060944251
5/25/2023 14:15,0.085154597
5/25/2023 14:30,0.076125606
5/25/2023 14:45,0.080649196
5/25/2023 15:00,0.076125606
5/25/2023 15:15,0.080649196
5/25/2023 15:30,0.073120953
5/25/2023 15:45,0.085154597
5/25/2023 16:00,0.094122293
5/25/2023 16:15,0.0761515
5/25/2023 16:30,0.0761515
5/25/2023 16:45,0.080675001
5/25/2023 17:00,0.0761515
5/25/2023 17:15,0.068570735
5/25/2023 17:30,0.0761515
5/25/2023 17:45,0.085180312
5/25/2023 18:00,0.076125606
5/25/2023 18:15,0.071588696
5/25/2023 18:30,0.089672875
5/25/2023 18:45,0.068570735
5/25/2023 19:00,0.080675001
5/25/2023 19:15,0.089672875
5/25/2023 19:30,0.089672875
5/25/2023 19:45,0.0761515
5/25/2023 20:00,0.071614682
5/25/2023 20:15,0.080649196
5/25/2023 20:30,0.080675001
5/25/2023 20:45,0.080675001
5/25/2023 21:00,0.088159936
5/25/2023 21:15,0.080675001
5/25/2023 21:30,0.073120953
5/25/2023 21:45,0.085154597
5/25/2023 22:00,0.068570735
5/25/2023 22:15,0.085154597
5/25/2023 22:30,0.068570735
5/25/2023 22:45,0.092639937
5/25/2023 23:00,0.080675001
5/25/2023 23:15,0.088159936
5/25/2023 23:30,0.088159936
5/25/2023 23:45,0.085180312
5/26/2023 0:00,0.089672875
5/26/2023 0:15,0.092639937
5/26/2023 0:30,0.080675001
5/26/2023 0:45,0.088159936
5/26/2023 1:00,0.080675001
5/26/2023 1:15,0.083662236
5/26/2023 1:30,0.085180312
5/26/2023 1:45,0.080675001
5/26/2023 2:00,0.097107638
5/26/2023 2:15,0.060944251
5/26/2023 2:30,0.080675001
5/26/2023 2:45,0.079151694
5/26/2023 3:00,0.097107638
5/26/2023 3:15,0.088159936
5/26/2023 3:30,0.100083913
5/26/2023 3:45,0.092639937
5/26/2023 4:00,0.085154597
5/26/2023 4:15,0.092639937
5/26/2023 4:30,0.083662236
5/26/2023 4:45,0.085154597
5/26/2023 5:00,0.088159936
5/26/2023 5:15,0.092639937
5/26/2023 5:30,0.092639937
5/26/2023 5:45,0.097107638
5/26/2023 6:00,0.094147837
5/26/2023 6:15,0.077652465
5/26/2023 6:30,0.092639937
5/26/2023 6:45,0.086670961
5/26/2023 7:00,0.077652465
5/26/2023 7:15,0.080649196
5/26/2023 7:30,0.074625454
5/26/2023 7:45,0.070080612
5/26/2023 8:00,0.086645274
5/26/2023 8:15,0.082144984
5/26/2023 8:30,0.086670961
5/26/2023 8:45,0.074625454
5/26/2023 9:00,0.089647247
5/26/2023 9:15,0.091155945
5/26/2023 9:30,0.079151694
5/26/2023 9:45,0.083662236
5/26/2023 10:00,0.083662236
5/26/2023 10:15,0.070080612
5/26/2023 10:30,0.079151694
5/26/2023 10:45,0.083662236
5/26/2023 11:00,0.079151694
5/26/2023 11:15,0.077626602
5/26/2023 11:30,0.079151694
5/26/2023 11:45,0.079151694
5/26/2023 12:00,0.065522054
5/26/2023 12:15,0.065522054
5/26/2023 12:30,0.074625454
5/26/2023 12:45,0.060944251
5/26/2023 13:00,0.085154597
5/26/2023 13:15,0.077652465
5/26/2023 13:30,0.065522054
5/26/2023 13:45,0.074625454
5/26/2023 14:00,0.082170757
5/26/2023 14:15,0.082170757
5/26/2023 14:30,0.068570735
5/26/2023 14:45,0.076125606
5/26/2023 15:00,0.060944251
5/26/2023 15:15,0.085154597
5/26/2023 15:30,0.077626602
5/26/2023 15:45,0.077626602
5/26/2023 16:00,0.082144984
5/26/2023 16:15,0.073094997
5/26/2023 16:30,0.071588696
5/26/2023 16:45,0.080649196
5/26/2023 17:00,0.060944251
5/26/2023 17:15,0.073120953
5/26/2023 17:30,0.080649196
5/26/2023 17:45,0.080649196
5/26/2023 18:00,0.076125606
5/26/2023 18:15,0.080649196
5/26/2023 18:30,0.068570735
5/26/2023 18:45,0.076125606
5/26/2023 19:00,0.076125606
5/26/2023 19:15,0.073120953
5/26/2023 19:30,0.073120953
5/26/2023 19:45,0.085154597
5/26/2023 20:00,0.080649196
5/26/2023 20:15,0.071588696
5/26/2023 20:30,0.082144984
5/26/2023 20:45,0.082144984
5/26/2023 21:00,0.080649196
5/26/2023 21:15,0.063980557
5/26/2023 21:30,0.080649196
5/26/2023 21:45,0.077652465
5/26/2023 22:00,0.073120953
5/26/2023 22:15,0.082170757
5/26/2023 22:30,0.077652465
5/26/2023 22:45,0.086670961
5/26/2023 23:00,0.082170757
5/26/2023 23:15,0.073120953
5/26/2023 23:30,0.094147837
5/26/2023 23:45,0.077652465
5/27/2023 0:00,0.085180312
5/27/2023 0:15,0.082170757
5/27/2023 0:30,0.082170757
5/27/2023 0:45,0.089647247
5/27/2023 1:00,0.094122293
5/27/2023 1:15,0.076125606
5/27/2023 1:30,0.080649196
5/27/2023 1:45,0.076125606
5/27/2023 2:00,0.080649196
5/27/2023 2:15,0.080649196
5/27/2023 2:30,0.077652465
5/27/2023 2:45,0.088159936
5/27/2023 3:00,0.101558202
5/27/2023 3:15,0.083662236
5/27/2023 3:30,0.088159936
5/27/2023 3:45,0.095603027
5/27/2023 4:00,0.085180312
5/27/2023 4:15,0.080675001
5/27/2023 4:30,0.088159936
5/27/2023 4:45,0.0761515
5/27/2023 5:00,0.085180312
5/27/2023 5:15,0.088159936
5/27/2023 5:30,0.080675001
5/27/2023 5:45,0.100083913
5/27/2023 6:00,0.085154597
5/27/2023 6:15,0.088159936
5/27/2023 6:30,0.085154597
5/27/2023 6:45,0.097107638
5/27/2023 7:00,0.080649196
5/27/2023 7:15,0.088159936
5/27/2023 7:30,0.073120953
5/27/2023 7:45,0.094122293
5/27/2023 8:00,0.077652465
5/27/2023 8:15,0.073120953
5/27/2023 8:30,0.077652465
5/27/2023 8:45,0.077652465
5/27/2023 9:00,0.077652465
5/27/2023 9:15,0.080675001
5/27/2023 9:30,0.085180312
5/27/2023 9:45,0.094147837
5/27/2023 10:00,0.082170757
5/27/2023 10:15,0.082170757
5/27/2023 10:30,0.089672875
5/27/2023 10:45,0.082170757
5/27/2023 11:00,0.082170757
5/27/2023 11:15,0.073120953
5/27/2023 11:30,0.073094997
5/27/2023 11:45,0.082170757
5/27/2023 12:00,0.070080612
5/27/2023 12:15,0.080649196
5/27/2023 12:30,0.085154597
5/27/2023 12:45,0.073120953
5/27/2023 13:00,0.073094997
5/27/2023 13:15,0.060944251
5/27/2023 13:30,0.076125606
5/27/2023 13:45,0.076125606
5/27/2023 14:00,0.068570735
5/27/2023 14:15,0.071588696
5/27/2023 14:30,0.068570735
5/27/2023 14:45,0.073120953
5/27/2023 15:00,0.0761515
5/27/2023 15:15,0.080675001
5/27/2023 15:30,0.0761515
5/27/2023 15:45,0.0761515
5/27/2023 16:00,0.071588696
5/27/2023 16:15,0.059425931
5/27/2023 16:30,0.062463329
5/27/2023 16:45,0.080649196
5/27/2023 17:00,0.080649196
5/27/2023 17:15,0.054799127
5/27/2023 17:30,0.059399691
5/27/2023 17:45,0.080675001
5/27/2023 18:00,0.067035581
5/27/2023 18:15,0.059399691
5/27/2023 18:30,0.059425931
5/27/2023 18:45,0.059425931
5/27/2023 19:00,0.067035581
5/27/2023 19:15,0.0761515
5/27/2023 19:30,0.080675001
5/27/2023 19:45,0.071614682
5/27/2023 20:00,0.068570735
5/27/2023 20:15,0.06706166
5/27/2023 20:30,0.071614682
5/27/2023 20:45,0.073120953
5/27/2023 21:00,0.060944251
5/27/2023 21:15,0.076125606
5/27/2023 21:30,0.076125606
5/27/2023 21:45,0.059425931
5/27/2023 22:00,0.073094997
5/27/2023 22:15,0.089647247
5/27/2023 22:30,0.077626602
5/27/2023 22:45,0.073094997
5/27/2023 23:00,0.068544686
5/27/2023 23:15,0.063980557
5/27/2023 23:30,0.073094997
5/27/2023 23:45,0.077626602
5/28/2023 0:00,0.063980557
5/28/2023 0:15,0.068544686
5/28/2023 0:30,0.060944251
5/28/2023 0:45,0.080649196
5/28/2023 1:00,0.073094997
5/28/2023 1:15,0.077626602
5/28/2023 1:30,0.077626602
5/28/2023 1:45,0.080649196
5/28/2023 2:00,0.059425931
5/28/2023 2:15,0.089647247
5/28/2023 2:30,0.068570735
5/28/2023 2:45,0.073120953
5/28/2023 3:00,0.0761515
5/28/2023 3:15,0.068570735
5/28/2023 3:30,0.092639937
5/28/2023 3:45,0.079151694
5/28/2023 4:00,0.088159936
5/28/2023 4:15,0.085154597
5/28/2023 4:30,0.080649196
5/28/2023 4:45,0.076125606
5/28/2023 5:00,0.080649196
5/28/2023 5:15,0.089647247
5/28/2023 5:30,0.064006699
5/28/2023 5:45,0.089647247
5/28/2023 6:00,0.085154597
5/28/2023 6:15,0.080649196
5/28/2023 6:30,0.076125606
5/28/2023 6:45,0.080649196
5/28/2023 7:00,0.068544686
5/28/2023 7:15,0.073094997
5/28/2023 7:30,0.082170757
5/28/2023 7:45,0.071588696
5/28/2023 8:00,0.077652465
5/28/2023 8:15,0.082170757
5/28/2023 8:30,0.074625454
5/28/2023 8:45,0.074625454
5/28/2023 9:00,0.074625454
5/28/2023 9:15,0.065522054
5/28/2023 9:30,0.065522054
5/28/2023 9:45,0.065522054
5/28/2023 10:00,0.064006699
5/28/2023 10:15,0.060944251
5/28/2023 10:30,0.068570735
5/28/2023 10:45,0.064006699
5/28/2023 11:00,0.077652465
5/28/2023 11:15,0.060944251
5/28/2023 11:30,0.060944251
5/28/2023 11:45,0.064006699
5/28/2023 12:00,0.077652465
5/28/2023 12:15,0.068570735
5/28/2023 12:30,0.060944251
5/28/2023 12:45,0.073094997
5/28/2023 13:00,0.073094997
5/28/2023 13:15,0.068544686
5/28/2023 13:30,0.080649196
5/28/2023 13:45,0.060944251
5/28/2023 14:00,0.068544686
5/28/2023 14:15,0.059399691
5/28/2023 14:30,0.056352105
5/28/2023 14:45,0.068544686
5/28/2023 15:00,0.059425931
5/28/2023 15:15,0.071588696
5/28/2023 15:30,0.059425931
5/28/2023 15:45,0.064006699
5/28/2023 16:00,0.068570735
5/28/2023 16:15,0.071614682
5/28/2023 16:30,0.064006699
5/28/2023 16:45,0.06706166
5/28/2023 17:00,0.064006699
5/28/2023 17:15,0.050210221
5/28/2023 17:30,0.050210221
5/28/2023 17:45,0.059425931
5/28/2023 18:00,0.059425931
5/28/2023 18:15,0.059425931
5/28/2023 18:30,0.064006699
5/28/2023 18:45,0.064006699
5/28/2023 19:00,0.060944251
5/28/2023 19:15,0.056352105
5/28/2023 19:30,0.073120953
5/28/2023 19:45,0.068570735
5/28/2023 20:00,0.076125606
5/28/2023 20:15,0.064006699
5/28/2023 20:30,0.064006699
5/28/2023 20:45,0.068570735
5/28/2023 21:00,0.080649196
5/28/2023 21:15,0.073094997
5/28/2023 21:30,0.065522054
5/28/2023 21:45,0.080649196
5/28/2023 22:00,0.077626602
5/28/2023 22:15,0.080649196
5/28/2023 22:30,0.077626602
5/28/2023 22:45,0.076125606
5/28/2023 23:00,0.068544686
5/28/2023 23:15,0.073120953
5/28/2023 23:30,0.080649196
5/28/2023 23:45,0.063980557
5/29/2023 0:00,0.073120953
5/29/2023 0:15,0.076125606
5/29/2023 0:30,0.077652465
5/29/2023 0:45,0.068544686
5/29/2023 1:00,0.077626602
5/29/2023 1:15,0.076125606
5/29/2023 1:30,0.080649196
5/29/2023 1:45,0.077626602
5/29/2023 2:00,0.097107638
5/29/2023 2:15,0.077626602
5/29/2023 2:30,0.080649196
5/29/2023 2:45,0.092639937
5/29/2023 3:00,0.085154597
5/29/2023 3:15,0.088159936
5/29/2023 3:30,0.088159936
5/29/2023 3:45,0.077626602
5/29/2023 4:00,0.080649196
5/29/2023 4:15,0.073094997
5/29/2023 4:30,0.076125606
5/29/2023 4:45,0.064006699
5/29/2023 5:00,0.064006699
5/29/2023 5:15,0.068570735
5/29/2023 5:30,0.060944251
5/29/2023 5:45,0.068570735
5/29/2023 6:00,0.0761515
5/29/2023 6:15,0.070080612
5/29/2023 6:30,0.073120953
5/29/2023 6:45,0.068570735
5/29/2023 7:00,0.085154597
5/29/2023 7:15,0.077626602
5/29/2023 7:30,0.082144984
5/29/2023 7:45,0.077626602
5/29/2023 8:00,0.077626602
5/29/2023 8:15,0.065522054
5/29/2023 8:30,0.074625454
5/29/2023 8:45,0.060944251
5/29/2023 9:00,0.074625454
5/29/2023 9:15,0.070080612
5/29/2023 9:30,0.083662236
5/29/2023 9:45,0.082144984
5/29/2023 10:00,0.077626602
5/29/2023 10:15,0.070080612
5/29/2023 10:30,0.070080612
5/29/2023 10:45,0.06706166
5/29/2023 11:00,0.06706166
5/29/2023 11:15,0.065522054
5/29/2023 11:30,0.068544686
5/29/2023 11:45,0.060944251
5/29/2023 12:00,0.065522054
5/29/2023 12:15,0.070080612
5/29/2023 12:30,0.065522054
5/29/2023 12:45,0.06706166
5/29/2023 13:00,0.070080612
5/29/2023 13:15,0.060944251
5/29/2023 13:30,0.073094997
5/29/2023 13:45,0.070080612
5/29/2023 14:00,0.073094997
5/29/2023 14:15,0.057876842
5/29/2023 14:30,0.060944251
5/29/2023 14:45,0.056352105
5/29/2023 15:00,0.065522054
5/29/2023 15:15,0.060944251
5/29/2023 15:30,0.056352105
5/29/2023 15:45,0.057876842
5/29/2023 16:00,0.060944251
5/29/2023 16:15,0.057876842
5/29/2023 16:30,0.060944251
5/29/2023 16:45,0.068570735
5/29/2023 17:00,0.073120953
5/29/2023 17:15,0.056352105
5/29/2023 17:30,0.063980557
5/29/2023 17:45,0.042467872
5/29/2023 18:00,0.05174267
5/29/2023 18:15,0.047112947
5/29/2023 18:30,0.056352105
5/29/2023 18:45,0.056352105
5/29/2023 19:00,0.053296913
5/29/2023 19:15,0.056352105
5/29/2023 19:30,0.04867582
5/29/2023 19:45,0.056352105
5/29/2023 20:00,0.048649348
5/29/2023 20:15,0.070080612
5/29/2023 20:30,0.056352105
5/29/2023 20:45,0.065522054
5/29/2023 21:00,0.056352105
5/29/2023 21:15,0.060944251
5/29/2023 21:30,0.056352105
5/29/2023 21:45,0.060944251
5/29/2023 22:00,0.064006699
5/29/2023 22:15,0.060944251
5/29/2023 22:30,0.068570735
5/29/2023 22:45,0.060944251
5/29/2023 23:00,0.068570735
5/29/2023 23:15,0.053270542
5/29/2023 23:30,0.060944251
5/29/2023 23:45,0.068570735
5/30/2023 0:00,0.05174267
5/30/2023 0:15,0.060944251
5/30/2023 0:30,0.060944251
5/30/2023 0:45,0.060944251
5/30/2023 1:00,0.065522054
5/30/2023 1:15,0.065522054
5/30/2023 1:30,0.068570735
5/30/2023 1:45,0.060944251
5/30/2023 2:00,0.077652465
5/30/2023 2:15,0.065522054
5/30/2023 2:30,0.068570735
5/30/2023 2:45,0.060944251
5/30/2023 3:00,0.056352105
5/30/2023 3:15,0.060944251
5/30/2023 3:30,0.064006699
5/30/2023 3:45,0.068570735
5/30/2023 4:00,0.060944251
5/30/2023 4:15,0.065522054
5/30/2023 4:30,0.068570735
5/30/2023 4:45,0.060944251
5/30/2023 5:00,0.077652465
5/30/2023 5:15,0.070080612
5/30/2023 5:30,0.060944251
5/30/2023 5:45,0.073120953
5/30/2023 6:00,0.070080612
5/30/2023 6:15,0.073120953
5/30/2023 6:30,0.077652465
5/30/2023 6:45,0.06706166
5/30/2023 7:00,0.06706166
5/30/2023 7:15,0.062489504
5/30/2023 7:30,0.062489504
5/30/2023 7:45,0.054825466
5/30/2023 8:00,0.062463329
5/30/2023 8:15,0.045574569
5/30/2023 8:30,0.065522054
5/30/2023 8:45,0.070080612
5/30/2023 9:00,0.070080612
5/30/2023 9:15,0.050210221
5/30/2023 9:30,0.060944251
5/30/2023 9:45,0.054825466
5/30/2023 10:00,0.065522054
5/30/2023 10:15,0.053296913
5/30/2023 10:30,0.067035581
5/30/2023 10:45,0.057903114
5/30/2023 11:00,0.060944251
5/30/2023 11:15,0.060944251
5/30/2023 11:30,0.062489504
5/30/2023 11:45,0.060944251
5/30/2023 12:00,0.065522054
5/30/2023 12:15,0.060944251
5/30/2023 12:30,0.053296913
5/30/2023 12:45,0.065522054
5/30/2023 13:00,0.060944251
5/30/2023 13:15,0.053270542
5/30/2023 13:30,0.060944251
5/30/2023 13:45,0.056352105
5/30/2023 14:00,0.053270542
5/30/2023 14:15,0.048649348
5/30/2023 14:30,0.064006699
5/30/2023 14:45,0.056352105
5/30/2023 15:00,0.063980557
5/30/2023 15:15,0.065522054
5/30/2023 15:30,0.056352105
5/30/2023 15:45,0.05174267
5/30/2023 16:00,0.056352105
5/30/2023 16:15,0.054825466
5/30/2023 16:30,0.059425931
5/30/2023 16:45,0.064006699
5/30/2023 17:00,0.056352105
5/30/2023 17:15,0.05174267
5/30/2023 17:30,0.05174267
5/30/2023 17:45,0.050210221
5/30/2023 18:00,0.054825466
5/30/2023 18:15,0.047112947
5/30/2023 18:30,0.047112947
5/30/2023 18:45,0.04401028
5/30/2023 19:00,0.054825466
5/30/2023 19:15,0.05174267
5/30/2023 19:30,0.05174267
5/30/2023 19:45,0.059425931
5/30/2023 20:00,0.05174267
5/30/2023 20:15,0.056352105
5/30/2023 20:30,0.065522054
5/30/2023 20:45,0.054825466
5/30/2023 21:00,0.048649348
5/30/2023 21:15,0.063980557
5/30/2023 21:30,0.056352105
5/30/2023 21:45,0.056352105
5/30/2023 22:00,0.060944251
5/30/2023 22:15,0.065522054
5/30/2023 22:30,0.060944251
5/30/2023 22:45,0.048649348
5/30/2023 23:00,0.05174267
5/30/2023 23:15,0.054825466
5/30/2023 23:30,0.056352105
5/30/2023 23:45,0.064006699
5/31/2023 0:00,0.047112947
5/31/2023 0:15,0.059425931
5/31/2023 0:30,0.068570735
5/31/2023 0:45,0.068570735
5/31/2023 1:00,0.056352105
5/31/2023 1:15,0.05174267
5/31/2023 1:30,0.054799127
5/31/2023 1:45,0.054799127
5/31/2023 2:00,0.071588696
5/31/2023 2:15,0.068544686
5/31/2023 2:30,0.062463329
5/31/2023 2:45,0.054799127
5/31/2023 3:00,0.059399691
5/31/2023 3:15,0.050210221
5/31/2023 3:30,0.062463329
5/31/2023 3:45,0.054825466
5/31/2023 4:00,0.067035581
5/31/2023 4:15,0.076125606
5/31/2023 4:30,0.065522054
5/31/2023 4:45,0.070080612
5/31/2023 5:00,0.06706166
5/31/2023 5:15,0.057903114
5/31/2023 5:30,0.070080612
5/31/2023 5:45,0.067035581
5/31/2023 6:00,0.057876842
5/31/2023 6:15,0.059399691
5/31/2023 6:30,0.06706166
5/31/2023 6:45,0.059425931
5/31/2023 7:00,0.064006699
5/31/2023 7:15,0.064006699
5/31/2023 7:30,0.059425931
5/31/2023 7:45,0.073120953
5/31/2023 8:00,0.059425931
5/31/2023 8:15,0.064006699
5/31/2023 8:30,0.06706166
5/31/2023 8:45,0.060944251
5/31/2023 9:00,0.064006699
5/31/2023 9:15,0.064006699
5/31/2023 9:30,0.059425931
5/31/2023 9:45,0.064006699
5/31/2023 10:00,0.064006699
5/31/2023 10:15,0.059425931
5/31/2023 10:30,0.067035581
5/31/2023 10:45,0.062463329
5/31/2023 11:00,0.067035581
5/31/2023 11:15,0.063980557
5/31/2023 11:30,0.067035581
5/31/2023 11:45,0.076125606
5/31/2023 12:00,0.068544686
5/31/2023 12:15,0.050183782
5/31/2023 12:30,0.059399691
5/31/2023 12:45,0.054825466
5/31/2023 13:00,0.054825466
5/31/2023 13:15,0.067035581
5/31/2023 13:30,0.054825466
5/31/2023 13:45,0.071588696
5/31/2023 14:00,0.067035581
5/31/2023 14:15,0.070080612
5/31/2023 14:30,0.062463329
5/31/2023 14:45,0.067035581
5/31/2023 15:00,0.054799127
5/31/2023 15:15,0.065522054
5/31/2023 15:30,0.056352105
5/31/2023 15:45,0.057876842
5/31/2023 16:00,0.074625454
5/31/2023 16:15,0.062463329
5/31/2023 16:30,0.070080612
5/31/2023 16:45,0.065522054
5/31/2023 17:00,0.079151694
5/31/2023 17:15,0.062489504
5/31/2023 17:30,0.070080612
5/31/2023 17:45,0.06706166
5/31/2023 18:00,0.079151694
5/31/2023 18:15,0.065522054
5/31/2023 18:30,0.070080612
5/31/2023 18:45,0.074625454
5/31/2023 19:00,0.074625454
5/31/2023 19:15,0.060944251
5/31/2023 19:30,0.070080612
5/31/2023 19:45,0.065522054
5/31/2023 20:00,0.082144984
5/31/2023 20:15,0.070080612
5/31/2023 20:30,0.086645274
5/31/2023 20:45,0.070080612
5/31/2023 21:00,0.073094997
5/31/2023 21:15,0.070080612
5/31/2023 21:30,0.074625454
5/31/2023 21:45,0.074625454
5/31/2023 22:00,0.074625454
5/31/2023 22:15,0.070080612
5/31/2023 22:30,0.079151694
5/31/2023 22:45,0.079151694
5/31/2023 23:00,0.074625454
5/31/2023 23:15,0.074625454
5/31/2023 23:30,0.082170757
5/31/2023 23:45,0.074625454
6/1/2023 0:00,0.074625454
6/1/2023 0:15,0.074625454
6/1/2023 0:30,0.088159936
6/1/2023 0:45,0.065522054
6/1/2023 1:00,0.076125606
6/1/2023 1:15,0.086670961
6/1/2023 1:30,0.086670961
6/1/2023 1:45,0.086670961
6/1/2023 2:00,0.086670961
6/1/2023 2:15,0.086645274
6/1/2023 2:30,0.086645274
6/1/2023 2:45,0.082144984
6/1/2023 3:00,0.073094997
6/1/2023 3:15,0.089647247
6/1/2023 3:30,0.074625454
6/1/2023 3:45,0.070080612
6/1/2023 4:00,0.077626602
6/1/2023 4:15,0.082144984
6/1/2023 4:30,0.086645274
6/1/2023 4:45,0.085154597
6/1/2023 5:00,0.077626602
6/1/2023 5:15,0.073094997
6/1/2023 5:30,0.077626602
6/1/2023 5:45,0.082144984
6/1/2023 6:00,0.074625454
6/1/2023 6:15,0.065522054
6/1/2023 6:30,0.079151694
6/1/2023 6:45,0.086670961
6/1/2023 7:00,0.089647247
6/1/2023 7:15,0.071588696
6/1/2023 7:30,0.079151694
6/1/2023 7:45,0.079151694
6/1/2023 8:00,0.070080612
6/1/2023 8:15,0.071614682
6/1/2023 8:30,0.074625454
6/1/2023 8:45,0.074625454
6/1/2023 9:00,0.062489504
6/1/2023 9:15,0.062489504
6/1/2023 9:30,0.057903114
6/1/2023 9:45,0.06706166
6/1/2023 10:00,0.071614682
6/1/2023 10:15,0.079151694
6/1/2023 10:30,0.074625454
6/1/2023 10:45,0.071588696
6/1/2023 11:00,0.079151694
6/1/2023 11:15,0.067035581
6/1/2023 11:30,0.067035581
6/1/2023 11:45,0.059425931
6/1/2023 12:00,0.062489504
6/1/2023 12:15,0.079151694
6/1/2023 12:30,0.091155945
6/1/2023 12:45,0.098608042
6/1/2023 13:00,0.079151694
6/1/2023 13:15,0.065522054
6/1/2023 13:30,0.088159936
6/1/2023 13:45,0.059399691
6/1/2023 14:00,0.074625454
6/1/2023 14:15,0.079151694
6/1/2023 14:30,0.071588696
6/1/2023 14:45,0.054799127
6/1/2023 15:00,0.079151694
6/1/2023 15:15,0.082170757
6/1/2023 15:30,0.070080612
6/1/2023 15:45,0.070080612
6/1/2023 16:00,0.079151694
6/1/2023 16:15,0.074625454
6/1/2023 16:30,0.074625454
6/1/2023 16:45,0.062463329
6/1/2023 17:00,0.074625454
6/1/2023 17:15,0.095628543
6/1/2023 17:30,0.083662236
6/1/2023 17:45,0.062463329
6/1/2023 18:00,0.057903114
6/1/2023 18:15,0.079151694
6/1/2023 18:30,0.079151694
6/1/2023 18:45,0.070080612
6/1/2023 19:00,0.067035581
6/1/2023 19:15,0.062463329
6/1/2023 19:30,0.083662236
6/1/2023 19:45,0.070080612
6/1/2023 20:00,0.079151694
6/1/2023 20:15,0.0761515
6/1/2023 20:30,0.057903114
6/1/2023 20:45,0.083662236
6/1/2023 21:00,0.065522054
6/1/2023 21:15,0.067035581
6/1/2023 21:30,0.079151694
6/1/2023 21:45,0.076125606
6/1/2023 22:00,0.071588696
6/1/2023 22:15,0.074625454
6/1/2023 22:30,0.067035581
6/1/2023 22:45,0.080649196
6/1/2023 23:00,0.071588696
6/1/2023 23:15,0.074625454
6/1/2023 23:30,0.071588696
6/1/2023 23:45,0.070080612
6/2/2023 0:00,0.070080612
6/2/2023 0:15,0.091155945
6/2/2023 0:30,0.083662236
6/2/2023 0:45,0.091155945
6/2/2023 1:00,0.077626602
6/2/2023 1:15,0.074625454
6/2/2023 1:30,0.074625454
6/2/2023 1:45,0.074625454
6/2/2023 2:00,0.082144984
6/2/2023 2:15,0.086645274
6/2/2023 2:30,0.086645274
6/2/2023 2:45,0.077626602
6/2/2023 3:00,0.074625454
6/2/2023 3:15,0.074625454
6/2/2023 3:30,0.065522054
6/2/2023 3:45,0.086645274
6/2/2023 4:00,0.074625454
6/2/2023 4:15,0.074625454
6/2/2023 4:30,0.070080612
6/2/2023 4:45,0.079151694
6/2/2023 5:00,0.057903114
6/2/2023 5:15,0.091155945
6/2/2023 5:30,0.079151694
6/2/2023 5:45,0.083662236
6/2/2023 6:00,0.067035581
6/2/2023 6:15,0.083662236
6/2/2023 6:30,0.076125606
6/2/2023 6:45,0.076125606
6/2/2023 7:00,0.076125606
6/2/2023 7:15,0.070080612
6/2/2023 7:30,0.067035581
6/2/2023 7:45,0.076125606
6/2/2023 8:00,0.076125606
6/2/2023 8:15,0.071614682
6/2/2023 8:30,0.073120953
6/2/2023 8:45,0.064006699
6/2/2023 9:00,0.068570735
6/2/2023 9:15,0.054825466
6/2/2023 9:30,0.064006699
6/2/2023 9:45,0.071614682
6/2/2023 10:00,0.068570735
6/2/2023 10:15,0.0761515
6/2/2023 10:30,0.054825466
6/2/2023 10:45,0.059425931
6/2/2023 11:00,0.0761515
6/2/2023 11:15,0.064006699
6/2/2023 11:30,0.064006699
6/2/2023 11:45,0.071588696
6/2/2023 12:00,0.059399691
6/2/2023 12:15,0.067035581
6/2/2023 12:30,0.059399691
6/2/2023 12:45,0.071588696
6/2/2023 13:00,0.071588696
6/2/2023 13:15,0.071588696
6/2/2023 13:30,0.074625454
6/2/2023 13:45,0.071588696
6/2/2023 14:00,0.057876842
6/2/2023 14:15,0.062463329
6/2/2023 14:30,0.050183782
6/2/2023 14:45,0.05174267
6/2/2023 15:00,0.067035581
6/2/2023 15:15,0.076125606
6/2/2023 15:30,0.059425931
6/2/2023 15:45,0.071588696
6/2/2023 16:00,0.076125606
6/2/2023 16:15,0.068544686
6/2/2023 16:30,0.063980557
6/2/2023 16:45,0.071588696
6/2/2023 17:00,0.067035581
6/2/2023 17:15,0.062463329
6/2/2023 17:30,0.059425931
6/2/2023 17:45,0.054825466
6/2/2023 18:00,0.054825466
6/2/2023 18:15,0.074625454
6/2/2023 18:30,0.057876842
6/2/2023 18:45,0.062463329
6/2/2023 19:00,0.059399691
6/2/2023 19:15,0.062463329
6/2/2023 19:30,0.067035581
6/2/2023 19:45,0.064006699
6/2/2023 20:00,0.068570735
6/2/2023 20:15,0.076125606
6/2/2023 20:30,0.063980557
6/2/2023 20:45,0.079151694
6/2/2023 21:00,0.074625454
6/2/2023 21:15,0.067035581
6/2/2023 21:30,0.062463329
6/2/2023 21:45,0.063980557
6/2/2023 22:00,0.079151694
6/2/2023 22:15,0.068570735
6/2/2023 22:30,0.059425931
6/2/2023 22:45,0.0761515
6/2/2023 23:00,0.0761515
6/2/2023 23:15,0.071614682
6/2/2023 23:30,0.080649196
6/2/2023 23:45,0.068570735
6/3/2023 0:00,0.083662236
6/3/2023 0:15,0.079151694
6/3/2023 0:30,0.071614682
6/3/2023 0:45,0.062489504
6/3/2023 1:00,0.071614682
6/3/2023 1:15,0.059425931
6/3/2023 1:30,0.080675001
6/3/2023 1:45,0.068570735
6/3/2023 2:00,0.054825466
6/3/2023 2:15,0.080675001
6/3/2023 2:30,0.071588696
6/3/2023 2:45,0.067035581
6/3/2023 3:00,0.071588696
6/3/2023 3:15,0.071588696
6/3/2023 3:30,0.071588696
6/3/2023 3:45,0.079151694
6/3/2023 4:00,0.071588696
6/3/2023 4:15,0.071588696
6/3/2023 4:30,0.076125606
6/3/2023 4:45,0.071588696
6/3/2023 5:00,0.067035581
6/3/2023 5:15,0.074625454
6/3/2023 5:30,0.074625454
6/3/2023 5:45,0.079151694
6/3/2023 6:00,0.079151694
6/3/2023 6:15,0.070080612
6/3/2023 6:30,0.076125606
6/3/2023 6:45,0.076125606
6/3/2023 7:00,0.0761515
6/3/2023 7:15,0.0761515
6/3/2023 7:30,0.064006699
6/3/2023 7:45,0.064006699
6/3/2023 8:00,0.064006699
6/3/2023 8:15,0.064006699
6/3/2023 8:30,0.059425931
6/3/2023 8:45,0.065522054
6/3/2023 9:00,0.073094997
6/3/2023 9:15,0.056352105
6/3/2023 9:30,0.063980557
6/3/2023 9:45,0.063980557
6/3/2023 10:00,0.063980557
6/3/2023 10:15,0.05174267
6/3/2023 10:30,0.063980557
6/3/2023 10:45,0.059399691
6/3/2023 11:00,0.068544686
6/3/2023 11:15,0.059399691
6/3/2023 11:30,0.068544686
6/3/2023 11:45,0.065522054
6/3/2023 12:00,0.063980557
6/3/2023 12:15,0.068544686
6/3/2023 12:30,0.060944251
6/3/2023 12:45,0.068544686
6/3/2023 13:00,0.068544686
6/3/2023 13:15,0.073094997
6/3/2023 13:30,0.068544686
6/3/2023 13:45,0.063980557
6/3/2023 14:00,0.063980557
6/3/2023 14:15,0.060944251
6/3/2023 14:30,0.060944251
6/3/2023 14:45,0.076125606
6/3/2023 15:00,0.064006699
6/3/2023 15:15,0.060944251
6/3/2023 15:30,0.065522054
6/3/2023 15:45,0.064006699
6/3/2023 16:00,0.068544686
6/3/2023 16:15,0.056352105
6/3/2023 16:30,0.064006699
6/3/2023 16:45,0.064006699
6/3/2023 17:00,0.064006699
6/3/2023 17:15,0.064006699
6/3/2023 17:30,0.064006699
6/3/2023 17:45,0.064006699
6/3/2023 18:00,0.0761515
6/3/2023 18:15,0.064006699
6/3/2023 18:30,0.064006699
6/3/2023 18:45,0.050210221
6/3/2023 19:00,0.068570735
6/3/2023 19:15,0.064006699
6/3/2023 19:30,0.054825466
6/3/2023 19:45,0.060944251
6/3/2023 20:00,0.064006699
6/3/2023 20:15,0.06706166
6/3/2023 20:30,0.060944251
6/3/2023 20:45,0.056352105
6/3/2023 21:00,0.065522054
6/3/2023 21:15,0.068544686
6/3/2023 21:30,0.056352105
6/3/2023 21:45,0.080649196
6/3/2023 22:00,0.056352105
6/3/2023 22:15,0.065522054
6/3/2023 22:30,0.077652465
6/3/2023 22:45,0.064006699
6/3/2023 23:00,0.068570735
6/3/2023 23:15,0.073120953
6/3/2023 23:30,0.065522054
6/3/2023 23:45,0.068570735
6/4/2023 0:00,0.063980557
6/4/2023 0:15,0.064006699
6/4/2023 0:30,0.064006699
6/4/2023 0:45,0.064006699
6/4/2023 1:00,0.073120953
6/4/2023 1:15,0.068570735
6/4/2023 1:30,0.073120953
6/4/2023 1:45,0.080649196
6/4/2023 2:00,0.065522054
6/4/2023 2:15,0.054799127
6/4/2023 2:30,0.063980557
6/4/2023 2:45,0.068544686
6/4/2023 3:00,0.077652465
6/4/2023 3:15,0.073120953
6/4/2023 3:30,0.068570735
6/4/2023 3:45,0.064006699
6/4/2023 4:00,0.060944251
6/4/2023 4:15,0.060944251
6/4/2023 4:30,0.068570735
6/4/2023 4:45,0.076125606
6/4/2023 5:00,0.065522054
6/4/2023 5:15,0.076125606
6/4/2023 5:30,0.068544686
6/4/2023 5:45,0.085154597
6/4/2023 6:00,0.085154597
6/4/2023 6:15,0.071588696
6/4/2023 6:30,0.077652465
6/4/2023 6:45,0.073120953
6/4/2023 7:00,0.073120953
6/4/2023 7:15,0.089647247
6/4/2023 7:30,0.060944251
6/4/2023 7:45,0.065522054
6/4/2023 8:00,0.060944251
6/4/2023 8:15,0.057903114
6/4/2023 8:30,0.06706166
6/4/2023 8:45,0.065522054
6/4/2023 9:00,0.074625454
6/4/2023 9:15,0.057903114
6/4/2023 9:30,0.062489504
6/4/2023 9:45,0.070080612
6/4/2023 10:00,0.070080612
6/4/2023 10:15,0.070080612
6/4/2023 10:30,0.060944251
6/4/2023 10:45,0.065522054
6/4/2023 11:00,0.065522054
6/4/2023 11:15,0.073120953
6/4/2023 11:30,0.065522054
6/4/2023 11:45,0.060944251
6/4/2023 12:00,0.060944251
6/4/2023 12:15,0.064006699
6/4/2023 12:30,0.064006699
6/4/2023 12:45,0.053270542
6/4/2023 13:00,0.053296913
6/4/2023 13:15,0.04867582
6/4/2023 13:30,0.074625454
6/4/2023 13:45,0.056352105
6/4/2023 14:00,0.057876842
6/4/2023 14:15,0.036227081
6/4/2023 14:30,0.060944251
6/4/2023 14:45,0.068570735
6/4/2023 15:00,0.065522054
6/4/2023 15:15,0.053270542
6/4/2023 15:30,0.053270542
6/4/2023 15:45,0.060944251
6/4/2023 16:00,0.056352105
6/4/2023 16:15,0.047112947
6/4/2023 16:30,0.056352105
6/4/2023 16:45,0.060944251
6/4/2023 17:00,0.053270542
6/4/2023 17:15,0.039350303
6/4/2023 17:30,0.060944251
6/4/2023 17:45,0.044036856
6/4/2023 18:00,0.065522054
6/4/2023 18:15,0.04867582
6/4/2023 18:30,0.053296913
6/4/2023 18:45,0.056352105
6/4/2023 19:00,0.053296913
6/4/2023 19:15,0.073120953
6/4/2023 19:30,0.04867582
6/4/2023 19:45,0.065522054
6/4/2023 20:00,0.064006699
6/4/2023 20:15,0.047112947
6/4/2023 20:30,0.053270542
6/4/2023 20:45,0.070080612
6/4/2023 21:00,0.053270542
6/4/2023 21:15,0.065522054
6/4/2023 21:30,0.057903114
6/4/2023 21:45,0.045574569
6/4/2023 22:00,0.048649348
6/4/2023 22:15,0.045548027
6/4/2023 22:30,0.057876842
6/4/2023 22:45,0.040896798
6/4/2023 23:00,0.062463329
6/4/2023 23:15,0.040896798
6/4/2023 23:30,0.057876842
6/4/2023 23:45,0.059399691
6/5/2023 0:00,0.057876842
6/5/2023 0:15,0.053270542
6/5/2023 0:30,0.062463329
6/5/2023 0:45,0.053270542
6/5/2023 1:00,0.067035581
6/5/2023 1:15,0.062463329
6/5/2023 1:30,0.062463329
6/5/2023 1:45,0.057876842
6/5/2023 2:00,0.050210221
6/5/2023 2:15,0.071588696
6/5/2023 2:30,0.057876842
6/5/2023 2:45,0.067035581
6/5/2023 3:00,0.053270542
6/5/2023 3:15,0.057903114
6/5/2023 3:30,0.065522054
6/5/2023 3:45,0.057876842
6/5/2023 4:00,0.062463329
6/5/2023 4:15,0.067035581
6/5/2023 4:30,0.079151694
6/5/2023 4:45,0.062463329
6/5/2023 5:00,0.065522054
6/5/2023 5:15,0.070080612
6/5/2023 5:30,0.070080612
6/5/2023 5:45,0.062463329
6/5/2023 6:00,0.062463329
6/5/2023 6:15,0.062463329
6/5/2023 6:30,0.074625454
6/5/2023 6:45,0.070080612
6/5/2023 7:00,0.053270542
6/5/2023 7:15,0.050210221
6/5/2023 7:30,0.06706166
6/5/2023 7:45,0.06706166
6/5/2023 8:00,0.067035581
6/5/2023 8:15,0.064006699
6/5/2023 8:30,0.059425931
6/5/2023 8:45,0.054825466
6/5/2023 9:00,0.054825466
6/5/2023 9:15,0.059425931
6/5/2023 9:30,0.050210221
6/5/2023 9:45,0.064006699
6/5/2023 10:00,0.054825466
6/5/2023 10:15,0.064006699
6/5/2023 10:30,0.054825466
6/5/2023 10:45,0.054825466
6/5/2023 11:00,0.054825466
6/5/2023 11:15,0.054825466
6/5/2023 11:30,0.050210221
6/5/2023 11:45,0.064006699
6/5/2023 12:00,0.054825466
6/5/2023 12:15,0.062463329
6/5/2023 12:30,0.057903114
6/5/2023 12:45,0.059425931
6/5/2023 13:00,0.05174267
6/5/2023 13:15,0.054825466
6/5/2023 13:30,0.062489504
6/5/2023 13:45,0.057903114
6/5/2023 14:00,0.06706166
6/5/2023 14:15,0.054825466
6/5/2023 14:30,0.054825466
6/5/2023 14:45,0.054825466
6/5/2023 15:00,0.059425931
6/5/2023 15:15,0.050210221
6/5/2023 15:30,0.053270542
6/5/2023 15:45,0.057876842
6/5/2023 16:00,0.053270542
6/5/2023 16:15,0.048649348
6/5/2023 16:30,0.067035581
6/5/2023 16:45,0.057876842
6/5/2023 17:00,0.048649348
6/5/2023 17:15,0.050210221
6/5/2023 17:30,0.053270542
6/5/2023 17:45,0.050210221
6/5/2023 18:00,0.054825466
6/5/2023 18:15,0.053296913
6/5/2023 18:30,0.050210221
6/5/2023 18:45,0.062463329
6/5/2023 19:00,0.048649348
6/5/2023 19:15,0.053270542
6/5/2023 19:30,0.045574569
6/5/2023 19:45,0.059399691
6/5/2023 20:00,0.054799127
6/5/2023 20:15,0.067035581
6/5/2023 20:30,0.057876842
6/5/2023 20:45,0.057876842
6/5/2023 21:00,0.062463329
6/5/2023 21:15,0.062463329
6/5/2023 21:30,0.067035581
6/5/2023 21:45,0.06706166
6/5/2023 22:00,0.057903114
6/5/2023 22:15,0.054825466
6/5/2023 22:30,0.054825466
6/5/2023 22:45,0.067035581
6/5/2023 23:00,0.067035581
6/5/2023 23:15,0.070080612
6/5/2023 23:30,0.062463329
6/5/2023 23:45,0.068570735
6/6/2023 0:00,0.057903114
6/6/2023 0:15,0.062489504
6/6/2023 0:30,0.062489504
6/6/2023 0:45,0.054825466
6/6/2023 1:00,0.065522054
6/6/2023 1:15,0.057876842
6/6/2023 1:30,0.062463329
6/6/2023 1:45,0.067035581
6/6/2023 2:00,0.062463329
6/6/2023 2:15,0.067035581
6/6/2023 2:30,0.057876842
6/6/2023 2:45,0.076125606
6/6/2023 3:00,0.062463329
6/6/2023 3:15,0.062463329
6/6/2023 3:30,0.057876842
6/6/2023 3:45,0.057876842
6/6/2023 4:00,0.057876842
6/6/2023 4:15,0.057903114
6/6/2023 4:30,0.067035581
6/6/2023 4:45,0.065522054
6/6/2023 5:00,0.050210221
6/6/2023 5:15,0.057876842
6/6/2023 5:30,0.062463329
6/6/2023 5:45,0.059399691
6/6/2023 6:00,0.059399691
6/6/2023 6:15,0.065522054
6/6/2023 6:30,0.057876842
6/6/2023 6:45,0.059399691
6/6/2023 7:00,0.054799127
6/6/2023 7:15,0.054799127
6/6/2023 7:30,0.045548027
6/6/2023 7:45,0.053270542
6/6/2023 8:00,0.054799127
6/6/2023 8:15,0.057876842
6/6/2023 8:30,0.042467872
6/6/2023 8:45,0.053270542
6/6/2023 9:00,0.059425931
6/6/2023 9:15,0.045548027
6/6/2023 9:30,0.062463329
6/6/2023 9:45,0.062463329
6/6/2023 10:00,0.059399691
6/6/2023 10:15,0.048649348
6/6/2023 10:30,0.054799127
6/6/2023 10:45,0.050183782
6/6/2023 11:00,0.048649348
6/6/2023 11:15,0.057876842
6/6/2023 11:30,0.053270542
6/6/2023 11:45,0.056352105
6/6/2023 12:00,0.057876842
6/6/2023 12:15,0.056352105
6/6/2023 12:30,0.054825466
6/6/2023 12:45,0.053296913
6/6/2023 13:00,0.044036856
6/6/2023 13:15,0.053296913
6/6/2023 13:30,0.045574569
6/6/2023 13:45,0.045574569
6/6/2023 14:00,0.04867582
6/6/2023 14:15,0.05174267
6/6/2023 14:30,0.04401028
6/6/2023 14:45,0.034674371
6/6/2023 15:00,0.039350303
6/6/2023 15:15,0.053270542
6/6/2023 15:30,0.048649348
6/6/2023 15:45,0.048649348
6/6/2023 16:00,0.05174267
6/6/2023 16:15,0.044036856
6/6/2023 16:30,0.047112947
6/6/2023 16:45,0.047112947
6/6/2023 17:00,0.039350303
6/6/2023 17:15,0.047112947
6/6/2023 17:30,0.047112947
6/6/2023 17:45,0.047112947
6/6/2023 18:00,0.039376985
6/6/2023 18:15,0.044036856
6/6/2023 18:30,0.042467872
6/6/2023 18:45,0.042467872
6/6/2023 19:00,0.044036856
6/6/2023 19:15,0.056352105
6/6/2023 19:30,0.048649348
6/6/2023 19:45,0.048649348
6/6/2023 20:00,0.060944251
6/6/2023 20:15,0.060944251
6/6/2023 20:30,0.070080612
6/6/2023 20:45,0.057903114
6/6/2023 21:00,0.067035581
6/6/2023 21:15,0.074625454
6/6/2023 21:30,0.070080612
6/6/2023 21:45,0.070080612
6/6/2023 22:00,0.065522054
6/6/2023 22:15,0.070080612
6/6/2023 22:30,0.062463329
6/6/2023 22:45,0.067035581
6/6/2023 23:00,0.062463329
6/6/2023 23:15,0.079151694
6/6/2023 23:30,0.057876842
6/6/2023 23:45,0.065522054
6/7/2023 0:00,0.070080612
6/7/2023 0:15,0.060944251
6/7/2023 0:30,0.064006699
6/7/2023 0:45,0.065522054
6/7/2023 1:00,0.065522054
6/7/2023 1:15,0.065522054
6/7/2023 1:30,0.044036856
6/7/2023 1:45,0.056352105
6/7/2023 2:00,0.057876842
6/7/2023 2:15,0.065522054
6/7/2023 2:30,0.056352105
6/7/2023 2:45,0.068570735
6/7/2023 3:00,0.068570735
6/7/2023 3:15,0.059425931
6/7/2023 3:30,0.060944251
6/7/2023 3:45,0.077652465
6/7/2023 4:00,0.063980557
6/7/2023 4:15,0.05174267
6/7/2023 4:30,0.068544686
6/7/2023 4:45,0.063980557
6/7/2023 5:00,0.059399691
6/7/2023 5:15,0.068544686
6/7/2023 5:30,0.059399691
6/7/2023 5:45,0.05174267
6/7/2023 6:00,0.056352105
6/7/2023 6:15,0.05174267
6/7/2023 6:30,0.068544686
6/7/2023 6:45,0.065522054
6/7/2023 7:00,0.05174267
6/7/2023 7:15,0.053270542
6/7/2023 7:30,0.057876842
6/7/2023 7:45,0.05174267
6/7/2023 8:00,0.060944251
6/7/2023 8:15,0.048649348
6/7/2023 8:30,0.05174267
6/7/2023 8:45,0.05174267
6/7/2023 9:00,0.05174267
6/7/2023 9:15,0.056352105
6/7/2023 9:30,0.04401028
6/7/2023 9:45,0.056352105
6/7/2023 10:00,0.053270542
6/7/2023 10:15,0.04401028
6/7/2023 10:30,0.05174267
6/7/2023 10:45,0.056352105
6/7/2023 11:00,0.053270542
6/7/2023 11:15,0.053270542
6/7/2023 11:30,0.060944251
6/7/2023 11:45,0.04401028
6/7/2023 12:00,0.056352105
6/7/2023 12:15,0.048649348
6/7/2023 12:30,0.065522054
6/7/2023 12:45,0.039376985
6/7/2023 13:00,0.05174267
6/7/2023 13:15,0.05174267
6/7/2023 13:30,0.059399691
6/7/2023 13:45,0.056352105
6/7/2023 14:00,0.047112947
6/7/2023 14:15,0.05174267
6/7/2023 14:30,0.04401028
6/7/2023 14:45,0.05174267
6/7/2023 15:00,0.05174267
6/7/2023 15:15,0.05174267
6/7/2023 15:30,0.047112947
6/7/2023 15:45,0.05174267
6/7/2023 16:00,0.042467872
6/7/2023 16:15,0.056352105
6/7/2023 16:30,0.039350303
6/7/2023 16:45,0.04401028
6/7/2023 17:00,0.04401028
6/7/2023 17:15,0.033119571
6/7/2023 17:30,0.034674371
6/7/2023 17:45,0.047112947
6/7/2023 18:00,0.031535805
6/7/2023 18:15,0.04401028
6/7/2023 18:30,0.05174267
6/7/2023 18:45,0.047112947
6/7/2023 19:00,0.034674371
6/7/2023 19:15,0.050210221
6/7/2023 19:30,0.047112947
6/7/2023 19:45,0.042467872
6/7/2023 20:00,0.047112947
6/7/2023 20:15,0.04401028
6/7/2023 20:30,0.05174267
6/7/2023 20:45,0.05174267
6/7/2023 21:00,0.04401028
6/7/2023 21:15,0.05174267
6/7/2023 21:30,0.059425931
6/7/2023 21:45,0.054825466
6/7/2023 22:00,0.047112947
6/7/2023 22:15,0.056352105
6/7/2023 22:30,0.05174267
6/7/2023 22:45,0.053296913
6/7/2023 23:00,0.04867582
6/7/2023 23:15,0.056352105
6/7/2023 23:30,0.04867582
6/7/2023 23:45,0.068544686
6/8/2023 0:00,0.056352105
6/8/2023 0:15,0.054799127
6/8/2023 0:30,0.063980557
6/8/2023 0:45,0.063980557
6/8/2023 1:00,0.059399691
6/8/2023 1:15,0.054799127
6/8/2023 1:30,0.065522054
6/8/2023 1:45,0.054799127
6/8/2023 2:00,0.059399691
6/8/2023 2:15,0.05174267
6/8/2023 2:30,0.065522054
6/8/2023 2:45,0.05174267
6/8/2023 3:00,0.05174267
6/8/2023 3:15,0.060944251
6/8/2023 3:30,0.056352105
6/8/2023 3:45,0.056352105
6/8/2023 4:00,0.048649348
6/8/2023 4:15,0.056352105
6/8/2023 4:30,0.064006699
6/8/2023 4:45,0.060944251
6/8/2023 5:00,0.070080612
6/8/2023 5:15,0.060944251
6/8/2023 5:30,0.056352105
6/8/2023 5:45,0.05174267
6/8/2023 6:00,0.047112947
6/8/2023 6:15,0.05174267
6/8/2023 6:30,0.060944251
6/8/2023 6:45,0.047112947
6/8/2023 7:00,0.060944251
6/8/2023 7:15,0.060944251
6/8/2023 7:30,0.048649348
6/8/2023 7:45,0.053270542
6/8/2023 8:00,0.053296913
6/8/2023 8:15,0.050210221
6/8/2023 8:30,0.050210221
6/8/2023 8:45,0.045574569
6/8/2023 9:00,0.053296913
6/8/2023 9:15,0.053296913
6/8/2023 9:30,0.04867582
6/8/2023 9:45,0.044036856
6/8/2023 10:00,0.04867582
6/8/2023 10:15,0.04867582
6/8/2023 10:30,0.04867582
6/8/2023 10:45,0.045574569
6/8/2023 11:00,0.040923444
6/8/2023 11:15,0.053296913
6/8/2023 11:30,0.053296913
6/8/2023 11:45,0.040923444
6/8/2023 12:00,0.044036856
6/8/2023 12:15,0.037801763
6/8/2023 12:30,0.045574569
6/8/2023 12:45,0.040923444
6/8/2023 13:00,0.045574569
6/8/2023 13:15,0.034674371
6/8/2023 13:30,0.040923444
6/8/2023 13:45,0.053270542
6/8/2023 14:00,0.04401028
6/8/2023 14:15,0.04401028
6/8/2023 14:30,0.04401028
6/8/2023 14:45,0.04401028
6/8/2023 15:00,0.053270542
6/8/2023 15:15,0.036227081
6/8/2023 15:30,0.039350303
6/8/2023 15:45,0.039350303
6/8/2023 16:00,0.034674371
6/8/2023 16:15,0.036253835
6/8/2023 16:30,0.048649348
6/8/2023 16:45,0.039350303
6/8/2023 17:00,0.04401028
6/8/2023 17:15,0.04401028
6/8/2023 17:30,0.040923444
6/8/2023 17:45,0.039350303
6/8/2023 18:00,0.040923444
6/8/2023 18:15,0.036253835
6/8/2023 18:30,0.031562666
6/8/2023 18:45,0.04401028
6/8/2023 19:00,0.036253835
6/8/2023 19:15,0.039350303
6/8/2023 19:30,0.029976745
6/8/2023 19:45,0.039350303
6/8/2023 20:00,0.039350303
6/8/2023 20:15,0.031535805
6/8/2023 20:30,0.034674371
6/8/2023 20:45,0.048649348
6/8/2023 21:00,0.048649348
6/8/2023 21:15,0.04401028
6/8/2023 21:30,0.040923444
6/8/2023 21:45,0.040923444
6/8/2023 22:00,0.036253835
6/8/2023 22:15,0.045574569
6/8/2023 22:30,0.045574569
6/8/2023 22:45,0.045574569
6/8/2023 23:00,0.056352105
6/8/2023 23:15,0.053270542
6/8/2023 23:30,0.053270542
6/8/2023 23:45,0.045574569
6/9/2023 0:00,0.036253835
6/9/2023 0:15,0.045574569
6/9/2023 0:30,0.050210221
6/9/2023 0:45,0.040923444
6/9/2023 1:00,0.045574569
6/9/2023 1:15,0.045574569
6/9/2023 1:30,0.040923444
6/9/2023 1:45,0.048649348
6/9/2023 2:00,0.048649348
6/9/2023 2:15,0.048649348
6/9/2023 2:30,0.047112947
6/9/2023 2:45,0.048649348
6/9/2023 3:00,0.056352105
6/9/2023 3:15,0.057876842
6/9/2023 3:30,0.060944251
6/9/2023 3:45,0.053270542
6/9/2023 4:00,0.060944251
6/9/2023 4:15,0.05174267
6/9/2023 4:30,0.04401028
6/9/2023 4:45,0.039350303
6/9/2023 5:00,0.048649348
6/9/2023 5:15,0.053296913
6/9/2023 5:30,0.065522054
6/9/2023 5:45,0.053270542
6/9/2023 6:00,0.060944251
6/9/2023 6:15,0.053270542
6/9/2023 6:30,0.057903114
6/9/2023 6:45,0.060944251
6/9/2023 7:00,0.057903114
6/9/2023 7:15,0.04867582
6/9/2023 7:30,0.050210221
6/9/2023 7:45,0.050210221
6/9/2023 8:00,0.045574569
6/9/2023 8:15,0.044036856
6/9/2023 8:30,0.040923444
6/9/2023 8:45,0.040923444
6/9/2023 9:00,0.04867582
6/9/2023 9:15,0.044036856
6/9/2023 9:30,0.044036856
6/9/2023 9:45,0.04867582
6/9/2023 10:00,0.045574569
6/9/2023 10:15,0.040923444
6/9/2023 10:30,0.045574569
6/9/2023 10:45,0.036253835
6/9/2023 11:00,0.040923444
6/9/2023 11:15,0.045574569
6/9/2023 11:30,0.045574569
6/9/2023 11:45,0.045574569
6/9/2023 12:00,0.033119571
6/9/2023 12:15,0.045574569
6/9/2023 12:30,0.040923444
6/9/2023 12:45,0.04401028
6/9/2023 13:00,0.040923444
6/9/2023 13:15,0.039350303
6/9/2023 13:30,0.040896798
6/9/2023 13:45,0.040896798
6/9/2023 14:00,0.039350303
6/9/2023 14:15,0.029976745
6/9/2023 14:30,0.031562666
6/9/2023 14:45,0.026854907
6/9/2023 15:00,0.031562666
6/9/2023 15:15,0.040923444
6/9/2023 15:30,0.036253835
6/9/2023 15:45,0.031562666
6/9/2023 16:00,0.04867582
6/9/2023 16:15,0.042467872
6/9/2023 16:30,0.036253835
6/9/2023 16:45,0.029976745
6/9/2023 17:00,0.039350303
6/9/2023 17:15,0.034674371
6/9/2023 17:30,0.022124763
6/9/2023 17:45,0.034674371
6/9/2023 18:00,0.04401028
6/9/2023 18:15,0.031535805
6/9/2023 18:30,0.026827933
6/9/2023 18:45,0.029976745
6/9/2023 19:00,0.034674371
6/9/2023 19:15,0.034674371
6/9/2023 19:30,0.039350303
6/9/2023 19:45,0.029976745
6/9/2023 20:00,0.034674371
6/9/2023 20:15,0.034674371
6/9/2023 20:30,0.034674371
6/9/2023 20:45,0.029976745
6/9/2023 21:00,0.029976745
6/9/2023 21:15,0.03470116
6/9/2023 21:30,0.044036856
6/9/2023 21:45,0.03470116
6/9/2023 22:00,0.039376985
6/9/2023 22:15,0.04401028
6/9/2023 22:30,0.040923444
6/9/2023 22:45,0.044036856
6/9/2023 23:00,0.044036856
6/9/2023 23:15,0.044036856
6/9/2023 23:30,0.054799127
6/9/2023 23:45,0.05174267
6/10/2023 0:00,0.039376985
6/10/2023 0:15,0.031562666
6/10/2023 0:30,0.039376985
6/10/2023 0:45,0.039376985
6/10/2023 1:00,0.036253835
6/10/2023 1:15,0.047112947
6/10/2023 1:30,0.039350303
6/10/2023 1:45,0.039350303
6/10/2023 2:00,0.039376985
6/10/2023 2:15,0.039376985
6/10/2023 2:30,0.026854907
6/10/2023 2:45,0.039376985
6/10/2023 3:00,0.042467872
6/10/2023 3:15,0.047112947
6/10/2023 3:30,0.04401028
6/10/2023 3:45,0.042467872
6/10/2023 4:00,0.047112947
6/10/2023 4:15,0.042467872
6/10/2023 4:30,0.05174267
6/10/2023 4:45,0.042467872
6/10/2023 5:00,0.042467872
6/10/2023 5:15,0.047112947
6/10/2023 5:30,0.047112947
6/10/2023 5:45,0.047112947
6/10/2023 6:00,0.047112947
6/10/2023 6:15,0.04401028
6/10/2023 6:30,0.047112947
6/10/2023 6:45,0.05174267
6/10/2023 7:00,0.044036856
6/10/2023 7:15,0.04867582
6/10/2023 7:30,0.044036856
6/10/2023 7:45,0.036253835
6/10/2023 8:00,0.040923444
6/10/2023 8:15,0.040923444
6/10/2023 8:30,0.036253835
6/10/2023 8:45,0.031562666
6/10/2023 9:00,0.031562666
6/10/2023 9:15,0.034674371
6/10/2023 9:30,0.036253835
6/10/2023 9:45,0.036253835
6/10/2023 10:00,0.04401028
6/10/2023 10:15,0.039350303
6/10/2023 10:30,0.036253835
6/10/2023 10:45,0.036253835
6/10/2023 11:00,0.03470116
6/10/2023 11:15,0.036253835
6/10/2023 11:30,0.040923444
6/10/2023 11:45,0.040923444
6/10/2023 12:00,0.04401028
6/10/2023 12:15,0.03470116
6/10/2023 12:30,0.03470116
6/10/2023 12:45,0.026854907
6/10/2023 13:00,0.03470116
6/10/2023 13:15,0.036253835
6/10/2023 13:30,0.03470116
6/10/2023 13:45,0.031562666
6/10/2023 14:00,0.034674371
6/10/2023 14:15,0.031535805
6/10/2023 14:30,0.034674371
6/10/2023 14:45,0.029976745
6/10/2023 15:00,0.034674371
6/10/2023 15:15,0.034674371
6/10/2023 15:30,0.034674371
6/10/2023 15:45,0.034674371
6/10/2023 16:00,0.022124763
6/10/2023 16:15,0.025262394
6/10/2023 16:30,0.034674371
6/10/2023 16:45,0.026827933
6/10/2023 17:00,0.034674371
6/10/2023 17:15,0.029976745
6/10/2023 17:30,0.025262394
6/10/2023 17:45,0.029976745
6/10/2023 18:00,0.034674371
6/10/2023 18:15,0.029976745
6/10/2023 18:30,0.034674371
6/10/2023 18:45,0.026854907
6/10/2023 19:00,0.039350303
6/10/2023 19:15,0.025262394
6/10/2023 19:30,0.029976745
6/10/2023 19:45,0.029976745
6/10/2023 20:00,0.029976745
6/10/2023 20:15,0.029976745
6/10/2023 20:30,0.034674371
6/10/2023 20:45,0.029976745
6/10/2023 21:00,0.034674371
6/10/2023 21:15,0.029976745
6/10/2023 21:30,0.034674371
6/10/2023 21:45,0.037801763
6/10/2023 22:00,0.034674371
6/10/2023 22:15,0.034674371
6/10/2023 22:30,0.037801763
6/10/2023 22:45,0.034674371
6/10/2023 23:00,0.039350303
6/10/2023 23:15,0.04401028
6/10/2023 23:30,0.042467872
6/10/2023 23:45,0.039350303
6/11/2023 0:00,0.042467872
6/11/2023 0:15,0.034674371
6/11/2023 0:30,0.039350303
6/11/2023 0:45,0.034674371
6/11/2023 1:00,0.04401028
6/11/2023 1:15,0.042467872
6/11/2023 1:30,0.05174267
6/11/2023 1:45,0.047112947
6/11/2023 2:00,0.047112947
6/11/2023 2:15,0.047112947
6/11/2023 2:30,0.042467872
6/11/2023 2:45,0.047112947
6/11/2023 3:00,0.050183782
6/11/2023 3:15,0.057876842
6/11/2023 3:30,0.050183782
6/11/2023 3:45,0.054799127
6/11/2023 4:00,0.05174267
6/11/2023 4:15,0.050183782
6/11/2023 4:30,0.045548027
6/11/2023 4:45,0.050183782
6/11/2023 5:00,0.05174267
6/11/2023 5:15,0.05174267
6/11/2023 5:30,0.045574569
6/11/2023 5:45,0.059425931
6/11/2023 6:00,0.059425931
6/11/2023 6:15,0.042467872
6/11/2023 6:30,0.059425931
6/11/2023 6:45,0.054825466
6/11/2023 7:00,0.034674371
6/11/2023 7:15,0.034674371
6/11/2023 7:30,0.047112947
6/11/2023 7:45,0.039376985
6/11/2023 8:00,0.042467872
6/11/2023 8:15,0.044036856
6/11/2023 8:30,0.047112947
6/11/2023 8:45,0.05174267
6/11/2023 9:00,0.039376985
6/11/2023 9:15,0.03470116
6/11/2023 9:30,0.03470116
6/11/2023 9:45,0.044036856
6/11/2023 10:00,0.039376985
6/11/2023 10:15,0.039376985
6/11/2023 10:30,0.030003643
6/11/2023 10:45,0.039376985
6/11/2023 11:00,0.039376985
6/11/2023 11:15,0.044036856
6/11/2023 11:30,0.040923444
6/11/2023 11:45,0.040923444
6/11/2023 12:00,0.031562666
6/11/2023 12:15,0.03470116
6/11/2023 12:30,0.031562666
6/11/2023 12:45,0.039376985
6/11/2023 13:00,0.031562666
6/11/2023 13:15,0.031562666
6/11/2023 13:30,0.031562666
6/11/2023 13:45,0.039350303
6/11/2023 14:00,0.047112947
6/11/2023 14:15,0.034674371
6/11/2023 14:30,0.025262394
6/11/2023 14:45,0.039350303
6/11/2023 15:00,0.034674371
6/11/2023 15:15,0.029976745
6/11/2023 15:30,0.034674371
6/11/2023 15:45,0.029976745
6/11/2023 16:00,0.034674371
6/11/2023 16:15,0.029976745
6/11/2023 16:30,0.047112947
6/11/2023 16:45,0.033119571
6/11/2023 17:00,0.029976745
6/11/2023 17:15,0.033119571
6/11/2023 17:30,0.033119571
6/11/2023 17:45,0.030003643
6/11/2023 18:00,0.029976745
6/11/2023 18:15,0.030003643
6/11/2023 18:30,0.037801763
6/11/2023 18:45,0.037801763
6/11/2023 19:00,0.033119571
6/11/2023 19:15,0.030003643
6/11/2023 19:30,0.030003643
6/11/2023 19:45,0.033119571
6/11/2023 20:00,0.033119571
6/11/2023 20:15,0.033119571
6/11/2023 20:30,0.034674371
6/11/2023 20:45,0.039350303
6/11/2023 21:00,0.04401028
6/11/2023 21:15,0.039350303
6/11/2023 21:30,0.034674371
6/11/2023 21:45,0.05174267
6/11/2023 22:00,0.042467872
6/11/2023 22:15,0.022097677
6/11/2023 22:30,0.031535805
6/11/2023 22:45,0.034674371
6/11/2023 23:00,0.04401028
6/11/2023 23:15,0.034674371
6/11/2023 23:30,0.037801763
6/11/2023 23:45,0.037801763
6/12/2023 0:00,0.042467872
6/12/2023 0:15,0.056352105
6/12/2023 0:30,0.039350303
6/12/2023 0:45,0.034674371
6/12/2023 1:00,0.042467872
6/12/2023 1:15,0.050210221
6/12/2023 1:30,0.034674371
6/12/2023 1:45,0.042467872
6/12/2023 2:00,0.047112947
6/12/2023 2:15,0.047112947
6/12/2023 2:30,0.050210221
6/12/2023 2:45,0.047112947
6/12/2023 3:00,0.04401028
6/12/2023 3:15,0.047112947
6/12/2023 3:30,0.047112947
6/12/2023 3:45,0.047112947
6/12/2023 4:00,0.059425931
6/12/2023 4:15,0.04401028
6/12/2023 4:30,0.047112947
6/12/2023 4:45,0.042467872
6/12/2023 5:00,0.04401028
6/12/2023 5:15,0.045574569
6/12/2023 5:30,0.050210221
6/12/2023 5:45,0.045574569
6/12/2023 6:00,0.054825466
6/12/2023 6:15,0.050210221
6/12/2023 6:30,0.042467872
6/12/2023 6:45,0.050210221
6/12/2023 7:00,0.042467872
6/12/2023 7:15,0.047112947
6/12/2023 7:30,0.04401028
6/12/2023 7:45,0.05174267
6/12/2023 8:00,0.05174267
6/12/2023 8:15,0.037801763
6/12/2023 8:30,0.042467872
6/12/2023 8:45,0.042467872
6/12/2023 9:00,0.047112947
6/12/2023 9:15,0.047112947
6/12/2023 9:30,0.068570735
6/12/2023 9:45,0.039350303
6/12/2023 10:00,0.034674371
6/12/2023 10:15,0.034674371
6/12/2023 10:30,0.042467872
6/12/2023 10:45,0.054825466
6/12/2023 11:00,0.054825466
6/12/2023 11:15,0.05174267
6/12/2023 11:30,0.033119571
6/12/2023 11:45,0.047112947
6/12/2023 12:00,0.03470116
6/12/2023 12:15,0.05174267
6/12/2023 12:30,0.042467872
6/12/2023 12:45,0.047112947
6/12/2023 13:00,0.05174267
6/12/2023 13:15,0.037801763
6/12/2023 13:30,0.050183782
6/12/2023 13:45,0.029976745
6/12/2023 14:00,0.034674371
6/12/2023 14:15,0.029976745
6/12/2023 14:30,0.034674371
6/12/2023 14:45,0.039350303
6/12/2023 15:00,0.039350303
6/12/2023 15:15,0.037801763
6/12/2023 15:30,0.033119571
6/12/2023 15:45,0.028418245
6/12/2023 16:00,0.037801763
6/12/2023 16:15,0.025262394
6/12/2023 16:30,0.029976745
6/12/2023 16:45,0.037801763
6/12/2023 17:00,0.029976745
6/12/2023 17:15,0.033119571
6/12/2023 17:30,0.033119571
6/12/2023 17:45,0.029976745
6/12/2023 18:00,0.025262394
6/12/2023 18:15,0.022097677
6/12/2023 18:30,0.028418245
6/12/2023 18:45,0.034674371
6/12/2023 19:00,0.025262394
6/12/2023 19:15,0.025262394
6/12/2023 19:30,0.030003643
6/12/2023 19:45,0.026854907
6/12/2023 20:00,0.042467872
6/12/2023 20:15,0.025289405
6/12/2023 20:30,0.034674371
6/12/2023 20:45,0.029976745
6/12/2023 21:00,0.039350303
6/12/2023 21:15,0.034674371
6/12/2023 21:30,0.026827933
6/12/2023 21:45,0.039350303
6/12/2023 22:00,0.025262394
6/12/2023 22:15,0.034674371
6/12/2023 22:30,0.034674371
6/12/2023 22:45,0.039350303
6/12/2023 23:00,0.04401028
6/12/2023 23:15,0.039350303
6/12/2023 23:30,0.039350303
6/12/2023 23:45,0.047112947
6/13/2023 0:00,0.029976745
6/13/2023 0:15,0.039350303
6/13/2023 0:30,0.039350303
6/13/2023 0:45,0.042467872
6/13/2023 1:00,0.045574569
6/13/2023 1:15,0.039350303
6/13/2023 1:30,0.042467872
6/13/2023 1:45,0.039350303
6/13/2023 2:00,0.034674371
6/13/2023 2:15,0.042467872
6/13/2023 2:30,0.037801763
6/13/2023 2:45,0.039350303
6/13/2023 3:00,0.042467872
6/13/2023 3:15,0.042467872
6/13/2023 3:30,0.047112947
6/13/2023 3:45,0.047112947
6/13/2023 4:00,0.037801763
6/13/2023 4:15,0.042467872
6/13/2023 4:30,0.050183782
6/13/2023 4:45,0.040896798
6/13/2023 5:00,0.050183782
6/13/2023 5:15,0.054799127
6/13/2023 5:30,0.045548027
6/13/2023 5:45,0.050183782
6/13/2023 6:00,0.045548027
6/13/2023 6:15,0.050183782
6/13/2023 6:30,0.042467872
6/13/2023 6:45,0.047112947
6/13/2023 7:00,0.033119571
6/13/2023 7:15,0.042467872
6/13/2023 7:30,0.039350303
6/13/2023 7:45,0.034674371
6/13/2023 8:00,0.039350303
6/13/2023 8:15,0.039350303
6/13/2023 8:30,0.048649348
6/13/2023 8:45,0.039350303
6/13/2023 9:00,0.04401028
6/13/2023 9:15,0.034674371
6/13/2023 9:30,0.042467872
6/13/2023 9:45,0.047112947
6/13/2023 10:00,0.047112947
6/13/2023 10:15,0.047112947
6/13/2023 10:30,0.034674371
6/13/2023 10:45,0.034674371
6/13/2023 11:00,0.034674371
6/13/2023 11:15,0.04401028
6/13/2023 11:30,0.034674371
6/13/2023 11:45,0.034674371
6/13/2023 12:00,0.039350303
6/13/2023 12:15,0.034674371
6/13/2023 12:30,0.030003643
6/13/2023 12:45,0.026854907
6/13/2023 13:00,0.020555354
6/13/2023 13:15,0.026854907
6/13/2023 13:30,0.030003643
6/13/2023 13:45,0.025289405
6/13/2023 14:00,0.017707505
6/13/2023 14:15,0.026854907
6/13/2023 14:30,0.030003643
6/13/2023 14:45,0.025289405
6/13/2023 15:00,0.030003643
6/13/2023 15:15,0.030003643
6/13/2023 15:30,0.030003643
6/13/2023 15:45,0.039376985
6/13/2023 16:00,0.033119571
6/13/2023 16:15,0.029976745
6/13/2023 16:30,0.037801763
6/13/2023 16:45,0.029976745
6/13/2023 17:00,0.022124763
6/13/2023 17:15,0.025262394
6/13/2023 17:30,0.017707505
6/13/2023 17:45,0.022124763
6/13/2023 18:00,0.020528229
6/13/2023 18:15,0.025262394
6/13/2023 18:30,0.029976745
6/13/2023 18:45,0.025289405
6/13/2023 19:00,0.025289405
6/13/2023 19:15,0.029976745
6/13/2023 19:30,0.025289405
6/13/2023 19:45,0.025289405
6/13/2023 20:00,0.022124763
6/13/2023 20:15,0.037801763
6/13/2023 20:30,0.033119571
6/13/2023 20:45,0.033119571
6/13/2023 21:00,0.025289405
6/13/2023 21:15,0.039350303
6/13/2023 21:30,0.034674371
6/13/2023 21:45,0.034674371
6/13/2023 22:00,0.020528229
6/13/2023 22:15,0.026827933
6/13/2023 22:30,0.034674371
6/13/2023 22:45,0.037801763
6/13/2023 23:00,0.029976745
6/13/2023 23:15,0.034674371
6/13/2023 23:30,0.039350303
6/13/2023 23:45,0.042467872
6/14/2023 0:00,0.039350303
6/14/2023 0:15,0.034674371
6/14/2023 0:30,0.034674371
6/14/2023 0:45,0.034674371
6/14/2023 1:00,0.034674371
6/14/2023 1:15,0.039350303
6/14/2023 1:30,0.039350303
6/14/2023 1:45,0.025262394
6/14/2023 2:00,0.037801763
6/14/2023 2:15,0.033119571
6/14/2023 2:30,0.042467872
6/14/2023 2:45,0.047112947
6/14/2023 3:00,0.040896798
6/14/2023 3:15,0.042467872
6/14/2023 3:30,0.042467872
6/14/2023 3:45,0.047112947
6/14/2023 4:00,0.037801763
6/14/2023 4:15,0.025289405
6/14/2023 4:30,0.033119571
6/14/2023 4:45,0.033119571
6/14/2023 5:00,0.042467872
6/14/2023 5:15,0.050210221
6/14/2023 5:30,0.037801763
6/14/2023 5:45,0.045574569
6/14/2023 6:00,0.042467872
6/14/2023 6:15,0.034674371
6/14/2023 6:30,0.029976745
6/14/2023 6:45,0.037801763
6/14/2023 7:00,0.037801763
6/14/2023 7:15,0.039350303
6/14/2023 7:30,0.04401028
6/14/2023 7:45,0.039350303
6/14/2023 8:00,0.034674371
6/14/2023 8:15,0.034674371
6/14/2023 8:30,0.036253835
6/14/2023 8:45,0.026854907
6/14/2023 9:00,0.036253835
6/14/2023 9:15,0.031562666
6/14/2023 9:30,0.026854907
6/14/2023 9:45,0.044036856
6/14/2023 10:00,0.034674371
6/14/2023 10:15,0.022097677
6/14/2023 10:30,0.029976745
6/14/2023 10:45,0.039350303
6/14/2023 11:00,0.04401028
6/14/2023 11:15,0.034674371
6/14/2023 11:30,0.029976745
6/14/2023 11:45,0.026827933
6/14/2023 12:00,0.029976745
6/14/2023 12:15,0.039350303
6/14/2023 12:30,0.037801763
6/14/2023 12:45,0.022097677
6/14/2023 13:00,0.029976745
6/14/2023 13:15,0.022124763
6/14/2023 13:30,0.037801763
6/14/2023 13:45,0.030003643
6/14/2023 14:00,0.037801763
6/14/2023 14:15,0.039376985
6/14/2023 14:30,0.030003643
6/14/2023 14:45,0.030003643
6/14/2023 15:00,0.017707505
6/14/2023 15:15,0.025262394
6/14/2023 15:30,0.020528229
6/14/2023 15:45,0.025262394
6/14/2023 16:00,0.028418245
6/14/2023 16:15,0.020528229
6/14/2023 16:30,0.025262394
6/14/2023 16:45,0.020528229
6/14/2023 17:00,0.017707505
6/14/2023 17:15,0.020555354
6/14/2023 17:30,0.020555354
6/14/2023 17:45,0.016135681
6/14/2023 18:00,0.028418245
6/14/2023 18:15,0.029976745
6/14/2023 18:30,0.023694676
6/14/2023 18:45,0.025262394
6/14/2023 19:00,0.020555354
6/14/2023 19:15,0.023694676
6/14/2023 19:30,0.023694676
6/14/2023 19:45,0.033119571
6/14/2023 20:00,0.017173401
6/14/2023 20:15,0.030003643
6/14/2023 20:30,0.017173401
6/14/2023 20:45,0.033119571
6/14/2023 21:00,0.023694676
6/14/2023 21:15,0.028418245
6/14/2023 21:30,0.025262394
6/14/2023 21:45,0.028418245
6/14/2023 22:00,0.020528229
6/14/2023 22:15,0.028418245
6/14/2023 22:30,0.025262394
6/14/2023 22:45,0.025262394
6/14/2023 23:00,0.037801763
6/14/2023 23:15,0.033119571
6/14/2023 23:30,0.025262394
6/14/2023 23:45,0.020528229
6/15/2023 0:00,0.029976745
6/15/2023 0:15,0.034674371
6/15/2023 0:30,0.029976745
6/15/2023 0:45,0.017698186
6/15/2023 1:00,0.025262394
6/15/2023 1:15,0.025262394
6/15/2023 1:30,0.025262394
6/15/2023 1:45,0.025262394
6/15/2023 2:00,0.028418245
6/15/2023 2:15,0.033119571
6/15/2023 2:30,0.028418245
6/15/2023 2:45,0.020555354
6/15/2023 3:00,0.025289405
6/15/2023 3:15,0.020555354
6/15/2023 3:30,0.025289405
6/15/2023 3:45,0.025289405
6/15/2023 4:00,0.033119571
6/15/2023 4:15,0.023694676
6/15/2023 4:30,0.033119571
6/15/2023 4:45,0.028418245
6/15/2023 5:00,0.040923444
6/15/2023 5:15,0.033119571
6/15/2023 5:30,0.036253835
6/15/2023 5:45,0.028418245
6/15/2023 6:00,0.033119571
6/15/2023 6:15,0.031535805
6/15/2023 6:30,0.037801763
6/15/2023 6:45,0.023694676
6/15/2023 7:00,0.025262394
6/15/2023 7:15,0.028418245
6/15/2023 7:30,0.025262394
6/15/2023 7:45,0.017698186
6/15/2023 8:00,0.025262394
6/15/2023 8:15,0.030003643
6/15/2023 8:30,0.034674371
6/15/2023 8:45,0.029976745
6/15/2023 9:00,0.029976745
6/15/2023 9:15,0.029976745
6/15/2023 9:30,0.017164305
6/15/2023 9:45,0.025262394
6/15/2023 10:00,0.03470116
6/15/2023 10:15,0.029976745
6/15/2023 10:30,0.030003643
6/15/2023 10:45,0.022124763
6/15/2023 11:00,0.025289405
6/15/2023 11:15,0.030003643
6/15/2023 11:30,0.026854907
6/15/2023 11:45,0.026854907
6/15/2023 12:00,0.029976745
6/15/2023 12:15,0.034674371
6/15/2023 12:30,0.017707505
6/15/2023 12:45,0.029976745
6/15/2023 13:00,0.022124763
6/15/2023 13:15,0.030003643
6/15/2023 13:30,0.025289405
6/15/2023 13:45,0.016643258
6/15/2023 14:00,0.025289405
6/15/2023 14:15,0.025289405
6/15/2023 14:30,0.022124763
6/15/2023 14:45,0.025262394
6/15/2023 15:00,0.025262394
6/15/2023 15:15,0.020528229
6/15/2023 15:30,0.020528229
6/15/2023 15:45,0.014667611
6/15/2023 16:00,0.017698186
6/15/2023 16:15,0.016127024
6/15/2023 16:30,0.022097677
6/15/2023 16:45,0.020528229
6/15/2023 17:00,0.017698186
6/15/2023 17:15,0.016127024
6/15/2023 17:30,0.017698186
6/15/2023 17:45,0.025262394
6/15/2023 18:00,0.020528229
6/15/2023 18:15,0.017164305
6/15/2023 18:30,0.017164305
6/15/2023 18:45,0.016127024
6/15/2023 19:00,0.025262394
6/15/2023 19:15,0.020528229
6/15/2023 19:30,0.022124763
6/15/2023 19:45,0.017707505
6/15/2023 20:00,0.017707505
6/15/2023 20:15,0.026854907
6/15/2023 20:30,0.017707505
6/15/2023 20:45,0.016135681
6/15/2023 21:00,0.017698186
6/15/2023 21:15,0.016127024
6/15/2023 21:30,0.026827933
6/15/2023 21:45,0.018953846
6/15/2023 22:00,0.017707505
6/15/2023 22:15,0.017707505
6/15/2023 22:30,0.022124763
6/15/2023 22:45,0.026854907
6/15/2023 23:00,0.022124763
6/15/2023 23:15,0.022124763
6/15/2023 23:30,0.017707505
6/15/2023 23:45,0.017707505
6/16/2023 0:00,0.026854907
6/16/2023 0:15,0.026854907
6/16/2023 0:30,0.026854907
6/16/2023 0:45,0.026854907
6/16/2023 1:00,0.022124763
6/16/2023 1:15,0.017707505
6/16/2023 1:30,0.026854907
6/16/2023 1:45,0.026854907
6/16/2023 2:00,0.022124763
6/16/2023 2:15,0.017707505
6/16/2023 2:30,0.031562666
6/16/2023 2:45,0.022124763
6/16/2023 3:00,0.022124763
6/16/2023 3:15,0.022124763
6/16/2023 3:30,0.022124763
6/16/2023 3:45,0.022124763
6/16/2023 4:00,0.026854907
6/16/2023 4:15,0.026854907
6/16/2023 4:30,0.022124763
6/16/2023 4:45,0.025289405
6/16/2023 5:00,0.022124763
6/16/2023 5:15,0.031562666
6/16/2023 5:30,0.026854907
6/16/2023 5:45,0.017707505
6/16/2023 6:00,0.026854907
6/16/2023 6:15,0.036253835
6/16/2023 6:30,0.029976745
6/16/2023 6:45,0.018953846
6/16/2023 7:00,0.026827933
6/16/2023 7:15,0.031535805
6/16/2023 7:30,0.023694676
6/16/2023 7:45,0.028418245
6/16/2023 8:00,0.026854907
6/16/2023 8:15,0.023694676
6/16/2023 8:30,0.023694676
6/16/2023 8:45,0.017164305
6/16/2023 9:00,0.023694676
6/16/2023 9:15,0.031562666
6/16/2023 9:30,0.016643258
6/16/2023 9:45,0.018953846
6/16/2023 10:00,0.020528229
6/16/2023 10:15,0.033119571
6/16/2023 10:30,0.033119571
6/16/2023 10:45,0.037801763
6/16/2023 11:00,0.023694676
6/16/2023 11:15,0.023694676
6/16/2023 11:30,0.023694676
6/16/2023 11:45,0.023694676
6/16/2023 12:00,0.033119571
6/16/2023 12:15,0.023694676
6/16/2023 12:30,0.018953846
6/16/2023 12:45,0.016643258
6/16/2023 13:00,0.014207738
6/16/2023 13:15,0.014207738
6/16/2023 13:30,0.015631151
6/16/2023 13:45,0.015631151
6/16/2023 14:00,0.016643258
6/16/2023 14:15,0.018953846
6/16/2023 14:30,0.015639596
6/16/2023 14:45,0.018953846
6/16/2023 15:00,0.01514743
6/16/2023 15:15,0.016643258
6/16/2023 15:30,0.016643258
6/16/2023 15:45,0.016643258
6/16/2023 16:00,0.016643258
6/16/2023 16:15,0.016135681
6/16/2023 16:30,0.017707505
6/16/2023 16:45,0.01514743
6/16/2023 17:00,0.013760124
6/16/2023 17:15,0.016643258
6/16/2023 17:30,0.016643258
6/16/2023 17:45,0.01514743
6/16/2023 18:00,0.01514743
6/16/2023 18:15,0.016643258
6/16/2023 18:30,0.016643258
6/16/2023 18:45,0.01514743
6/16/2023 19:00,0.01514743
6/16/2023 19:15,0.01514743
6/16/2023 19:30,0.013760124
6/16/2023 19:45,0.018953846
6/16/2023 20:00,0.016643258
6/16/2023 20:15,0.013760124
6/16/2023 20:30,0.017173401
6/16/2023 20:45,0.014215569
6/16/2023 21:00,0.013323009
6/16/2023 21:15,0.014207738
6/16/2023 21:30,0.014667611
6/16/2023 21:45,0.015631151
6/16/2023 22:00,0.015631151
6/16/2023 22:15,0.020528229
6/16/2023 22:30,0.017164305
6/16/2023 22:45,0.023694676
6/16/2023 23:00,0.015631151
6/16/2023 23:15,0.020528229
6/16/2023 23:30,0.020528229
6/16/2023 23:45,0.015631151
6/17/2023 0:00,0.015631151
6/17/2023 0:15,0.017164305
6/17/2023 0:30,0.018953846
6/17/2023 0:45,0.033119571
6/17/2023 1:00,0.028418245
6/17/2023 1:15,0.028418245
6/17/2023 1:30,0.026854907
6/17/2023 1:45,0.023694676
6/17/2023 2:00,0.026854907
6/17/2023 2:15,0.026854907
6/17/2023 2:30,0.023694676
6/17/2023 2:45,0.023694676
6/17/2023 3:00,0.033119571
6/17/2023 3:15,0.033119571
6/17/2023 3:30,0.031535805
6/17/2023 3:45,0.023694676
6/17/2023 4:00,0.028418245
6/17/2023 4:15,0.022097677
6/17/2023 4:30,0.015639596
6/17/2023 4:45,0.028418245
6/17/2023 5:00,0.028418245
6/17/2023 5:15,0.031535805
6/17/2023 5:30,0.034674371
6/17/2023 5:45,0.022097677
6/17/2023 6:00,0.026827933
6/17/2023 6:15,0.036227081
6/17/2023 6:30,0.036227081
6/17/2023 6:45,0.031535805
6/17/2023 7:00,0.026827933
6/17/2023 7:15,0.028418245
6/17/2023 7:30,0.031535805
6/17/2023 7:45,0.028418245
6/17/2023 8:00,0.023694676
6/17/2023 8:15,0.028418245
6/17/2023 8:30,0.028418245
6/17/2023 8:45,0.016643258
6/17/2023 9:00,0.023694676
6/17/2023 9:15,0.026854907
6/17/2023 9:30,0.028418245
6/17/2023 9:45,0.016643258
6/17/2023 10:00,0.023694676
6/17/2023 10:15,0.031535805
6/17/2023 10:30,0.022097677
6/17/2023 10:45,0.028418245
6/17/2023 11:00,0.016643258
6/17/2023 11:15,0.028418245
6/17/2023 11:30,0.036253835
6/17/2023 11:45,0.023694676
6/17/2023 12:00,0.031535805
6/17/2023 12:15,0.018953846
6/17/2023 12:30,0.026827933
6/17/2023 12:45,0.018953846
6/17/2023 13:00,0.026827933
6/17/2023 13:15,0.018953846
6/17/2023 13:30,0.01514743
6/17/2023 13:45,0.026854907
6/17/2023 14:00,0.017707505
6/17/2023 14:15,0.017707505
6/17/2023 14:30,0.031562666
6/17/2023 14:45,0.016135681
6/17/2023 15:00,0.016135681
6/17/2023 15:15,0.016643258
6/17/2023 15:30,0.016643258
6/17/2023 15:45,0.016643258
6/17/2023 16:00,0.022124763
6/17/2023 16:15,0.017707505
6/17/2023 16:30,0.017707505
6/17/2023 16:45,0.022124763
6/17/2023 17:00,0.026854907
6/17/2023 17:15,0.022124763
6/17/2023 17:30,0.016643258
6/17/2023 17:45,0.022124763
6/17/2023 18:00,0.022124763
6/17/2023 18:15,0.01514743
6/17/2023 18:30,0.017707505
6/17/2023 18:45,0.01514743
6/17/2023 19:00,0.01514743
6/17/2023 19:15,0.013760124
6/17/2023 19:30,0.01514743
6/17/2023 19:45,0.01514743
6/17/2023 20:00,0.013760124
6/17/2023 20:15,0.018953846
6/17/2023 20:30,0.023694676
6/17/2023 20:45,0.016643258
6/17/2023 21:00,0.023694676
6/17/2023 21:15,0.017164305
6/17/2023 21:30,0.023694676
6/17/2023 21:45,0.016643258
6/17/2023 22:00,0.015631151
6/17/2023 22:15,0.028418245
6/17/2023 22:30,0.018953846
6/17/2023 22:45,0.028418245
6/17/2023 23:00,0.023694676
6/17/2023 23:15,0.023694676
6/17/2023 23:30,0.028418245
6/17/2023 23:45,0.028418245
6/18/2023 0:00,0.023694676
6/18/2023 0:15,0.036227081
6/18/2023 0:30,0.018953846
6/18/2023 0:45,0.018953846
6/18/2023 1:00,0.023694676
6/18/2023 1:15,0.022097677
6/18/2023 1:30,0.018953846
6/18/2023 1:45,0.018953846
6/18/2023 2:00,0.022097677
6/18/2023 2:15,0.026827933
6/18/2023 2:30,0.031535805
6/18/2023 2:45,0.026827933
6/18/2023 3:00,0.018953846
6/18/2023 3:15,0.023694676
6/18/2023 3:30,0.026854907
6/18/2023 3:45,0.031562666
6/18/2023 4:00,0.029976745
6/18/2023 4:15,0.029976745
6/18/2023 4:30,0.026854907
6/18/2023 4:45,0.031535805
6/18/2023 5:00,0.031535805
6/18/2023 5:15,0.031535805
6/18/2023 5:30,0.031535805
6/18/2023 5:45,0.040896798
6/18/2023 6:00,0.031535805
6/18/2023 6:15,0.036227081
6/18/2023 6:30,0.026827933
6/18/2023 6:45,0.033119571
6/18/2023 7:00,0.022097677
6/18/2023 7:15,0.036227081
6/18/2023 7:30,0.031562666
6/18/2023 7:45,0.028418245
6/18/2023 8:00,0.023694676
6/18/2023 8:15,0.023694676
6/18/2023 8:30,0.033119571
6/18/2023 8:45,0.028418245
6/18/2023 9:00,0.023694676
6/18/2023 9:15,0.037801763
6/18/2023 9:30,0.028418245
6/18/2023 9:45,0.028418245
6/18/2023 10:00,0.028418245
6/18/2023 10:15,0.023694676
6/18/2023 10:30,0.028418245
6/18/2023 10:45,0.031562666
6/18/2023 11:00,0.026854907
6/18/2023 11:15,0.018953846
6/18/2023 11:30,0.023694676
6/18/2023 11:45,0.028418245
6/18/2023 12:00,0.023694676
6/18/2023 12:15,0.016643258
6/18/2023 12:30,0.01514743
6/18/2023 12:45,0.016643258
6/18/2023 13:00,0.016643258
6/18/2023 13:15,0.022124763
6/18/2023 13:30,0.023694676
6/18/2023 13:45,0.013760124
6/18/2023 14:00,0.022124763
6/18/2023 14:15,0.014207738
6/18/2023 14:30,0.016643258
6/18/2023 14:45,0.016643258
6/18/2023 15:00,0.022097677
6/18/2023 15:15,0.017698186
6/18/2023 15:30,0.017698186
6/18/2023 15:45,0.017698186
6/18/2023 16:00,0.016643258
6/18/2023 16:15,0.016643258
6/18/2023 16:30,0.01514743
6/18/2023 16:45,0.014675643
6/18/2023 17:00,0.016135681
6/18/2023 17:15,0.016135681
6/18/2023 17:30,0.01514743
6/18/2023 17:45,0.016135681
6/18/2023 18:00,0.01514743
6/18/2023 18:15,0.013760124
6/18/2023 18:30,0.016135681
6/18/2023 18:45,0.01514743
6/18/2023 19:00,0.013760124
6/18/2023 19:15,0.016135681
6/18/2023 19:30,0.01514743
6/18/2023 19:45,0.013760124
6/18/2023 20:00,0.017698186
6/18/2023 20:15,0.013760124
6/18/2023 20:30,0.017698186
6/18/2023 20:45,0.01514743
6/18/2023 21:00,0.01514743
6/18/2023 21:15,0.01514743
6/18/2023 21:30,0.013760124
6/18/2023 21:45,0.016643258
6/18/2023 22:00,0.016135681
6/18/2023 22:15,0.016135681
6/18/2023 22:30,0.018953846
6/18/2023 22:45,0.018953846
6/18/2023 23:00,0.016643258
6/18/2023 23:15,0.016643258
6/18/2023 23:30,0.016643258
6/18/2023 23:45,0.01514743
6/19/2023 0:00,0.016643258
6/19/2023 0:15,0.018953846
6/19/2023 0:30,0.018953846
6/19/2023 0:45,0.016643258
6/19/2023 1:00,0.016643258
6/19/2023 1:15,0.016643258
6/19/2023 1:30,0.017707505
6/19/2023 1:45,0.017707505
6/19/2023 2:00,0.026854907
6/19/2023 2:15,0.017707505
6/19/2023 2:30,0.016135681
6/19/2023 2:45,0.016135681
6/19/2023 3:00,0.017707505
6/19/2023 3:15,0.01514743
6/19/2023 3:30,0.017707505
6/19/2023 3:45,0.022124763
6/19/2023 4:00,0.017707505
6/19/2023 4:15,0.017707505
6/19/2023 4:30,0.016135681
6/19/2023 4:45,0.017707505
6/19/2023 5:00,0.017707505
6/19/2023 5:15,0.022124763
6/19/2023 5:30,0.022124763
6/19/2023 5:45,0.016643258
6/19/2023 6:00,0.023694676
6/19/2023 6:15,0.016643258
6/19/2023 6:30,0.017707505
6/19/2023 6:45,0.016643258
6/19/2023 7:00,0.018953846
6/19/2023 7:15,0.018953846
6/19/2023 7:30,0.017173401
6/19/2023 7:45,0.023694676
6/19/2023 8:00,0.018953846
6/19/2023 8:15,0.015631151
6/19/2023 8:30,0.017164305
6/19/2023 8:45,0.023694676
6/19/2023 9:00,0.018953846
6/19/2023 9:15,0.028418245
6/19/2023 9:30,0.015631151
6/19/2023 9:45,0.017164305
6/19/2023 10:00,0.023694676
6/19/2023 10:15,0.020528229
6/19/2023 10:30,0.023694676
6/19/2023 10:45,0.016643258
6/19/2023 11:00,0.017164305
6/19/2023 11:15,0.023694676
6/19/2023 11:30,0.014207738
6/19/2023 11:45,0.01331557
6/19/2023 12:00,0.018953846
6/19/2023 12:15,0.017164305
6/19/2023 12:30,0.011670477
6/19/2023 12:45,0.016643258
6/19/2023 13:00,0.016643258
6/19/2023 13:15,0.013760124
6/19/2023 13:30,0.01514743
6/19/2023 13:45,0.014215569
6/19/2023 14:00,0.014215569
6/19/2023 14:15,0.017698186
6/19/2023 14:30,0.01514743
6/19/2023 14:45,0.01514743
6/19/2023 15:00,0.01207039
6/19/2023 15:15,0.01514743
6/19/2023 15:30,0.016643258
6/19/2023 15:45,0.01514743
6/19/2023 16:00,0.01514743
6/19/2023 16:15,0.01514743
6/19/2023 16:30,0.012889717
6/19/2023 16:45,0.014207738
6/19/2023 17:00,0.01514743
6/19/2023 17:15,0.012889717
6/19/2023 17:30,0.01514743
6/19/2023 17:45,0.01514743
6/19/2023 18:00,0.010543843
6/19/2023 18:15,0.011287006
6/19/2023 18:30,0.01514743
6/19/2023 18:45,0.01514743
6/19/2023 19:00,0.012889717
6/19/2023 19:15,0.012889717
6/19/2023 19:30,0.013760124
6/19/2023 19:45,0.013760124
6/19/2023 20:00,0.012896966
6/19/2023 20:15,0.014215569
6/19/2023 20:30,0.015639596
6/19/2023 20:45,0.011677178
6/19/2023 21:00,0.014207738
6/19/2023 21:15,0.015631151
6/19/2023 21:30,0.015631151
6/19/2023 21:45,0.01331557
6/19/2023 22:00,0.012063511
6/19/2023 22:15,0.017164305
6/19/2023 22:30,0.014207738
6/19/2023 22:45,0.014207738
6/19/2023 23:00,0.013323009
6/19/2023 23:15,0.014675643
6/19/2023 23:30,0.020555354
6/19/2023 23:45,0.014675643
6/20/2023 0:00,0.015639596
6/20/2023 0:15,0.017173401
6/20/2023 0:30,0.017173401
6/20/2023 0:45,0.014675643
6/20/2023 1:00,0.017173401
6/20/2023 1:15,0.015639596
6/20/2023 1:30,0.025289405
6/20/2023 1:45,0.023694676
6/20/2023 2:00,0.016135681
6/20/2023 2:15,0.015639596
6/20/2023 2:30,0.015639596
6/20/2023 2:45,0.020555354
6/20/2023 3:00,0.014675643
6/20/2023 3:15,0.017173401
6/20/2023 3:30,0.017173401
6/20/2023 3:45,0.014675643
6/20/2023 4:00,0.020555354
6/20/2023 4:15,0.017173401
6/20/2023 4:30,0.013323009
6/20/2023 4:45,0.017173401
6/20/2023 5:00,0.014215569
6/20/2023 5:15,0.014675643
6/20/2023 5:30,0.01207039
6/20/2023 5:45,0.014215569
6/20/2023 6:00,0.014215569
6/20/2023 6:15,0.013323009
6/20/2023 6:30,0.016135681
6/20/2023 6:45,0.010913587
6/20/2023 7:00,0.017173401
6/20/2023 7:15,0.017707505
6/20/2023 7:30,0.017707505
6/20/2023 7:45,0.015631151
6/20/2023 8:00,0.020528229
6/20/2023 8:15,0.01331557
6/20/2023 8:30,0.014675643
6/20/2023 8:45,0.017707505
6/20/2023 9:00,0.017707505
6/20/2023 9:15,0.017164305
6/20/2023 9:30,0.016127024
6/20/2023 9:45,0.014667611
6/20/2023 10:00,0.017698186
6/20/2023 10:15,0.015631151
6/20/2023 10:30,0.016127024
6/20/2023 10:45,0.016127024
6/20/2023 11:00,0.017698186
6/20/2023 11:15,0.013760124
6/20/2023 11:30,0.020528229
6/20/2023 11:45,0.016135681
6/20/2023 12:00,0.015631151
6/20/2023 12:15,0.01207039
6/20/2023 12:30,0.013323009
6/20/2023 12:45,0.013323009
6/20/2023 13:00,0.014675643
6/20/2023 13:15,0.014215569
6/20/2023 13:30,0.012896966
6/20/2023 13:45,0.017173401
6/20/2023 14:00,0.014215569
6/20/2023 14:15,0.014215569
6/20/2023 14:30,0.01207039
6/20/2023 14:45,0.013323009
6/20/2023 15:00,0.015639596
6/20/2023 15:15,0.014675643
6/20/2023 15:30,0.014207738
6/20/2023 15:45,0.015631151
6/20/2023 16:00,0.012889717
6/20/2023 16:15,0.008250948
6/20/2023 16:30,0.012889717
6/20/2023 16:45,0.009840582
6/20/2023 17:00,0.015631151
6/20/2023 17:15,0.010190111
6/20/2023 17:30,0.01331557
6/20/2023 17:45,0.010907236
6/20/2023 18:00,0.009840582
6/20/2023 18:15,0.015631151
6/20/2023 18:30,0.009840582
6/20/2023 18:45,0.014207738
6/20/2023 19:00,0.01207039
6/20/2023 19:15,0.014675643
6/20/2023 19:30,0.013323009
6/20/2023 19:45,0.013323009
6/20/2023 20:00,0.01207039
6/20/2023 20:15,0.014215569
6/20/2023 20:30,0.014215569
6/20/2023 20:45,0.011287006
6/20/2023 21:00,0.01207039
6/20/2023 21:15,0.014675643
6/20/2023 21:30,0.013323009
6/20/2023 21:45,0.013323009
6/20/2023 22:00,0.013760124
6/20/2023 22:15,0.014667611
6/20/2023 22:30,0.012474725
6/20/2023 22:45,0.014667611
6/20/2023 23:00,0.014667611
6/20/2023 23:15,0.014675643
6/20/2023 23:30,0.015631151
6/20/2023 23:45,0.014675643
6/21/2023 0:00,0.017698186
6/21/2023 0:15,0.014667611
6/21/2023 0:30,0.014667611
6/21/2023 0:45,0.012474725
6/21/2023 1:00,0.013760124
6/21/2023 1:15,0.014667611
6/21/2023 1:30,0.016127024
6/21/2023 1:45,0.013760124
6/21/2023 2:00,0.012474725
6/21/2023 2:15,0.014667611
6/21/2023 2:30,0.013760124
6/21/2023 2:45,0.017164305
6/21/2023 3:00,0.013760124
6/21/2023 3:15,0.017698186
6/21/2023 3:30,0.013760124
6/21/2023 3:45,0.014667611
6/21/2023 4:00,0.017164305
6/21/2023 4:15,0.017164305
6/21/2023 4:30,0.017164305
6/21/2023 4:45,0.016127024
6/21/2023 5:00,0.016127024
6/21/2023 5:15,0.017164305
6/21/2023 5:30,0.016135681
6/21/2023 5:45,0.020528229
6/21/2023 6:00,0.016135681
6/21/2023 6:15,0.017164305
6/21/2023 6:30,0.025262394
6/21/2023 6:45,0.017164305
6/21/2023 7:00,0.014675643
6/21/2023 7:15,0.014667611
6/21/2023 7:30,0.016127024
6/21/2023 7:45,0.016127024
6/21/2023 8:00,0.016127024
6/21/2023 8:15,0.016127024
6/21/2023 8:30,0.014667611
6/21/2023 8:45,0.016127024
6/21/2023 9:00,0.01331557
6/21/2023 9:15,0.014667611
6/21/2023 9:30,0.014667611
6/21/2023 9:45,0.014667611
6/21/2023 10:00,0.016127024
6/21/2023 10:15,0.014675643
6/21/2023 10:30,0.014667611
6/21/2023 10:45,0.014667611
6/21/2023 11:00,0.01207039
6/21/2023 11:15,0.014667611
6/21/2023 11:30,0.014207738
6/21/2023 11:45,0.015631151
6/21/2023 12:00,0.015631151
6/21/2023 12:15,0.01207039
6/21/2023 12:30,0.015631151
6/21/2023 12:45,0.011287006
6/21/2023 13:00,0.01207039
6/21/2023 13:15,0.014215569
6/21/2023 13:30,0.015639596
6/21/2023 13:45,0.014675643
6/21/2023 14:00,0.012896966
6/21/2023 14:15,0.015639596
6/21/2023 14:30,0.015631151
6/21/2023 14:45,0.015639596
6/21/2023 15:00,0.01207039
6/21/2023 15:15,0.014215569
6/21/2023 15:30,0.01207039
6/21/2023 15:45,0.01207039
6/21/2023 16:00,0.013323009
6/21/2023 16:15,0.014207738
6/21/2023 16:30,0.012889717
6/21/2023 16:45,0.016643258
6/21/2023 17:00,0.014207738
6/21/2023 17:15,0.015631151
6/21/2023 17:30,0.016643258
6/21/2023 17:45,0.014215569
6/21/2023 18:00,0.015639596
6/21/2023 18:15,0.012896966
6/21/2023 18:30,0.012896966
6/21/2023 18:45,0.012896966
6/21/2023 19:00,0.012896966
6/21/2023 19:15,0.016643258
6/21/2023 19:30,0.014215569
6/21/2023 19:45,0.017164305
6/21/2023 20:00,0.017164305
6/21/2023 20:15,0.015631151
6/21/2023 20:30,0.017164305
6/21/2023 20:45,0.014207738
6/21/2023 21:00,0.015631151
6/21/2023 21:15,0.010907236
6/21/2023 21:30,0.009840582
6/21/2023 21:45,0.011287006
6/21/2023 22:00,0.013323009
6/21/2023 22:15,0.013323009
6/21/2023 22:30,0.014675643
6/21/2023 22:45,0.013323009
6/21/2023 23:00,0.01207039
6/21/2023 23:15,0.013323009
6/21/2023 23:30,0.016135681
6/21/2023 23:45,0.01207039
6/22/2023 0:00,0.012889717
6/22/2023 0:15,0.012889717
6/22/2023 0:30,0.014667611
6/22/2023 0:45,0.012889717
6/22/2023 1:00,0.014207738
6/22/2023 1:15,0.012889717
6/22/2023 1:30,0.014207738
6/22/2023 1:45,0.012889717
6/22/2023 2:00,0.014207738
6/22/2023 2:15,0.015631151
6/22/2023 2:30,0.014207738
6/22/2023 2:45,0.015631151
6/22/2023 3:00,0.015631151
6/22/2023 3:15,0.01207039
6/22/2023 3:30,0.015631151
6/22/2023 3:45,0.013323009
6/22/2023 4:00,0.014215569
6/22/2023 4:15,0.01514743
6/22/2023 4:30,0.015631151
6/22/2023 4:45,0.012889717
6/22/2023 5:00,0.01331557
6/22/2023 5:15,0.01331557
6/22/2023 5:30,0.01331557
6/22/2023 5:45,0.014207738
6/22/2023 6:00,0.01331557
6/22/2023 6:15,0.014207738
6/22/2023 6:30,0.014675643
6/22/2023 6:45,0.012063511
6/22/2023 7:00,0.01207039
6/22/2023 7:15,0.013323009
6/22/2023 7:30,0.014675643
6/22/2023 7:45,0.013323009
6/22/2023 8:00,0.017173401
6/22/2023 8:15,0.017173401
6/22/2023 8:30,0.015639596
6/22/2023 8:45,0.014215569
6/22/2023 9:00,0.014675643
6/22/2023 9:15,0.014675643
6/22/2023 9:30,0.017707505
6/22/2023 9:45,0.012474725
6/22/2023 10:00,0.011287006
6/22/2023 10:15,0.011287006
6/22/2023 10:30,0.01207039
6/22/2023 10:45,0.014215569
6/22/2023 11:00,0.015639596
6/22/2023 11:15,0.01207039
6/22/2023 11:30,0.015631151
6/22/2023 11:45,0.015639596
6/22/2023 12:00,0.014675643
6/22/2023 12:15,0.010913587
6/22/2023 12:30,0.01207039
6/22/2023 12:45,0.014207738
6/22/2023 13:00,0.015631151
6/22/2023 13:15,0.01331557
6/22/2023 13:30,0.015631151
6/22/2023 13:45,0.01514743
6/22/2023 14:00,0.014207738
6/22/2023 14:15,0.012889717
6/22/2023 14:30,0.012889717
6/22/2023 14:45,0.014207738
6/22/2023 15:00,0.009840582
6/22/2023 15:15,0.010913587
6/22/2023 15:30,0.010913587
6/22/2023 15:45,0.01207039
6/22/2023 16:00,0.012896966
6/22/2023 16:15,0.009846436
6/22/2023 16:30,0.009846436
6/22/2023 16:45,0.010543843
6/22/2023 17:00,0.011677178
6/22/2023 17:15,0.012889717
6/22/2023 17:30,0.010543843
6/22/2023 17:45,0.010913587
6/22/2023 18:00,0.012889717
6/22/2023 18:15,0.01207039
6/22/2023 18:30,0.012889717
6/22/2023 18:45,0.010913587
6/22/2023 19:00,0.009846436
6/22/2023 19:15,0.012896966
6/22/2023 19:30,0.010907236
6/22/2023 19:45,0.014215569
6/22/2023 20:00,0.011677178
6/22/2023 20:15,0.014215569
6/22/2023 20:30,0.015639596
6/22/2023 20:45,0.010913587
6/22/2023 21:00,0.014215569
6/22/2023 21:15,0.012896966
6/22/2023 21:30,0.01207039
6/22/2023 21:45,0.015631151
6/22/2023 22:00,0.012889717
6/22/2023 22:15,0.014207738
6/22/2023 22:30,0.012889717
6/22/2023 22:45,0.01331557
6/22/2023 23:00,0.015631151
6/22/2023 23:15,0.015631151
6/22/2023 23:30,0.017164305
6/22/2023 23:45,0.012063511
6/23/2023 0:00,0.014667611
6/23/2023 0:15,0.015631151
6/23/2023 0:30,0.014667611
6/23/2023 0:45,0.01331557
6/23/2023 1:00,0.014207738
6/23/2023 1:15,0.01331557
6/23/2023 1:30,0.01331557
6/23/2023 1:45,0.016643258
6/23/2023 2:00,0.017164305
6/23/2023 2:15,0.01331557
6/23/2023 2:30,0.014207738
6/23/2023 2:45,0.016643258
6/23/2023 3:00,0.015631151
6/23/2023 3:15,0.014667611
6/23/2023 3:30,0.015631151
6/23/2023 3:45,0.014207738
6/23/2023 4:00,0.015631151
6/23/2023 4:15,0.018953846
6/23/2023 4:30,0.014207738
6/23/2023 4:45,0.018953846
6/23/2023 5:00,0.015631151
6/23/2023 5:15,0.017164305
6/23/2023 5:30,0.015631151
6/23/2023 5:45,0.020528229
6/23/2023 6:00,0.018953846
6/23/2023 6:15,0.018953846
6/23/2023 6:30,0.015631151
6/23/2023 6:45,0.01331557
6/23/2023 7:00,0.017164305
6/23/2023 7:15,0.015631151
6/23/2023 7:30,0.017164305
6/23/2023 7:45,0.014207738
6/23/2023 8:00,0.017173401
6/23/2023 8:15,0.013323009
6/23/2023 8:30,0.013323009
6/23/2023 8:45,0.016135681
6/23/2023 9:00,0.017173401
6/23/2023 9:15,0.014207738
6/23/2023 9:30,0.028418245
6/23/2023 9:45,0.017164305
6/23/2023 10:00,0.012889717
6/23/2023 10:15,0.017164305
6/23/2023 10:30,0.017164305
6/23/2023 10:45,0.015631151
6/23/2023 11:00,0.014207738
6/23/2023 11:15,0.012889717
6/23/2023 11:30,0.017164305
6/23/2023 11:45,0.014207738
6/23/2023 12:00,0.017164305
6/23/2023 12:15,0.015631151
6/23/2023 12:30,0.013760124
6/23/2023 12:45,0.010913587
6/23/2023 13:00,0.012889717
6/23/2023 13:15,0.01514743
6/23/2023 13:30,0.012896966
6/23/2023 13:45,0.008863175
6/23/2023 14:00,0.010550026
6/23/2023 14:15,0.009511441
6/23/2023 14:30,0.011677178
6/23/2023 14:45,0.009511441
6/23/2023 15:00,0.014215569
6/23/2023 15:15,0.010913587
6/23/2023 15:30,0.011677178
6/23/2023 15:45,0.013323009
6/23/2023 16:00,0.010913587
6/23/2023 16:15,0.015639596
6/23/2023 16:30,0.01514743
6/23/2023 16:45,0.013323009
6/23/2023 17:00,0.012896966
6/23/2023 17:15,0.015639596
6/23/2023 17:30,0.01514743
6/23/2023 17:45,0.016643258
6/23/2023 18:00,0.014215569
6/23/2023 18:15,0.012896966
6/23/2023 18:30,0.014215569
6/23/2023 18:45,0.012896966
6/23/2023 19:00,0.01514743
6/23/2023 19:15,0.014215569
6/23/2023 19:30,0.014215569
6/23/2023 19:45,0.016643258
6/23/2023 20:00,0.016643258
6/23/2023 20:15,0.015631151
6/23/2023 20:30,0.011670477
6/23/2023 20:45,0.012063511
6/23/2023 21:00,0.014207738
6/23/2023 21:15,0.012889717
6/23/2023 21:30,0.015631151
6/23/2023 21:45,0.016135681
6/23/2023 22:00,0.01207039
6/23/2023 22:15,0.017173401
6/23/2023 22:30,0.017173401
6/23/2023 22:45,0.014215569
6/23/2023 23:00,0.014215569
6/23/2023 23:15,0.014675643
6/23/2023 23:30,0.016135681
6/23/2023 23:45,0.014675643
6/24/2023 0:00,0.014675643
6/24/2023 0:15,0.014675643
6/24/2023 0:30,0.017173401
6/24/2023 0:45,0.025289405
6/24/2023 1:00,0.017164305
6/24/2023 1:15,0.017164305
6/24/2023 1:30,0.014207738
6/24/2023 1:45,0.015631151
6/24/2023 2:00,0.017164305
6/24/2023 2:15,0.020528229
6/24/2023 2:30,0.020528229
6/24/2023 2:45,0.020528229
6/24/2023 3:00,0.020528229
6/24/2023 3:15,0.017164305
6/24/2023 3:30,0.015631151
6/24/2023 3:45,0.020528229
6/24/2023 4:00,0.017173401
6/24/2023 4:15,0.028418245
6/24/2023 4:30,0.028418245
6/24/2023 4:45,0.018953846
6/24/2023 5:00,0.018953846
6/24/2023 5:15,0.025289405
6/24/2023 5:30,0.020555354
6/24/2023 5:45,0.020528229
6/24/2023 6:00,0.017164305
6/24/2023 6:15,0.023694676
6/24/2023 6:30,0.020555354
6/24/2023 6:45,0.028418245
6/24/2023 7:00,0.020555354
6/24/2023 7:15,0.017707505
6/24/2023 7:30,0.015631151
6/24/2023 7:45,0.022097677
6/24/2023 8:00,0.014667611
6/24/2023 8:15,0.016127024
6/24/2023 8:30,0.020528229
6/24/2023 8:45,0.017698186
6/24/2023 9:00,0.016127024
6/24/2023 9:15,0.014667611
6/24/2023 9:30,0.017698186
6/24/2023 9:45,0.017164305
6/24/2023 10:00,0.014667611
6/24/2023 10:15,0.017698186
6/24/2023 10:30,0.017707505
6/24/2023 10:45,0.014675643
6/24/2023 11:00,0.017707505
6/24/2023 11:15,0.012474725
6/24/2023 11:30,0.012474725
6/24/2023 11:45,0.017707505
6/24/2023 12:00,0.011287006
6/24/2023 12:15,0.014675643
6/24/2023 12:30,0.013323009
6/24/2023 12:45,0.011287006
6/24/2023 13:00,0.01331557
6/24/2023 13:15,0.014675643
6/24/2023 13:30,0.011287006
6/24/2023 13:45,0.014675643
6/24/2023 14:00,0.017164305
6/24/2023 14:15,0.014667611
6/24/2023 14:30,0.010190111
6/24/2023 14:45,0.014675643
6/24/2023 15:00,0.014675643
6/24/2023 15:15,0.012474725
6/24/2023 15:30,0.012474725
6/24/2023 15:45,0.016135681
6/24/2023 16:00,0.016127024
6/24/2023 16:15,0.012063511
6/24/2023 16:30,0.014667611
6/24/2023 16:45,0.013760124
6/24/2023 17:00,0.01514743
6/24/2023 17:15,0.017164305
6/24/2023 17:30,0.017164305
6/24/2023 17:45,0.012474725
6/24/2023 18:00,0.014667611
6/24/2023 18:15,0.013760124
6/24/2023 18:30,0.013760124
6/24/2023 18:45,0.012474725
6/24/2023 19:00,0.013760124
6/24/2023 19:15,0.014675643
6/24/2023 19:30,0.012474725
6/24/2023 19:45,0.013760124
6/24/2023 20:00,0.011670477
6/24/2023 20:15,0.012474725
6/24/2023 20:30,0.013760124
6/24/2023 20:45,0.012474725
6/24/2023 21:00,0.016643258
6/24/2023 21:15,0.012474725
6/24/2023 21:30,0.011670477
6/24/2023 21:45,0.013760124
6/24/2023 22:00,0.013760124
6/24/2023 22:15,0.013760124
6/24/2023 22:30,0.01514743
6/24/2023 22:45,0.01514743
6/24/2023 23:00,0.016643258
6/24/2023 23:15,0.016127024
6/24/2023 23:30,0.013760124
6/24/2023 23:45,0.01514743
6/25/2023 0:00,0.013760124
6/25/2023 0:15,0.013760124
6/25/2023 0:30,0.01514743
6/25/2023 0:45,0.016135681
6/25/2023 1:00,0.012889717
6/25/2023 1:15,0.016135681
6/25/2023 1:30,0.016135681
6/25/2023 1:45,0.022124763
6/25/2023 2:00,0.014675643
6/25/2023 2:15,0.016135681
6/25/2023 2:30,0.017707505
6/25/2023 2:45,0.017707505
6/25/2023 3:00,0.022124763
6/25/2023 3:15,0.017707505
6/25/2023 3:30,0.017707505
6/25/2023 3:45,0.013760124
6/25/2023 4:00,0.017707505
6/25/2023 4:15,0.017707505
6/25/2023 4:30,0.016135681
6/25/2023 4:45,0.016135681
6/25/2023 5:00,0.017707505
6/25/2023 5:15,0.01514743
6/25/2023 5:30,0.016127024
6/25/2023 5:45,0.01514743
6/25/2023 6:00,0.017698186
6/25/2023 6:15,0.01514743
6/25/2023 6:30,0.013760124
6/25/2023 6:45,0.016643258
6/25/2023 7:00,0.016643258
6/25/2023 7:15,0.01514743
6/25/2023 7:30,0.01514743
6/25/2023 7:45,0.013760124
6/25/2023 8:00,0.01514743
6/25/2023 8:15,0.018953846
6/25/2023 8:30,0.01514743
6/25/2023 8:45,0.014207738
6/25/2023 9:00,0.01514743
6/25/2023 9:15,0.023694676
6/25/2023 9:30,0.01514743
6/25/2023 9:45,0.014207738
6/25/2023 10:00,0.01514743
6/25/2023 10:15,0.014207738
6/25/2023 10:30,0.013760124
6/25/2023 10:45,0.009840582
6/25/2023 11:00,0.01514743
6/25/2023 11:15,0.018953846
6/25/2023 11:30,0.01514743
6/25/2023 11:45,0.016643258
6/25/2023 12:00,0.022124763
6/25/2023 12:15,0.014207738
6/25/2023 12:30,0.013760124
6/25/2023 12:45,0.01514743
6/25/2023 13:00,0.01514743
6/25/2023 13:15,0.011670477
6/25/2023 13:30,0.01514743
6/25/2023 13:45,0.012474725
6/25/2023 14:00,0.012474725
6/25/2023 14:15,0.012896966
6/25/2023 14:30,0.013760124
6/25/2023 14:45,0.012896966
6/25/2023 15:00,0.010543843
6/25/2023 15:15,0.012896966
6/25/2023 15:30,0.013760124
6/25/2023 15:45,0.011670477
6/25/2023 16:00,0.011670477
6/25/2023 16:15,0.013760124
6/25/2023 16:30,0.01514743
6/25/2023 16:45,0.012474725
6/25/2023 17:00,0.011287006
6/25/2023 17:15,0.012474725
6/25/2023 17:30,0.012474725
6/25/2023 17:45,0.012474725
6/25/2023 18:00,0.010190111
6/25/2023 18:15,0.012474725
6/25/2023 18:30,0.011287006
6/25/2023 18:45,0.010190111
6/25/2023 19:00,0.013323009
6/25/2023 19:15,0.012474725
6/25/2023 19:30,0.013760124
6/25/2023 19:45,0.013323009
6/25/2023 20:00,0.013760124
6/25/2023 20:15,0.01514743
6/25/2023 20:30,0.012474725
6/25/2023 20:45,0.012474725
6/25/2023 21:00,0.012474725
6/25/2023 21:15,0.013760124
6/25/2023 21:30,0.013760124
6/25/2023 21:45,0.013760124
6/25/2023 22:00,0.016643258
6/25/2023 22:15,0.014667611
6/25/2023 22:30,0.012896966
6/25/2023 22:45,0.010550026
6/25/2023 23:00,0.01514743
6/25/2023 23:15,0.012474725
6/25/2023 23:30,0.01514743
6/25/2023 23:45,0.012896966
6/26/2023 0:00,0.012896966
6/26/2023 0:15,0.011677178
6/26/2023 0:30,0.016643258
6/26/2023 0:45,0.011287006
6/26/2023 1:00,0.012474725
6/26/2023 1:15,0.012474725
6/26/2023 1:30,0.01514743
6/26/2023 1:45,0.016643258
6/26/2023 2:00,0.01514743
6/26/2023 2:15,0.016127024
6/26/2023 2:30,0.016643258
6/26/2023 2:45,0.013760124
6/26/2023 3:00,0.017698186
6/26/2023 3:15,0.01514743
6/26/2023 3:30,0.016643258
6/26/2023 3:45,0.014675643
6/26/2023 4:00,0.01514743
6/26/2023 4:15,0.014675643
6/26/2023 4:30,0.013760124
6/26/2023 4:45,0.017707505
6/26/2023 5:00,0.016135681
6/26/2023 5:15,0.014675643
6/26/2023 5:30,0.013760124
6/26/2023 5:45,0.01514743
6/26/2023 6:00,0.011670477
6/26/2023 6:15,0.022097677
6/26/2023 6:30,0.01514743
6/26/2023 6:45,0.016127024
6/26/2023 7:00,0.014667611
6/26/2023 7:15,0.016127024
6/26/2023 7:30,0.01514743
6/26/2023 7:45,0.014667611
6/26/2023 8:00,0.01514743
6/26/2023 8:15,0.013760124
6/26/2023 8:30,0.01514743
6/26/2023 8:45,0.013760124
6/26/2023 9:00,0.016643258
6/26/2023 9:15,0.016127024
6/26/2023 9:30,0.014667611
6/26/2023 9:45,0.022097677
6/26/2023 10:00,0.017698186
6/26/2023 10:15,0.014215569
6/26/2023 10:30,0.013760124
6/26/2023 10:45,0.016643258
6/26/2023 11:00,0.016135681
6/26/2023 11:15,0.012474725
6/26/2023 11:30,0.013323009
6/26/2023 11:45,0.016135681
6/26/2023 12:00,0.010543843
6/26/2023 12:15,0.016135681
6/26/2023 12:30,0.014675643
6/26/2023 12:45,0.014675643
6/26/2023 13:00,0.010190111
6/26/2023 13:15,0.013323009
6/26/2023 13:30,0.014675643
6/26/2023 13:45,0.011287006
6/26/2023 14:00,0.01331557
6/26/2023 14:15,0.01331557
6/26/2023 14:30,0.01331557
6/26/2023 14:45,0.011287006
6/26/2023 15:00,0.01207039
6/26/2023 15:15,0.012474725
6/26/2023 15:30,0.014675643
6/26/2023 15:45,0.01207039
6/26/2023 16:00,0.013323009
6/26/2023 16:15,0.010190111
6/26/2023 16:30,0.010913587
6/26/2023 16:45,0.014675643
6/26/2023 17:00,0.011287006
6/26/2023 17:15,0.01207039
6/26/2023 17:30,0.011287006
6/26/2023 17:45,0.015631151
6/26/2023 18:00,0.01207039
6/26/2023 18:15,0.011287006
6/26/2023 18:30,0.013323009
6/26/2023 18:45,0.011287006
6/26/2023 19:00,0.014667611
6/26/2023 19:15,0.009180005
6/26/2023 19:30,0.016135681
6/26/2023 19:45,0.013323009
6/26/2023 20:00,0.013323009
6/26/2023 20:15,0.016127024
6/26/2023 20:30,0.017173401
6/26/2023 20:45,0.014675643
6/26/2023 21:00,0.01207039
6/26/2023 21:15,0.01331557
6/26/2023 21:30,0.012474725
6/26/2023 21:45,0.01514743
6/26/2023 22:00,0.012474725
6/26/2023 22:15,0.014675643
6/26/2023 22:30,0.014675643
6/26/2023 22:45,0.013760124
6/26/2023 23:00,0.013760124
6/26/2023 23:15,0.01514743
6/26/2023 23:30,0.013760124
6/26/2023 23:45,0.014667611
6/27/2023 0:00,0.016127024
6/27/2023 0:15,0.022097677
6/27/2023 0:30,0.014667611
6/27/2023 0:45,0.014675643
6/27/2023 1:00,0.017164305
6/27/2023 1:15,0.014675643
6/27/2023 1:30,0.014675643
6/27/2023 1:45,0.013323009
6/27/2023 2:00,0.017173401
6/27/2023 2:15,0.017173401
6/27/2023 2:30,0.017164305
6/27/2023 2:45,0.013323009
6/27/2023 3:00,0.014215569
6/27/2023 3:15,0.015639596
6/27/2023 3:30,0.015639596
6/27/2023 3:45,0.013323009
6/27/2023 4:00,0.014675643
6/27/2023 4:15,0.015639596
6/27/2023 4:30,0.013323009
6/27/2023 4:45,0.015639596
6/27/2023 5:00,0.014675643
6/27/2023 5:15,0.015639596
6/27/2023 5:30,0.023694676
6/27/2023 5:45,0.014215569
6/27/2023 6:00,0.020555354
6/27/2023 6:15,0.023694676
6/27/2023 6:30,0.016135681
6/27/2023 6:45,0.017707505
6/27/2023 7:00,0.016135681
6/27/2023 7:15,0.025262394
6/27/2023 7:30,0.017164305
6/27/2023 7:45,0.017164305
6/27/2023 8:00,0.016127024
6/27/2023 8:15,0.017698186
6/27/2023 8:30,0.017164305
6/27/2023 8:45,0.017164305
6/27/2023 9:00,0.020528229
6/27/2023 9:15,0.017707505
6/27/2023 9:30,0.017173401
6/27/2023 9:45,0.020555354
6/27/2023 10:00,0.014215569
6/27/2023 10:15,0.025289405
6/27/2023 10:30,0.017173401
6/27/2023 10:45,0.017173401
6/27/2023 11:00,0.014215569
6/27/2023 11:15,0.023694676
6/27/2023 11:30,0.017173401
6/27/2023 11:45,0.013323009
6/27/2023 12:00,0.016643258
6/27/2023 12:15,0.017164305
6/27/2023 12:30,0.023694676
6/27/2023 12:45,0.018953846
6/27/2023 13:00,0.010913587
6/27/2023 13:15,0.018953846
6/27/2023 13:30,0.014207738
6/27/2023 13:45,0.012063511
6/27/2023 14:00,0.016135681
6/27/2023 14:15,0.017173401
6/27/2023 14:30,0.016135681
6/27/2023 14:45,0.016643258
6/27/2023 15:00,0.014207738
6/27/2023 15:15,0.023694676
6/27/2023 15:30,0.013323009
6/27/2023 15:45,0.017164305
6/27/2023 16:00,0.014207738
6/27/2023 16:15,0.014675643
6/27/2023 16:30,0.014667611
6/27/2023 16:45,0.023694676
6/27/2023 17:00,0.016643258
6/27/2023 17:15,0.016643258
6/27/2023 17:30,0.017173401
6/27/2023 17:45,0.016643258
6/27/2023 18:00,0.017173401
6/27/2023 18:15,0.016643258
6/27/2023 18:30,0.022097677
6/27/2023 18:45,0.017173401
6/27/2023 19:00,0.015639596
6/27/2023 19:15,0.017173401
6/27/2023 19:30,0.01514743
6/27/2023 19:45,0.015639596
6/27/2023 20:00,0.016643258
6/27/2023 20:15,0.018953846
6/27/2023 20:30,0.023694676
6/27/2023 20:45,0.017164305
6/27/2023 21:00,0.015631151
6/27/2023 21:15,0.01331557
6/27/2023 21:30,0.010907236
6/27/2023 21:45,0.014207738
6/27/2023 22:00,0.015631151
6/27/2023 22:15,0.014675643
6/27/2023 22:30,0.014675643
6/27/2023 22:45,0.014675643
6/27/2023 23:00,0.016135681
6/27/2023 23:15,0.014675643
6/27/2023 23:30,0.020555354
6/27/2023 23:45,0.020555354
6/28/2023 0:00,0.017173401
6/28/2023 0:15,0.013323009
6/28/2023 0:30,0.017173401
6/28/2023 0:45,0.015639596
6/28/2023 1:00,0.016135681
6/28/2023 1:15,0.015639596
6/28/2023 1:30,0.017173401
6/28/2023 1:45,0.016135681
6/28/2023 2:00,0.018953846
6/28/2023 2:15,0.015631151
6/28/2023 2:30,0.017164305
6/28/2023 2:45,0.017164305
6/28/2023 3:00,0.017164305
6/28/2023 3:15,0.017164305
6/28/2023 3:30,0.017164305
6/28/2023 3:45,0.017164305
6/28/2023 4:00,0.017164305
6/28/2023 4:15,0.025262394
6/28/2023 4:30,0.020528229
6/28/2023 4:45,0.015631151
6/28/2023 5:00,0.020528229
6/28/2023 5:15,0.015631151
6/28/2023 5:30,0.014207738
6/28/2023 5:45,0.020528229
6/28/2023 6:00,0.015631151
6/28/2023 6:15,0.012063511
6/28/2023 6:30,0.017173401
6/28/2023 6:45,0.016135681
6/28/2023 7:00,0.017173401
6/28/2023 7:15,0.015639596
6/28/2023 7:30,0.017707505
6/28/2023 7:45,0.016135681
6/28/2023 8:00,0.013323009
6/28/2023 8:15,0.014675643
6/28/2023 8:30,0.017698186
6/28/2023 8:45,0.016127024
6/28/2023 9:00,0.016127024
6/28/2023 9:15,0.014667611
6/28/2023 9:30,0.01331557
6/28/2023 9:45,0.014675643
6/28/2023 10:00,0.016127024
6/28/2023 10:15,0.013760124
6/28/2023 10:30,0.014667611
6/28/2023 10:45,0.014667611
6/28/2023 11:00,0.01331557
6/28/2023 11:15,0.01331557
6/28/2023 11:30,0.015631151
6/28/2023 11:45,0.014207738
6/28/2023 12:00,0.014207738
6/28/2023 12:15,0.014675643
6/28/2023 12:30,0.013323009
6/28/2023 12:45,0.013323009
6/28/2023 13:00,0.017173401
6/28/2023 13:15,0.014215569
6/28/2023 13:30,0.010913587
6/28/2023 13:45,0.014215569
6/28/2023 14:00,0.01207039
6/28/2023 14:15,0.009180005
6/28/2023 14:30,0.010190111
6/28/2023 14:45,0.014207738
6/28/2023 15:00,0.012063511
6/28/2023 15:15,0.012889717
6/28/2023 15:30,0.011287006
6/28/2023 15:45,0.010907236
6/28/2023 16:00,0.012063511
6/28/2023 16:15,0.010907236
6/28/2023 16:30,0.012063511
6/28/2023 16:45,0.01331557
6/28/2023 17:00,0.010907236
6/28/2023 17:15,0.01331557
6/28/2023 17:30,0.01331557
6/28/2023 17:45,0.01331557
6/28/2023 18:00,0.012063511
6/28/2023 18:15,0.012063511
6/28/2023 18:30,0.01331557
6/28/2023 18:45,0.010907236
6/28/2023 19:00,0.01207039
6/28/2023 19:15,0.01207039
6/28/2023 19:30,0.015631151
6/28/2023 19:45,0.01207039
6/28/2023 20:00,0.01207039
6/28/2023 20:15,0.012889717
6/28/2023 20:30,0.01207039
6/28/2023 20:45,0.012889717
6/28/2023 21:00,0.012063511
6/28/2023 21:15,0.015631151
6/28/2023 21:30,0.010907236
6/28/2023 21:45,0.015631151
6/28/2023 22:00,0.01207039
6/28/2023 22:15,0.015631151
6/28/2023 22:30,0.017173401
6/28/2023 22:45,0.016135681
6/28/2023 23:00,0.014207738
6/28/2023 23:15,0.016135681
6/28/2023 23:30,0.013323009
6/28/2023 23:45,0.017164305
6/29/2023 0:00,0.014675643
6/29/2023 0:15,0.017164305
6/29/2023 0:30,0.015631151
6/29/2023 0:45,0.015631151
6/29/2023 1:00,0.015631151
6/29/2023 1:15,0.016135681
6/29/2023 1:30,0.010913587
6/29/2023 1:45,0.011287006
6/29/2023 2:00,0.017164305
6/29/2023 2:15,0.012889717
6/29/2023 2:30,0.012889717
6/29/2023 2:45,0.015631151
6/29/2023 3:00,0.014667611
6/29/2023 3:15,0.01331557
6/29/2023 3:30,0.014667611
6/29/2023 3:45,0.01331557
6/29/2023 4:00,0.014207738
6/29/2023 4:15,0.014207738
6/29/2023 4:30,0.013323009
6/29/2023 4:45,0.015631151
6/29/2023 5:00,0.016135681
6/29/2023 5:15,0.015639596
6/29/2023 5:30,0.015639596
6/29/2023 5:45,0.017707505
6/29/2023 6:00,0.015639596
6/29/2023 6:15,0.013323009
6/29/2023 6:30,0.015639596
6/29/2023 6:45,0.013323009
6/29/2023 7:00,0.013323009
6/29/2023 7:15,0.016135681
6/29/2023 7:30,0.016135681
6/29/2023 7:45,0.014675643
6/29/2023 8:00,0.017164305
6/29/2023 8:15,0.014667611
6/29/2023 8:30,0.01331557
6/29/2023 8:45,0.016127024
6/29/2023 9:00,0.014667611
6/29/2023 9:15,0.016127024
6/29/2023 9:30,0.014667611
6/29/2023 9:45,0.017698186
6/29/2023 10:00,0.014667611
6/29/2023 10:15,0.017698186
6/29/2023 10:30,0.022097677
6/29/2023 10:45,0.014667611
6/29/2023 11:00,0.014207738
6/29/2023 11:15,0.016127024
6/29/2023 11:30,0.020528229
6/29/2023 11:45,0.01331557
6/29/2023 12:00,0.015631151
6/29/2023 12:15,0.011287006
6/29/2023 12:30,0.010913587
6/29/2023 12:45,0.013760124
6/29/2023 13:00,0.012896966
6/29/2023 13:15,0.01207039
6/29/2023 13:30,0.014215569
6/29/2023 13:45,0.01207039
6/29/2023 14:00,0.014675643
6/29/2023 14:15,0.012063511
6/29/2023 14:30,0.009180005
6/29/2023 14:45,0.01331557
6/29/2023 15:00,0.01331557
6/29/2023 15:15,0.01331557
6/29/2023 15:30,0.015631151
6/29/2023 15:45,0.015631151
6/29/2023 16:00,0.012889717
6/29/2023 16:15,0.012889717
6/29/2023 16:30,0.012889717
6/29/2023 16:45,0.013323009
6/29/2023 17:00,0.015631151
6/29/2023 17:15,0.012896966
6/29/2023 17:30,0.009846436
6/29/2023 17:45,0.015639596
6/29/2023 18:00,0.012896966
6/29/2023 18:15,0.01514743
6/29/2023 18:30,0.014215569
6/29/2023 18:45,0.012896966
6/29/2023 19:00,0.014207738
6/29/2023 19:15,0.01207039
6/29/2023 19:30,0.012889717
6/29/2023 19:45,0.01207039
6/29/2023 20:00,0.012889717
6/29/2023 20:15,0.012889717
6/29/2023 20:30,0.014207738
6/29/2023 20:45,0.014207738
6/29/2023 21:00,0.012063511
6/29/2023 21:15,0.01331557
6/29/2023 21:30,0.017164305
6/29/2023 21:45,0.014207738
6/29/2023 22:00,0.014207738
6/29/2023 22:15,0.014207738
6/29/2023 22:30,0.014207738
6/29/2023 22:45,0.012063511
6/29/2023 23:00,0.014207738
6/29/2023 23:15,0.014207738
6/29/2023 23:30,0.012889717
6/29/2023 23:45,0.014207738
6/30/2023 0:00,0.016135681
6/30/2023 0:15,0.014675643
6/30/2023 0:30,0.014675643
6/30/2023 0:45,0.013323009
6/30/2023 1:00,0.014207738
6/30/2023 1:15,0.015631151
6/30/2023 1:30,0.014207738
6/30/2023 1:45,0.01331557
6/30/2023 2:00,0.014207738
6/30/2023 2:15,0.01207039
6/30/2023 2:30,0.013323009
6/30/2023 2:45,0.013323009
6/30/2023 3:00,0.012063511
6/30/2023 3:15,0.012063511
6/30/2023 3:30,0.017164305
6/30/2023 3:45,0.015631151
6/30/2023 4:00,0.009840582
6/30/2023 4:15,0.017164305
6/30/2023 4:30,0.014667611
6/30/2023 4:45,0.015631151
6/30/2023 5:00,0.012063511
6/30/2023 5:15,0.01331557
6/30/2023 5:30,0.014207738
6/30/2023 5:45,0.014207738
6/30/2023 6:00,0.017164305
6/30/2023 6:15,0.017164305
6/30/2023 6:30,0.017164305
6/30/2023 6:45,0.017173401
6/30/2023 7:00,0.016135681
6/30/2023 7:15,0.014675643
6/30/2023 7:30,0.015639596
6/30/2023 7:45,0.013323009
6/30/2023 8:00,0.014675643
6/30/2023 8:15,0.014675643
6/30/2023 8:30,0.014675643
6/30/2023 8:45,0.013323009
6/30/2023 9:00,0.014675643
6/30/2023 9:15,0.01207039
6/30/2023 9:30,0.015639596
6/30/2023 9:45,0.014215569
6/30/2023 10:00,0.014215569
6/30/2023 10:15,0.014675643
6/30/2023 10:30,0.014675643
6/30/2023 10:45,0.013323009
6/30/2023 11:00,0.013323009
6/30/2023 11:15,0.01207039
6/30/2023 11:30,0.013323009
6/30/2023 11:45,0.015639596
6/30/2023 12:00,0.013323009
6/30/2023 12:15,0.010913587
6/30/2023 12:30,0.010913587
6/30/2023 12:45,0.010913587
6/30/2023 13:00,0.01207039
6/30/2023 13:15,0.010913587
6/30/2023 13:30,0.010190111
6/30/2023 13:45,0.014207738
6/30/2023 14:00,0.012889717
6/30/2023 14:15,0.012063511
6/30/2023 14:30,0.009840582
6/30/2023 14:45,0.010907236
6/30/2023 15:00,0.009840582
6/30/2023 15:15,0.012063511
6/30/2023 15:30,0.00885779
6/30/2023 15:45,0.011670477
6/30/2023 16:00,0.010190111
6/30/2023 16:15,0.011670477
6/30/2023 16:30,0.012889717
6/30/2023 16:45,0.01207039
6/30/2023 17:00,0.009846436
6/30/2023 17:15,0.010913587
6/30/2023 17:30,0.009846436
6/30/2023 17:45,0.009180005
6/30/2023 18:00,0.013323009
6/30/2023 18:15,0.013323009
6/30/2023 18:30,0.01207039
6/30/2023 18:45,0.014207738
6/30/2023 19:00,0.012889717
6/30/2023 19:15,0.009846436
6/30/2023 19:30,0.010907236
6/30/2023 19:45,0.01331557
6/30/2023 20:00,0.010907236
6/30/2023 20:15,0.01331557
6/30/2023 20:30,0.012063511
6/30/2023 20:45,0.009840582
6/30/2023 21:00,0.013323009
6/30/2023 21:15,0.010913587
6/30/2023 21:30,0.008250948
6/30/2023 21:45,0.014215569
6/30/2023 22:00,0.012474725
6/30/2023 22:15,0.013323009
6/30/2023 22:30,0.014675643
6/30/2023 22:45,0.01207039
6/30/2023 23:00,0.014675643
6/30/2023 23:15,0.014667611
6/30/2023 23:30,0.012474725
6/30/2023 23:45,0.012474725
7/1/2023 0:00,0.014667611
7/1/2023 0:15,0.011287006
7/1/2023 0:30,0.013760124
7/1/2023 0:45,0.014675643
7/1/2023 1:00,0.013323009
7/1/2023 1:15,0.014675643
7/1/2023 1:30,0.014675643
7/1/2023 1:45,0.014675643
7/1/2023 2:00,0.01207039
7/1/2023 2:15,0.014215569
7/1/2023 2:30,0.01207039
7/1/2023 2:45,0.017173401
7/1/2023 3:00,0.013323009
7/1/2023 3:15,0.015639596
7/1/2023 3:30,0.014675643
7/1/2023 3:45,0.014675643
7/1/2023 4:00,0.014675643
7/1/2023 4:15,0.016135681
7/1/2023 4:30,0.014675643
7/1/2023 4:45,0.014675643
7/1/2023 5:00,0.015631151
7/1/2023 5:15,0.013760124
7/1/2023 5:30,0.013760124
7/1/2023 5:45,0.014667611
7/1/2023 6:00,0.014667611
7/1/2023 6:15,0.014667611
7/1/2023 6:30,0.014667611
7/1/2023 6:45,0.016127024
7/1/2023 7:00,0.016127024
7/1/2023 7:15,0.01514743
7/1/2023 7:30,0.01514743
7/1/2023 7:45,0.012474725
7/1/2023 8:00,0.012474725
7/1/2023 8:15,0.012474725
7/1/2023 8:30,0.011287006
7/1/2023 8:45,0.011670477
7/1/2023 9:00,0.013760124
7/1/2023 9:15,0.013760124
7/1/2023 9:30,0.012474725
7/1/2023 9:45,0.013760124
7/1/2023 10:00,0.010543843
7/1/2023 10:15,0.011287006
7/1/2023 10:30,0.014675643
7/1/2023 10:45,0.013760124
7/1/2023 11:00,0.011670477
7/1/2023 11:15,0.013323009
7/1/2023 11:30,0.013323009
7/1/2023 11:45,0.011670477
7/1/2023 12:00,0.012474725
7/1/2023 12:15,0.013760124
7/1/2023 12:30,0.012474725
7/1/2023 12:45,0.012889717
7/1/2023 13:00,0.009505746
7/1/2023 13:15,0.010190111
7/1/2023 13:30,0.00854984
7/1/2023 13:45,0.01514743
7/1/2023 14:00,0.011287006
7/1/2023 14:15,0.009505746
7/1/2023 14:30,0.011287006
7/1/2023 14:45,0.014675643
7/1/2023 15:00,0.012474725
7/1/2023 15:15,0.011670477
7/1/2023 15:30,0.010543843
7/1/2023 15:45,0.016135681
7/1/2023 16:00,0.010190111
7/1/2023 16:15,0.009511441
7/1/2023 16:30,0.012474725
7/1/2023 16:45,0.009180005
7/1/2023 17:00,0.01331557
7/1/2023 17:15,0.014667611
7/1/2023 17:30,0.014667611
7/1/2023 17:45,0.009180005
7/1/2023 18:00,0.009180005
7/1/2023 18:15,0.013760124
7/1/2023 18:30,0.014667611
7/1/2023 18:45,0.010190111
7/1/2023 19:00,0.011287006
7/1/2023 19:15,0.010190111
7/1/2023 19:30,0.011287006
7/1/2023 19:45,0.010190111
7/1/2023 20:00,0.012063511
7/1/2023 20:15,0.008555076
7/1/2023 20:30,0.010190111
7/1/2023 20:45,0.010190111
7/1/2023 21:00,0.013323009
7/1/2023 21:15,0.011287006
7/1/2023 21:30,0.009505746
7/1/2023 21:45,0.013760124
7/1/2023 22:00,0.012474725
7/1/2023 22:15,0.010190111
7/1/2023 22:30,0.011677178
7/1/2023 22:45,0.010550026
7/1/2023 23:00,0.012896966
7/1/2023 23:15,0.011677178
7/1/2023 23:30,0.011677178
7/1/2023 23:45,0.013760124
7/2/2023 0:00,0.012896966
7/2/2023 0:15,0.011677178
7/2/2023 0:30,0.011677178
7/2/2023 0:45,0.011677178
7/2/2023 1:00,0.013760124
7/2/2023 1:15,0.01514743
7/2/2023 1:30,0.016127024
7/2/2023 1:45,0.013760124
7/2/2023 2:00,0.013760124
7/2/2023 2:15,0.01514743
7/2/2023 2:30,0.014215569
7/2/2023 2:45,0.013760124
7/2/2023 3:00,0.013760124
7/2/2023 3:15,0.01514743
7/2/2023 3:30,0.013760124
7/2/2023 3:45,0.013760124
7/2/2023 4:00,0.016643258
7/2/2023 4:15,0.017707505
7/2/2023 4:30,0.017707505
7/2/2023 4:45,0.017707505
7/2/2023 5:00,0.01514743
7/2/2023 5:15,0.01514743
7/2/2023 5:30,0.016135681
7/2/2023 5:45,0.016135681
7/2/2023 6:00,0.014675643
7/2/2023 6:15,0.013760124
7/2/2023 6:30,0.012474725
7/2/2023 6:45,0.01514743
7/2/2023 7:00,0.016643258
7/2/2023 7:15,0.013760124
7/2/2023 7:30,0.01514743
7/2/2023 7:45,0.01514743
7/2/2023 8:00,0.013760124
7/2/2023 8:15,0.016127024
7/2/2023 8:30,0.013760124
7/2/2023 8:45,0.017698186
7/2/2023 9:00,0.011677178
7/2/2023 9:15,0.014215569
7/2/2023 9:30,0.022097677
7/2/2023 9:45,0.010543843
7/2/2023 10:00,0.016643258
7/2/2023 10:15,0.013760124
7/2/2023 10:30,0.012474725
7/2/2023 10:45,0.013760124
7/2/2023 11:00,0.013760124
7/2/2023 11:15,0.012474725
7/2/2023 11:30,0.012474725
7/2/2023 11:45,0.013760124
7/2/2023 12:00,0.014675643
7/2/2023 12:15,0.01514743
7/2/2023 12:30,0.014675643
7/2/2023 12:45,0.013323009
7/2/2023 13:00,0.011287006
7/2/2023 13:15,0.009180005
7/2/2023 13:30,0.014675643
7/2/2023 13:45,0.011287006
7/2/2023 14:00,0.010190111
7/2/2023 14:15,0.010190111
7/2/2023 14:30,0.010913587
7/2/2023 14:45,0.009180005
7/2/2023 15:00,0.013323009
7/2/2023 15:15,0.011287006
7/2/2023 15:30,0.010913587
7/2/2023 15:45,0.009180005
7/2/2023 16:00,0.010907236
7/2/2023 16:15,0.010907236
7/2/2023 16:30,0.009840582
7/2/2023 16:45,0.00885779
7/2/2023 17:00,0.010190111
7/2/2023 17:15,0.010190111
7/2/2023 17:30,0.009840582
7/2/2023 17:45,0.009180005
7/2/2023 18:00,0.010190111
7/2/2023 18:15,0.010190111
7/2/2023 18:30,0.010913587
7/2/2023 18:45,0.013323009
7/2/2023 19:00,0.01207039
7/2/2023 19:15,0.01207039
7/2/2023 19:30,0.01207039
7/2/2023 19:45,0.013323009
7/2/2023 20:00,0.007397582
7/2/2023 20:15,0.010190111
7/2/2023 20:30,0.010190111
7/2/2023 20:45,0.009180005
7/2/2023 21:00,0.010550026
7/2/2023 21:15,0.013760124
7/2/2023 21:30,0.011287006
7/2/2023 21:45,0.012474725
7/2/2023 22:00,0.011287006
7/2/2023 22:15,0.00885779
7/2/2023 22:30,0.012889717
7/2/2023 22:45,0.011670477
7/2/2023 23:00,0.00854984
7/2/2023 23:15,0.010543843
7/2/2023 23:30,0.012896966
7/2/2023 23:45,0.012474725
7/3/2023 0:00,0.012896966
7/3/2023 0:15,0.011287006
7/3/2023 0:30,0.01514743
7/3/2023 0:45,0.013760124
7/3/2023 1:00,0.011287006
7/3/2023 1:15,0.01514743
7/3/2023 1:30,0.012889717
7/3/2023 1:45,0.013760124
7/3/2023 2:00,0.013760124
7/3/2023 2:15,0.010543843
7/3/2023 2:30,0.013760124
7/3/2023 2:45,0.016135681
7/3/2023 3:00,0.017707505
7/3/2023 3:15,0.012474725
7/3/2023 3:30,0.013760124
7/3/2023 3:45,0.016135681
7/3/2023 4:00,0.014675643
7/3/2023 4:15,0.014675643
7/3/2023 4:30,0.01514743
7/3/2023 4:45,0.025262394
7/3/2023 5:00,0.013760124
7/3/2023 5:15,0.014675643
7/3/2023 5:30,0.013760124
7/3/2023 5:45,0.014675643
7/3/2023 6:00,0.016135681
7/3/2023 6:15,0.014675643
7/3/2023 6:30,0.016135681
7/3/2023 6:45,0.012474725
7/3/2023 7:00,0.016135681
7/3/2023 7:15,0.022124763
7/3/2023 7:30,0.013760124
7/3/2023 7:45,0.017707505
7/3/2023 8:00,0.013760124
7/3/2023 8:15,0.012889717
7/3/2023 8:30,0.013760124
7/3/2023 8:45,0.013760124
7/3/2023 9:00,0.013760124
7/3/2023 9:15,0.01514743
7/3/2023 9:30,0.01514743
7/3/2023 9:45,0.011287006
7/3/2023 10:00,0.016643258
7/3/2023 10:15,0.013760124
7/3/2023 10:30,0.012474725
7/3/2023 10:45,0.01514743
7/3/2023 11:00,0.013760124
7/3/2023 11:15,0.014675643
7/3/2023 11:30,0.017707505
7/3/2023 11:45,0.012474725
7/3/2023 12:00,0.014675643
7/3/2023 12:15,0.014675643
7/3/2023 12:30,0.009505746
7/3/2023 12:45,0.012474725
7/3/2023 13:00,0.010190111
7/3/2023 13:15,0.012474725
7/3/2023 13:30,0.014675643
7/3/2023 13:45,0.009180005
7/3/2023 14:00,0.01331557
7/3/2023 14:15,0.012063511
7/3/2023 14:30,0.010907236
7/3/2023 14:45,0.012063511
7/3/2023 15:00,0.011287006
7/3/2023 15:15,0.011287006
7/3/2023 15:30,0.010190111
7/3/2023 15:45,0.009846436
7/3/2023 16:00,0.009846436
7/3/2023 16:15,0.009846436
7/3/2023 16:30,0.01207039
7/3/2023 16:45,0.010190111
7/3/2023 17:00,0.010190111
7/3/2023 17:15,0.010190111
7/3/2023 17:30,0.008250948
7/3/2023 17:45,0.010913587
7/3/2023 18:00,0.010190111
7/3/2023 18:15,0.009180005
7/3/2023 18:30,0.01207039
7/3/2023 18:45,0.014675643
7/3/2023 19:00,0.009180005
7/3/2023 19:15,0.010913587
7/3/2023 19:30,0.010190111
7/3/2023 19:45,0.011287006
7/3/2023 20:00,0.011287006
7/3/2023 20:15,0.009180005
7/3/2023 20:30,0.008250948
7/3/2023 20:45,0.013323009
7/3/2023 21:00,0.011287006
7/3/2023 21:15,0.011287006
7/3/2023 21:30,0.012474725
7/3/2023 21:45,0.011287006
7/3/2023 22:00,0.012474725
7/3/2023 22:15,0.011287006
7/3/2023 22:30,0.014675643
7/3/2023 22:45,0.010543843
7/3/2023 23:00,0.011287006
7/3/2023 23:15,0.011670477
7/3/2023 23:30,0.010543843
7/3/2023 23:45,0.011287006
7/4/2023 0:00,0.011670477
7/4/2023 0:15,0.014675643
7/4/2023 0:30,0.013323009
7/4/2023 0:45,0.013760124
7/4/2023 1:00,0.010190111
7/4/2023 1:15,0.011287006
7/4/2023 1:30,0.013760124
7/4/2023 1:45,0.011287006
7/4/2023 2:00,0.013760124
7/4/2023 2:15,0.012474725
7/4/2023 2:30,0.012063511
7/4/2023 2:45,0.012063511
7/4/2023 3:00,0.012474725
7/4/2023 3:15,0.011287006
7/4/2023 3:30,0.01331557
7/4/2023 3:45,0.014667611
7/4/2023 4:00,0.012063511
7/4/2023 4:15,0.011287006
7/4/2023 4:30,0.012063511
7/4/2023 4:45,0.012063511
7/4/2023 5:00,0.01331557
7/4/2023 5:15,0.01514743
7/4/2023 5:30,0.011287006
7/4/2023 5:45,0.013760124
7/4/2023 6:00,0.011287006
7/4/2023 6:15,0.010190111
7/4/2023 6:30,0.011287006
7/4/2023 6:45,0.012474725
7/4/2023 7:00,0.011670477
7/4/2023 7:15,0.010543843
7/4/2023 7:30,0.013760124
7/4/2023 7:45,0.011670477
7/4/2023 8:00,0.011670477
7/4/2023 8:15,0.011287006
7/4/2023 8:30,0.01514743
7/4/2023 8:45,0.012474725
7/4/2023 9:00,0.012474725
7/4/2023 9:15,0.009505746
7/4/2023 9:30,0.010543843
7/4/2023 9:45,0.012474725
7/4/2023 10:00,0.010190111
7/4/2023 10:15,0.009505746
7/4/2023 10:30,0.012474725
7/4/2023 10:45,0.010190111
7/4/2023 11:00,0.007672259
7/4/2023 11:15,0.011287006
7/4/2023 11:30,0.010190111
7/4/2023 11:45,0.010190111
7/4/2023 12:00,0.011287006
7/4/2023 12:15,0.009180005
7/4/2023 12:30,0.009180005
7/4/2023 12:45,0.011287006
7/4/2023 13:00,0.011287006
7/4/2023 13:15,0.010907236
7/4/2023 13:30,0.010190111
7/4/2023 13:45,0.010190111
7/4/2023 14:00,0.007672259
7/4/2023 14:15,0.008250948
7/4/2023 14:30,0.010190111
7/4/2023 14:45,0.00854984
7/4/2023 15:00,0.010913587
7/4/2023 15:15,0.009180005
7/4/2023 15:30,0.010190111
7/4/2023 15:45,0.009180005
7/4/2023 16:00,0.010190111
7/4/2023 16:15,0.011287006
7/4/2023 16:30,0.011287006
7/4/2023 16:45,0.010190111
7/4/2023 17:00,0.011287006
7/4/2023 17:15,0.00854984
7/4/2023 17:30,0.010190111
7/4/2023 17:45,0.010190111
7/4/2023 18:00,0.013323009
7/4/2023 18:15,0.01207039
7/4/2023 18:30,0.007397582
7/4/2023 18:45,0.010190111
7/4/2023 19:00,0.01207039
7/4/2023 19:15,0.00854984
7/4/2023 19:30,0.010913587
7/4/2023 19:45,0.009180005
7/4/2023 20:00,0.013323009
7/4/2023 20:15,0.010190111
7/4/2023 20:30,0.009180005
7/4/2023 20:45,0.011287006
7/4/2023 21:00,0.009180005
7/4/2023 21:15,0.011287006
7/4/2023 21:30,0.009511441
7/4/2023 21:45,0.010190111
7/4/2023 22:00,0.010190111
7/4/2023 22:15,0.011287006
7/4/2023 22:30,0.013323009
7/4/2023 22:45,0.013323009
7/4/2023 23:00,0.009180005
7/4/2023 23:15,0.010543843
7/4/2023 23:30,0.011287006
7/4/2023 23:45,0.012474725
7/5/2023 0:00,0.007677064
7/5/2023 0:15,0.012474725
7/5/2023 0:30,0.012474725
7/5/2023 0:45,0.011287006
7/5/2023 1:00,0.012474725
7/5/2023 1:15,0.010550026
7/5/2023 1:30,0.008555076
7/5/2023 1:45,0.010550026
7/5/2023 2:00,0.010190111
7/5/2023 2:15,0.011287006
7/5/2023 2:30,0.009511441
7/5/2023 2:45,0.012474725
7/5/2023 3:00,0.014667611
7/5/2023 3:15,0.012063511
7/5/2023 3:30,0.012063511
7/5/2023 3:45,0.01331557
7/5/2023 4:00,0.010550026
7/5/2023 4:15,0.011287006
7/5/2023 4:30,0.010550026
7/5/2023 4:45,0.010190111
7/5/2023 5:00,0.011287006
7/5/2023 5:15,0.012063511
7/5/2023 5:30,0.010190111
7/5/2023 5:45,0.011287006
7/5/2023 6:00,0.009511441
7/5/2023 6:15,0.011287006
7/5/2023 6:30,0.010190111
7/5/2023 6:45,0.009180005
7/5/2023 7:00,0.009180005
7/5/2023 7:15,0.010543843
7/5/2023 7:30,0.011287006
7/5/2023 7:45,0.009505746
7/5/2023 8:00,0.011287006
7/5/2023 8:15,0.010190111
7/5/2023 8:30,0.010543843
7/5/2023 8:45,0.011670477
7/5/2023 9:00,0.010543843
7/5/2023 9:15,0.010543843
7/5/2023 9:30,0.009505746
7/5/2023 9:45,0.011287006
7/5/2023 10:00,0.012474725
7/5/2023 10:15,0.009505746
7/5/2023 10:30,0.009505746
7/5/2023 10:45,0.010190111
7/5/2023 11:00,0.012896966
7/5/2023 11:15,0.011287006
7/5/2023 11:30,0.011677178
7/5/2023 11:45,0.007959906
7/5/2023 12:00,0.011677178
7/5/2023 12:15,0.007959906
7/5/2023 12:30,0.009511441
7/5/2023 12:45,0.008863175
7/5/2023 13:00,0.012474725
7/5/2023 13:15,0.007130762
7/5/2023 13:30,0.006867671
7/5/2023 13:45,0.00712623
7/5/2023 14:00,0.010190111
7/5/2023 14:15,0.012474725
7/5/2023 14:30,0.009180005
7/5/2023 14:45,0.010543843
7/5/2023 15:00,0.011287006
7/5/2023 15:15,0.00854984
7/5/2023 15:30,0.007672259
7/5/2023 15:45,0.010190111
7/5/2023 16:00,0.007677064
7/5/2023 16:15,0.010190111
7/5/2023 16:30,0.008250948
7/5/2023 16:45,0.008250948
7/5/2023 17:00,0.009180005
7/5/2023 17:15,0.010190111
7/5/2023 17:30,0.009180005
7/5/2023 17:45,0.006867671
7/5/2023 18:00,0.009505746
7/5/2023 18:15,0.007397582
7/5/2023 18:30,0.010190111
7/5/2023 18:45,0.00854984
7/5/2023 19:00,0.008250948
7/5/2023 19:15,0.009180005
7/5/2023 19:30,0.009505746
7/5/2023 19:45,0.007130762
7/5/2023 20:00,0.00854984
7/5/2023 20:15,0.011287006
7/5/2023 20:30,0.011287006
7/5/2023 20:45,0.007677064
7/5/2023 21:00,0.009180005
7/5/2023 21:15,0.011287006
7/5/2023 21:30,0.007959906
7/5/2023 21:45,0.009505746
7/5/2023 22:00,0.00854984
7/5/2023 22:15,0.009505746
7/5/2023 22:30,0.00854984
7/5/2023 22:45,0.007672259
7/5/2023 23:00,0.009505746
7/5/2023 23:15,0.010190111
7/5/2023 23:30,0.009505746
7/5/2023 23:45,0.00854984
7/6/2023 0:00,0.011287006
7/6/2023 0:15,0.011670477
7/6/2023 0:30,0.010543843
7/6/2023 0:45,0.011670477
7/6/2023 1:00,0.012474725
7/6/2023 1:15,0.007672259
7/6/2023 1:30,0.012474725
7/6/2023 1:45,0.010543843
7/6/2023 2:00,0.010543843
7/6/2023 2:15,0.009505746
7/6/2023 2:30,0.011287006
7/6/2023 2:45,0.010190111
7/6/2023 3:00,0.012474725
7/6/2023 3:15,0.010190111
7/6/2023 3:30,0.012474725
7/6/2023 3:45,0.012474725
7/6/2023 4:00,0.012063511
7/6/2023 4:15,0.011287006
7/6/2023 4:30,0.012474725
7/6/2023 4:45,0.010190111
7/6/2023 5:00,0.011287006
7/6/2023 5:15,0.011670477
7/6/2023 5:30,0.013760124
7/6/2023 5:45,0.010543843
7/6/2023 6:00,0.010190111
7/6/2023 6:15,0.011287006
7/6/2023 6:30,0.014675643
7/6/2023 6:45,0.013323009
7/6/2023 7:00,0.012474725
7/6/2023 7:15,0.012474725
7/6/2023 7:30,0.012474725
7/6/2023 7:45,0.010543843
7/6/2023 8:00,0.01514743
7/6/2023 8:15,0.010543843
7/6/2023 8:30,0.012474725
7/6/2023 8:45,0.011287006
7/6/2023 9:00,0.011287006
7/6/2023 9:15,0.014667611
7/6/2023 9:30,0.010543843
7/6/2023 9:45,0.010543843
7/6/2023 10:00,0.012889717
7/6/2023 10:15,0.012889717
7/6/2023 10:30,0.011670477
7/6/2023 10:45,0.012474725
7/6/2023 11:00,0.010543843
7/6/2023 11:15,0.009505746
7/6/2023 11:30,0.00854984
7/6/2023 11:45,0.007672259
7/6/2023 12:00,0.011287006
7/6/2023 12:15,0.011287006
7/6/2023 12:30,0.00854984
7/6/2023 12:45,0.010190111
7/6/2023 13:00,0.010190111
7/6/2023 13:15,0.012474725
7/6/2023 13:30,0.006135126
7/6/2023 13:45,0.009511441
7/6/2023 14:00,0.014667611
7/6/2023 14:15,0.010190111
7/6/2023 14:30,0.008250948
7/6/2023 14:45,0.008250948
7/6/2023 15:00,0.008250948
7/6/2023 15:15,0.009180005
7/6/2023 15:30,0.010913587
7/6/2023 15:45,0.010190111
7/6/2023 16:00,0.010190111
7/6/2023 16:15,0.011287006
7/6/2023 16:30,0.008250948
7/6/2023 16:45,0.008250948
7/6/2023 17:00,0.009180005
7/6/2023 17:15,0.010190111
7/6/2023 17:30,0.013323009
7/6/2023 17:45,0.010190111
7/6/2023 18:00,0.009840582
7/6/2023 18:15,0.00885779
7/6/2023 18:30,0.008250948
7/6/2023 18:45,0.009840582
7/6/2023 19:00,0.009180005
7/6/2023 19:15,0.010907236
7/6/2023 19:30,0.009180005
7/6/2023 19:45,0.009180005
7/6/2023 20:00,0.008250948
7/6/2023 20:15,0.008250948
7/6/2023 20:30,0.010907236
7/6/2023 20:45,0.008250948
7/6/2023 21:00,0.010907236
7/6/2023 21:15,0.008250948
7/6/2023 21:30,0.011287006
7/6/2023 21:45,0.010190111
7/6/2023 22:00,0.010190111
7/6/2023 22:15,0.007397582
7/6/2023 22:30,0.009180005
7/6/2023 22:45,0.010190111
7/6/2023 23:00,0.009180005
7/6/2023 23:15,0.010190111
7/6/2023 23:30,0.009180005
7/6/2023 23:45,0.011287006
7/7/2023 0:00,0.008250948
7/7/2023 0:15,0.010190111
7/7/2023 0:30,0.007677064
7/7/2023 0:45,0.011287006
7/7/2023 1:00,0.010907236
7/7/2023 1:15,0.009180005
7/7/2023 1:30,0.009180005
7/7/2023 1:45,0.00885779
7/7/2023 2:00,0.010907236
7/7/2023 2:15,0.009840582
7/7/2023 2:30,0.006616182
7/7/2023 2:45,0.012063511
7/7/2023 3:00,0.012063511
7/7/2023 3:15,0.009840582
7/7/2023 3:30,0.010907236
7/7/2023 3:45,0.010907236
7/7/2023 4:00,0.010907236
7/7/2023 4:15,0.009180005
7/7/2023 4:30,0.012063511
7/7/2023 4:45,0.008863175
7/7/2023 5:00,0.009846436
7/7/2023 5:15,0.009846436
7/7/2023 5:30,0.009180005
7/7/2023 5:45,0.010190111
7/7/2023 6:00,0.008250948
7/7/2023 6:15,0.010190111
7/7/2023 6:30,0.009840582
7/7/2023 6:45,0.00885779
7/7/2023 7:00,0.010907236
7/7/2023 7:15,0.00885779
7/7/2023 7:30,0.011287006
7/7/2023 7:45,0.01207039
7/7/2023 8:00,0.010913587
7/7/2023 8:15,0.010190111
7/7/2023 8:30,0.010913587
7/7/2023 8:45,0.009180005
7/7/2023 9:00,0.010913587
7/7/2023 9:15,0.007397582
7/7/2023 9:30,0.009180005
7/7/2023 9:45,0.010190111
7/7/2023 10:00,0.010190111
7/7/2023 10:15,0.013323009
7/7/2023 10:30,0.009180005
7/7/2023 10:45,0.009180005
7/7/2023 11:00,0.010913587
7/7/2023 11:15,0.006131104
7/7/2023 11:30,0.010913587
7/7/2023 11:45,0.008863175
7/7/2023 12:00,0.009180005
7/7/2023 12:15,0.010913587
7/7/2023 12:30,0.01207039
7/7/2023 12:45,0.009180005
7/7/2023 13:00,0.009180005
7/7/2023 13:15,0.012063511
7/7/2023 13:30,0.007397582
7/7/2023 13:45,0.007130762
7/7/2023 14:00,0.007397582
7/7/2023 14:15,0.006616182
7/7/2023 14:30,0.006616182
7/7/2023 14:45,0.009180005
7/7/2023 15:00,0.009180005
7/7/2023 15:15,0.007397582
7/7/2023 15:30,0.009846436
7/7/2023 15:45,0.007397582
7/7/2023 16:00,0.011287006
7/7/2023 16:15,0.009180005
7/7/2023 16:30,0.010913587
7/7/2023 16:45,0.009846436
7/7/2023 17:00,0.009505746
7/7/2023 17:15,0.010543843
7/7/2023 17:30,0.010543843
7/7/2023 17:45,0.009505746
7/7/2023 18:00,0.010913587
7/7/2023 18:15,0.010913587
7/7/2023 18:30,0.008863175
7/7/2023 18:45,0.013760124
7/7/2023 19:00,0.009846436
7/7/2023 19:15,0.013760124
7/7/2023 19:30,0.012889717
7/7/2023 19:45,0.012889717
7/7/2023 20:00,0.009505746
7/7/2023 20:15,0.008250948
7/7/2023 20:30,0.010913587
7/7/2023 20:45,0.011677178
7/7/2023 21:00,0.011677178
7/7/2023 21:15,0.013323009
7/7/2023 21:30,0.009846436
7/7/2023 21:45,0.009846436
7/7/2023 22:00,0.010913587
7/7/2023 22:15,0.009846436
7/7/2023 22:30,0.010913587
7/7/2023 22:45,0.010913587
7/7/2023 23:00,0.010913587
7/7/2023 23:15,0.011670477
7/7/2023 23:30,0.011670477
7/7/2023 23:45,0.011670477
7/8/2023 0:00,0.010913587
7/8/2023 0:15,0.010190111
7/8/2023 0:30,0.011670477
7/8/2023 0:45,0.009846436
7/8/2023 1:00,0.011670477
7/8/2023 1:15,0.010913587
7/8/2023 1:30,0.010913587
7/8/2023 1:45,0.012889717
7/8/2023 2:00,0.010913587
7/8/2023 2:15,0.012063511
7/8/2023 2:30,0.012889717
7/8/2023 2:45,0.009180005
7/8/2023 3:00,0.010913587
7/8/2023 3:15,0.009846436
7/8/2023 3:30,0.01207039
7/8/2023 3:45,0.012889717
7/8/2023 4:00,0.008863175
7/8/2023 4:15,0.010907236
7/8/2023 4:30,0.012063511
7/8/2023 4:45,0.012063511
7/8/2023 5:00,0.010907236
7/8/2023 5:15,0.01331557
7/8/2023 5:30,0.01331557
7/8/2023 5:45,0.012063511
7/8/2023 6:00,0.011287006
7/8/2023 6:15,0.014207738
7/8/2023 6:30,0.014207738
7/8/2023 6:45,0.014207738
7/8/2023 7:00,0.012063511
7/8/2023 7:15,0.013323009
7/8/2023 7:30,0.01207039
7/8/2023 7:45,0.010913587
7/8/2023 8:00,0.01207039
7/8/2023 8:15,0.014215569
7/8/2023 8:30,0.013323009
7/8/2023 8:45,0.01207039
7/8/2023 9:00,0.01207039
7/8/2023 9:15,0.01207039
7/8/2023 9:30,0.012474725
7/8/2023 9:45,0.013760124
7/8/2023 10:00,0.011287006
7/8/2023 10:15,0.011287006
7/8/2023 10:30,0.010550026
7/8/2023 10:45,0.011287006
7/8/2023 11:00,0.01331557
7/8/2023 11:15,0.010190111
7/8/2023 11:30,0.009846436
7/8/2023 11:45,0.010190111
7/8/2023 12:00,0.014675643
7/8/2023 12:15,0.009846436
7/8/2023 12:30,0.009180005
7/8/2023 12:45,0.010913587
7/8/2023 13:00,0.01207039
7/8/2023 13:15,0.009180005
7/8/2023 13:30,0.010190111
7/8/2023 13:45,0.009846436
7/8/2023 14:00,0.010190111
7/8/2023 14:15,0.014675643
7/8/2023 14:30,0.013323009
7/8/2023 14:45,0.010913587
7/8/2023 15:00,0.010190111
7/8/2023 15:15,0.010907236
7/8/2023 15:30,0.010907236
7/8/2023 15:45,0.009180005
7/8/2023 16:00,0.006867671
7/8/2023 16:15,0.013323009
7/8/2023 16:30,0.009846436
7/8/2023 16:45,0.012896966
7/8/2023 17:00,0.012896966
7/8/2023 17:15,0.009180005
7/8/2023 17:30,0.012896966
7/8/2023 17:45,0.011670477
7/8/2023 18:00,0.010543843
7/8/2023 18:15,0.009840582
7/8/2023 18:30,0.010543843
7/8/2023 18:45,0.011670477
7/8/2023 19:00,0.00885779
7/8/2023 19:15,0.011670477
7/8/2023 19:30,0.009505746
7/8/2023 19:45,0.008863175
7/8/2023 20:00,0.010913587
7/8/2023 20:15,0.009846436
7/8/2023 20:30,0.010913587
7/8/2023 20:45,0.010913587
7/8/2023 21:00,0.008863175
7/8/2023 21:15,0.010913587
7/8/2023 21:30,0.009846436
7/8/2023 21:45,0.012063511
7/8/2023 22:00,0.009180005
7/8/2023 22:15,0.01331557
7/8/2023 22:30,0.012063511
7/8/2023 22:45,0.009840582
7/8/2023 23:00,0.012063511
7/8/2023 23:15,0.009840582
7/8/2023 23:30,0.011287006
7/8/2023 23:45,0.013323009
7/9/2023 0:00,0.010913587
7/9/2023 0:15,0.011287006
7/9/2023 0:30,0.013323009
7/9/2023 0:45,0.010190111
7/9/2023 1:00,0.01207039
7/9/2023 1:15,0.011287006
7/9/2023 1:30,0.013323009
7/9/2023 1:45,0.009840582
7/9/2023 2:00,0.010190111
7/9/2023 2:15,0.01207039
7/9/2023 2:30,0.013323009
7/9/2023 2:45,0.009180005
7/9/2023 3:00,0.014675643
7/9/2023 3:15,0.01207039
7/9/2023 3:30,0.01207039
7/9/2023 3:45,0.013323009
7/9/2023 4:00,0.01207039
7/9/2023 4:15,0.01207039
7/9/2023 4:30,0.01207039
7/9/2023 4:45,0.011287006
7/9/2023 5:00,0.013323009
7/9/2023 5:15,0.01207039
7/9/2023 5:30,0.009180005
7/9/2023 5:45,0.013323009
7/9/2023 6:00,0.014675643
7/9/2023 6:15,0.014675643
7/9/2023 6:30,0.010913587
7/9/2023 6:45,0.010913587
7/9/2023 7:00,0.013760124
7/9/2023 7:15,0.012474725
7/9/2023 7:30,0.012063511
7/9/2023 7:45,0.013760124
7/9/2023 8:00,0.011287006
7/9/2023 8:15,0.010190111
7/9/2023 8:30,0.013760124
7/9/2023 8:45,0.013760124
7/9/2023 9:00,0.011287006
7/9/2023 9:15,0.012474725
7/9/2023 9:30,0.011287006
7/9/2023 9:45,0.009505746
7/9/2023 10:00,0.012474725
7/9/2023 10:15,0.012474725
7/9/2023 10:30,0.012474725
7/9/2023 10:45,0.011287006
7/9/2023 11:00,0.008250948
7/9/2023 11:15,0.01207039
7/9/2023 11:30,0.011287006
7/9/2023 11:45,0.011287006
7/9/2023 12:00,0.009180005
7/9/2023 12:15,0.01207039
7/9/2023 12:30,0.00854984
7/9/2023 12:45,0.007672259
7/9/2023 13:00,0.011287006
7/9/2023 13:15,0.006872073
7/9/2023 13:30,0.007677064
7/9/2023 13:45,0.010190111
7/9/2023 14:00,0.009180005
7/9/2023 14:15,0.010190111
7/9/2023 14:30,0.007397582
7/9/2023 14:45,0.008250948
7/9/2023 15:00,0.008250948
7/9/2023 15:15,0.008250948
7/9/2023 15:30,0.010190111
7/9/2023 15:45,0.009180005
7/9/2023 16:00,0.007672259
7/9/2023 16:15,0.010190111
7/9/2023 16:30,0.009180005
7/9/2023 16:45,0.006867671
7/9/2023 17:00,0.007672259
7/9/2023 17:15,0.007672259
7/9/2023 17:30,0.007672259
7/9/2023 17:45,0.006131104
7/9/2023 18:00,0.006867671
7/9/2023 18:15,0.007672259
7/9/2023 18:30,0.006867671
7/9/2023 18:45,0.006867671
7/9/2023 19:00,0.006867671
7/9/2023 19:15,0.010190111
7/9/2023 19:30,0.00854984
7/9/2023 19:45,0.010190111
7/9/2023 20:00,0.009180005
7/9/2023 20:15,0.010190111
7/9/2023 20:30,0.009511441
7/9/2023 20:45,0.010550026
7/9/2023 21:00,0.008555076
7/9/2023 21:15,0.010190111
7/9/2023 21:30,0.009180005
7/9/2023 21:45,0.010543843
7/9/2023 22:00,0.00854984
7/9/2023 22:15,0.009505746
7/9/2023 22:30,0.010543843
7/9/2023 22:45,0.010543843
7/9/2023 23:00,0.009505746
7/9/2023 23:15,0.011670477
7/9/2023 23:30,0.00854984
7/9/2023 23:45,0.010543843
7/10/2023 0:00,0.00854984
7/10/2023 0:15,0.011287006
7/10/2023 0:30,0.00854984
7/10/2023 0:45,0.012474725
7/10/2023 1:00,0.012474725
7/10/2023 1:15,0.010543843
7/10/2023 1:30,0.007672259
7/10/2023 1:45,0.010543843
7/10/2023 2:00,0.010543843
7/10/2023 2:15,0.00854984
7/10/2023 2:30,0.009180005
7/10/2023 2:45,0.010543843
7/10/2023 3:00,0.011287006
7/10/2023 3:15,0.009505746
7/10/2023 3:30,0.011287006
7/10/2023 3:45,0.009505746
7/10/2023 4:00,0.013323009
7/10/2023 4:15,0.011670477
7/10/2023 4:30,0.012474725
7/10/2023 4:45,0.009505746
7/10/2023 5:00,0.009505746
7/10/2023 5:15,0.011287006
7/10/2023 5:30,0.010543843
7/10/2023 5:45,0.010543843
7/10/2023 6:00,0.009846436
7/10/2023 6:15,0.012474725
7/10/2023 6:30,0.011677178
7/10/2023 6:45,0.009505746
7/10/2023 7:00,0.010550026
7/10/2023 7:15,0.012896966
7/10/2023 7:30,0.011670477
7/10/2023 7:45,0.008863175
7/10/2023 8:00,0.011670477
7/10/2023 8:15,0.010543843
7/10/2023 8:30,0.010907236
7/10/2023 8:45,0.010907236
7/10/2023 9:00,0.011670477
7/10/2023 9:15,0.011670477
7/10/2023 9:30,0.012889717
7/10/2023 9:45,0.010907236
7/10/2023 10:00,0.011670477
7/10/2023 10:15,0.00885779
7/10/2023 10:30,0.010543843
7/10/2023 10:45,0.010543843
7/10/2023 11:00,0.010543843
7/10/2023 11:15,0.010913587
7/10/2023 11:30,0.010907236
7/10/2023 11:45,0.01514743
7/10/2023 12:00,0.012474725
7/10/2023 12:15,0.00712623
7/10/2023 12:30,0.010543843
7/10/2023 12:45,0.00885779
7/10/2023 13:00,0.010543843
7/10/2023 13:15,0.010543843
7/10/2023 13:30,0.00854984
7/10/2023 13:45,0.008863175
7/10/2023 14:00,0.009511441
7/10/2023 14:15,0.008863175
7/10/2023 14:30,0.008555076
7/10/2023 14:45,0.011677178
7/10/2023 15:00,0.010550026
7/10/2023 15:15,0.007130762
7/10/2023 15:30,0.008863175
7/10/2023 15:45,0.010550026
7/10/2023 16:00,0.010550026
7/10/2023 16:15,0.007672259
7/10/2023 16:30,0.00712623
7/10/2023 16:45,0.006867671
7/10/2023 17:00,0.00854984
7/10/2023 17:15,0.009505746
7/10/2023 17:30,0.009505746
7/10/2023 17:45,0.007672259
7/10/2023 18:00,0.00854984
7/10/2023 18:15,0.00854984
7/10/2023 18:30,0.009505746
7/10/2023 18:45,0.006867671
7/10/2023 19:00,0.011287006
7/10/2023 19:15,0.010543843
7/10/2023 19:30,0.00854984
7/10/2023 19:45,0.011287006
7/10/2023 20:00,0.00854984
7/10/2023 20:15,0.009505746
7/10/2023 20:30,0.009505746
7/10/2023 20:45,0.009505746
7/10/2023 21:00,0.011670477
7/10/2023 21:15,0.010543843
7/10/2023 21:30,0.009505746
7/10/2023 21:45,0.00854984
7/10/2023 22:00,0.010543843
7/10/2023 22:15,0.00854984
7/10/2023 22:30,0.009846436
7/10/2023 22:45,0.012896966
7/10/2023 23:00,0.011677178
7/10/2023 23:15,0.011287006
7/10/2023 23:30,0.011287006
7/10/2023 23:45,0.011287006
7/11/2023 0:00,0.010550026
7/11/2023 0:15,0.009846436
7/11/2023 0:30,0.010550026
7/11/2023 0:45,0.010550026
7/11/2023 1:00,0.010543843
7/11/2023 1:15,0.00854984
7/11/2023 1:30,0.00854984
7/11/2023 1:45,0.010543843
7/11/2023 2:00,0.01514743
7/11/2023 2:15,0.011670477
7/11/2023 2:30,0.010543843
7/11/2023 2:45,0.009505746
7/11/2023 3:00,0.011287006
7/11/2023 3:15,0.010543843
7/11/2023 3:30,0.007672259
7/11/2023 3:45,0.007954961
7/11/2023 4:00,0.010543843
7/11/2023 4:15,0.007954961
7/11/2023 4:30,0.011287006
7/11/2023 4:45,0.00854984
7/11/2023 5:00,0.013760124
7/11/2023 5:15,0.011670477
7/11/2023 5:30,0.012896966
7/11/2023 5:45,0.010550026
7/11/2023 6:00,0.011677178
7/11/2023 6:15,0.009511441
7/11/2023 6:30,0.009511441
7/11/2023 6:45,0.009505746
7/11/2023 7:00,0.010543843
7/11/2023 7:15,0.009846436
7/11/2023 7:30,0.012889717
7/11/2023 7:45,0.012474725
7/11/2023 8:00,0.010907236
7/11/2023 8:15,0.013760124
7/11/2023 8:30,0.011670477
7/11/2023 8:45,0.011670477
7/11/2023 9:00,0.010543843
7/11/2023 9:15,0.010907236
7/11/2023 9:30,0.009840582
7/11/2023 9:45,0.010907236
7/11/2023 10:00,0.00885779
7/11/2023 10:15,0.010907236
7/11/2023 10:30,0.010543843
7/11/2023 10:45,0.012889717
7/11/2023 11:00,0.010543843
7/11/2023 11:15,0.011670477
7/11/2023 11:30,0.011670477
7/11/2023 11:45,0.010543843
7/11/2023 12:00,0.00885779
7/11/2023 12:15,0.010543843
7/11/2023 12:30,0.00885779
7/11/2023 12:45,0.007397582
7/11/2023 13:00,0.009840582
7/11/2023 13:15,0.009505746
7/11/2023 13:30,0.00854984
7/11/2023 13:45,0.009846436
7/11/2023 14:00,0.011287006
7/11/2023 14:15,0.009511441
7/11/2023 14:30,0.008863175
7/11/2023 14:45,0.006867671
7/11/2023 15:00,0.007959906
7/11/2023 15:15,0.010543843
7/11/2023 15:30,0.007959906
7/11/2023 15:45,0.009180005
7/11/2023 16:00,0.00854984
7/11/2023 16:15,0.00854984
7/11/2023 16:30,0.012474725
7/11/2023 16:45,0.006867671
7/11/2023 17:00,0.00854984
7/11/2023 17:15,0.011287006
7/11/2023 17:30,0.00854984
7/11/2023 17:45,0.010543843
7/11/2023 18:00,0.007677064
7/11/2023 18:15,0.009180005
7/11/2023 18:30,0.007677064
7/11/2023 18:45,0.009180005
7/11/2023 19:00,0.008555076
7/11/2023 19:15,0.011287006
7/11/2023 19:30,0.009180005
7/11/2023 19:45,0.007959906
7/11/2023 20:00,0.007959906
7/11/2023 20:15,0.007130762
7/11/2023 20:30,0.010543843
7/11/2023 20:45,0.009505746
7/11/2023 21:00,0.009505746
7/11/2023 21:15,0.00854984
7/11/2023 21:30,0.009505746
7/11/2023 21:45,0.010543843
7/11/2023 22:00,0.00854984
7/11/2023 22:15,0.011670477
7/11/2023 22:30,0.007959906
7/11/2023 22:45,0.009846436
7/11/2023 23:00,0.009846436
7/11/2023 23:15,0.009505746
7/11/2023 23:30,0.009505746
7/11/2023 23:45,0.009505746
7/12/2023 0:00,0.010543843
7/12/2023 0:15,0.009846436
7/12/2023 0:30,0.00854984
7/12/2023 0:45,0.00854984
7/12/2023 1:00,0.009505746
7/12/2023 1:15,0.00854984
7/12/2023 1:30,0.012474725
7/12/2023 1:45,0.011287006
7/12/2023 2:00,0.00854984
7/12/2023 2:15,0.010190111
7/12/2023 2:30,0.011287006
7/12/2023 2:45,0.010190111
7/12/2023 3:00,0.011287006
7/12/2023 3:15,0.00854984
7/12/2023 3:30,0.00854984
7/12/2023 3:45,0.011287006
7/12/2023 4:00,0.011287006
7/12/2023 4:15,0.010190111
7/12/2023 4:30,0.012474725
7/12/2023 4:45,0.007672259
7/12/2023 5:00,0.012474725
7/12/2023 5:15,0.009505746
7/12/2023 5:30,0.010190111
7/12/2023 5:45,0.010190111
7/12/2023 6:00,0.009505746
7/12/2023 6:15,0.011670477
7/12/2023 6:30,0.010543843
7/12/2023 6:45,0.00854984
7/12/2023 7:00,0.011287006
7/12/2023 7:15,0.009511441
7/12/2023 7:30,0.010550026
7/12/2023 7:45,0.008555076
7/12/2023 8:00,0.007959906
7/12/2023 8:15,0.009846436
7/12/2023 8:30,0.008863175
7/12/2023 8:45,0.009846436
7/12/2023 9:00,0.010543843
7/12/2023 9:15,0.007130762
7/12/2023 9:30,0.009840582
7/12/2023 9:45,0.009505746
7/12/2023 10:00,0.007959906
7/12/2023 10:15,0.007959906
7/12/2023 10:30,0.010543843
7/12/2023 10:45,0.010907236
7/12/2023 11:00,0.007397582
7/12/2023 11:15,0.009505746
7/12/2023 11:30,0.009505746
7/12/2023 11:45,0.008555076
7/12/2023 12:00,0.007959906
7/12/2023 12:15,0.008555076
7/12/2023 12:30,0.006616182
7/12/2023 12:45,0.009511441
7/12/2023 13:00,0.009511441
7/12/2023 13:15,0.00854984
7/12/2023 13:30,0.009505746
7/12/2023 13:45,0.011670477
7/12/2023 14:00,0.009180005
7/12/2023 14:15,0.00854984
7/12/2023 14:30,0.00854984
7/12/2023 14:45,0.00854984
7/12/2023 15:00,0.007672259
7/12/2023 15:15,0.007672259
7/12/2023 15:30,0.009505746
7/12/2023 15:45,0.008555076
7/12/2023 16:00,0.007677064
7/12/2023 16:15,0.010190111
7/12/2023 16:30,0.007677064
7/12/2023 16:45,0.007397582
7/12/2023 17:00,0.010190111
7/12/2023 17:15,0.009180005
7/12/2023 17:30,0.008250948
7/12/2023 17:45,0.008250948
7/12/2023 18:00,0.00854984
7/12/2023 18:15,0.008250948
7/12/2023 18:30,0.006867671
7/12/2023 18:45,0.006867671
7/12/2023 19:00,0.00854984
7/12/2023 19:15,0.006867671
7/12/2023 19:30,0.008250948
7/12/2023 19:45,0.009180005
7/12/2023 20:00,0.007672259
7/12/2023 20:15,0.008250948
7/12/2023 20:30,0.008555076
7/12/2023 20:45,0.010550026
7/12/2023 21:00,0.007677064
7/12/2023 21:15,0.011287006
7/12/2023 21:30,0.009505746
7/12/2023 21:45,0.009505746
7/12/2023 22:00,0.007672259
7/12/2023 22:15,0.009505746
7/12/2023 22:30,0.009505746
7/12/2023 22:45,0.007954961
7/12/2023 23:00,0.009505746
7/12/2023 23:15,0.00854984
7/12/2023 23:30,0.009505746
7/12/2023 23:45,0.010543843
7/13/2023 0:00,0.00854984
7/13/2023 0:15,0.009505746
7/13/2023 0:30,0.009505746
7/13/2023 0:45,0.00854984
7/13/2023 1:00,0.009505746
7/13/2023 1:15,0.009505746
7/13/2023 1:30,0.007672259
7/13/2023 1:45,0.010543843
7/13/2023 2:00,0.009505746
7/13/2023 2:15,0.012474725
7/13/2023 2:30,0.010543843
7/13/2023 2:45,0.010543843
7/13/2023 3:00,0.010190111
7/13/2023 3:15,0.011670477
7/13/2023 3:30,0.012474725
7/13/2023 3:45,0.012474725
7/13/2023 4:00,0.009505746
7/13/2023 4:15,0.010543843
7/13/2023 4:30,0.010543843
7/13/2023 4:45,0.009505746
7/13/2023 5:00,0.00854984
7/13/2023 5:15,0.010543843
7/13/2023 5:30,0.009505746
7/13/2023 5:45,0.012474725
7/13/2023 6:00,0.011670477
7/13/2023 6:15,0.010543843
7/13/2023 6:30,0.009505746
7/13/2023 6:45,0.010190111
7/13/2023 7:00,0.009505746
7/13/2023 7:15,0.012889717
7/13/2023 7:30,0.011670477
7/13/2023 7:45,0.012889717
7/13/2023 8:00,0.012889717
7/13/2023 8:15,0.012474725
7/13/2023 8:30,0.010543843
7/13/2023 8:45,0.010543843
7/13/2023 9:00,0.00854984
7/13/2023 9:15,0.010550026
7/13/2023 9:30,0.012896966
7/13/2023 9:45,0.011677178
7/13/2023 10:00,0.010550026
7/13/2023 10:15,0.011287006
7/13/2023 10:30,0.007130762
7/13/2023 10:45,0.011287006
7/13/2023 11:00,0.011677178
7/13/2023 11:15,0.007959906
7/13/2023 11:30,0.010543843
7/13/2023 11:45,0.00854984
7/13/2023 12:00,0.011670477
7/13/2023 12:15,0.00854984
7/13/2023 12:30,0.00854984
7/13/2023 12:45,0.007954961
7/13/2023 13:00,0.00854984
7/13/2023 13:15,0.007672259
7/13/2023 13:30,0.008250948
7/13/2023 13:45,0.010190111
7/13/2023 14:00,0.010190111
7/13/2023 14:15,0.009180005
7/13/2023 14:30,0.008555076
7/13/2023 14:45,0.008250948
7/13/2023 15:00,0.008555076
7/13/2023 15:15,0.010907236
7/13/2023 15:30,0.008555076
7/13/2023 15:45,0.009180005
7/13/2023 16:00,0.00854984
7/13/2023 16:15,0.008250948
7/13/2023 16:30,0.005459012
7/13/2023 16:45,0.006867671
7/13/2023 17:00,0.007397582
7/13/2023 17:15,0.006867671
7/13/2023 17:30,0.009180005
7/13/2023 17:45,0.008250948
7/13/2023 18:00,0.006872073
7/13/2023 18:15,0.009180005
7/13/2023 18:30,0.010907236
7/13/2023 18:45,0.010190111
7/13/2023 19:00,0.007397582
7/13/2023 19:15,0.010190111
7/13/2023 19:30,0.006135126
7/13/2023 19:45,0.008250948
7/13/2023 20:00,0.009180005
7/13/2023 20:15,0.009180005
7/13/2023 20:30,0.00854984
7/13/2023 20:45,0.010190111
7/13/2023 21:00,0.008250948
7/13/2023 21:15,0.01207039
7/13/2023 21:30,0.010913587
7/13/2023 21:45,0.00854984
7/13/2023 22:00,0.010190111
7/13/2023 22:15,0.011287006
7/13/2023 22:30,0.007130762
7/13/2023 22:45,0.009180005
7/13/2023 23:00,0.010190111
7/13/2023 23:15,0.009180005
7/13/2023 23:30,0.011287006
7/13/2023 23:45,0.007672259
7/14/2023 0:00,0.007672259
7/14/2023 0:15,0.012474725
7/14/2023 0:30,0.012474725
7/14/2023 0:45,0.010190111
7/14/2023 1:00,0.012474725
7/14/2023 1:15,0.010190111
7/14/2023 1:30,0.012474725
7/14/2023 1:45,0.010190111
7/14/2023 2:00,0.009180005
7/14/2023 2:15,0.013760124
7/14/2023 2:30,0.012474725
7/14/2023 2:45,0.011287006
7/14/2023 3:00,0.00854984
7/14/2023 3:15,0.010190111
7/14/2023 3:30,0.009505746
7/14/2023 3:45,0.010190111
7/14/2023 4:00,0.00854984
7/14/2023 4:15,0.009505746
7/14/2023 4:30,0.010190111
7/14/2023 4:45,0.010913587
7/14/2023 5:00,0.010190111
7/14/2023 5:15,0.010190111
7/14/2023 5:30,0.012474725
7/14/2023 5:45,0.011287006
7/14/2023 6:00,0.010190111
7/14/2023 6:15,0.014667611
7/14/2023 6:30,0.012063511
7/14/2023 6:45,0.01331557
7/14/2023 7:00,0.010190111
7/14/2023 7:15,0.010550026
7/14/2023 7:30,0.010550026
7/14/2023 7:45,0.011287006
7/14/2023 8:00,0.009180005
7/14/2023 8:15,0.011670477
7/14/2023 8:30,0.012474725
7/14/2023 8:45,0.012474725
7/14/2023 9:00,0.011670477
7/14/2023 9:15,0.011287006
7/14/2023 9:30,0.010543843
7/14/2023 9:45,0.009505746
7/14/2023 10:00,0.00885779
7/14/2023 10:15,0.010543843
7/14/2023 10:30,0.00854984
7/14/2023 10:45,0.007672259
7/14/2023 11:00,0.00854984
7/14/2023 11:15,0.00854984
7/14/2023 11:30,0.00854984
7/14/2023 11:45,0.010190111
7/14/2023 12:00,0.00854984
7/14/2023 12:15,0.010190111
7/14/2023 12:30,0.00854984
7/14/2023 12:45,0.011287006
7/14/2023 13:00,0.009505746
7/14/2023 13:15,0.007672259
7/14/2023 13:30,0.007677064
7/14/2023 13:45,0.007677064
7/14/2023 14:00,0.007397582
7/14/2023 14:15,0.009511441
7/14/2023 14:30,0.005678839
7/14/2023 14:45,0.009180005
7/14/2023 15:00,0.005459012
7/14/2023 15:15,0.007672259
7/14/2023 15:30,0.006131104
7/14/2023 15:45,0.006867671
7/14/2023 16:00,0.007397582
7/14/2023 16:15,0.00484642
7/14/2023 16:30,0.006867671
7/14/2023 16:45,0.006131104
7/14/2023 17:00,0.007397582
7/14/2023 17:15,0.006867671
7/14/2023 17:30,0.007397582
7/14/2023 17:45,0.006131104
7/14/2023 18:00,0.005043065
7/14/2023 18:15,0.005459012
7/14/2023 18:30,0.006867671
7/14/2023 18:45,0.007397582
7/14/2023 19:00,0.004471708
7/14/2023 19:15,0.006131104
7/14/2023 19:30,0.005043065
7/14/2023 19:45,0.005675055
7/14/2023 20:00,0.006867671
7/14/2023 20:15,0.00854984
7/14/2023 20:30,0.007672259
7/14/2023 20:45,0.007130762
7/14/2023 21:00,0.006372054
7/14/2023 21:15,0.005678839
7/14/2023 21:30,0.006872073
7/14/2023 21:45,0.007130762
7/14/2023 22:00,0.007672259
7/14/2023 22:15,0.010543843
7/14/2023 22:30,0.006372054
7/14/2023 22:45,0.007672259
7/14/2023 23:00,0.00712623
7/14/2023 23:15,0.00712623
7/14/2023 23:30,0.006616182
7/14/2023 23:45,0.007959906
7/15/2023 0:00,0.006616182
7/15/2023 0:15,0.00712623
7/15/2023 0:30,0.007130762
7/15/2023 0:45,0.007959906
7/15/2023 1:00,0.009505746
7/15/2023 1:15,0.007130762
7/15/2023 1:30,0.009846436
7/15/2023 1:45,0.010550026
7/15/2023 2:00,0.007130762
7/15/2023 2:15,0.009505746
7/15/2023 2:30,0.007959906
7/15/2023 2:45,0.007672259
7/15/2023 3:00,0.010543843
7/15/2023 3:15,0.010543843
7/15/2023 3:30,0.010543843
7/15/2023 3:45,0.007672259
7/15/2023 4:00,0.006616182
7/15/2023 4:15,0.007959906
7/15/2023 4:30,0.010550026
7/15/2023 4:45,0.011677178
7/15/2023 5:00,0.008555076
7/15/2023 5:15,0.007959906
7/15/2023 5:30,0.008863175
7/15/2023 5:45,0.010543843
7/15/2023 6:00,0.009505746
7/15/2023 6:15,0.010907236
7/15/2023 6:30,0.00885779
7/15/2023 6:45,0.010543843
7/15/2023 7:00,0.00712623
7/15/2023 7:15,0.007954961
7/15/2023 7:30,0.008250948
7/15/2023 7:45,0.008250948
7/15/2023 8:00,0.01207039
7/15/2023 8:15,0.008863175
7/15/2023 8:30,0.007959906
7/15/2023 8:45,0.010913587
7/15/2023 9:00,0.007397582
7/15/2023 9:15,0.009180005
7/15/2023 9:30,0.008250948
7/15/2023 9:45,0.01207039
7/15/2023 10:00,0.009846436
7/15/2023 10:15,0.010913587
7/15/2023 10:30,0.01207039
7/15/2023 10:45,0.009846436
7/15/2023 11:00,0.007397582
7/15/2023 11:15,0.009846436
7/15/2023 11:30,0.008863175
7/15/2023 11:45,0.009846436
7/15/2023 12:00,0.007954961
7/15/2023 12:15,0.00712623
7/15/2023 12:30,0.011670477
7/15/2023 12:45,0.011670477
7/15/2023 13:00,0.007959906
7/15/2023 13:15,0.007397582
7/15/2023 13:30,0.007397582
7/15/2023 13:45,0.012889717
7/15/2023 14:00,0.007959906
7/15/2023 14:15,0.010543843
7/15/2023 14:30,0.00854984
7/15/2023 14:45,0.007130762
7/15/2023 15:00,0.007130762
7/15/2023 15:15,0.007130762
7/15/2023 15:30,0.007959906
7/15/2023 15:45,0.007672259
7/15/2023 16:00,0.007954961
7/15/2023 16:15,0.00854984
7/15/2023 16:30,0.006131104
7/15/2023 16:45,0.007672259
7/15/2023 17:00,0.006367908
7/15/2023 17:15,0.007672259
7/15/2023 17:30,0.00504651
7/15/2023 17:45,0.009505746
7/15/2023 18:00,0.007672259
7/15/2023 18:15,0.00854984
7/15/2023 18:30,0.007672259
7/15/2023 18:45,0.00885779
7/15/2023 19:00,0.00854984
7/15/2023 19:15,0.007672259
7/15/2023 19:30,0.00712623
7/15/2023 19:45,0.007959906
7/15/2023 20:00,0.007959906
7/15/2023 20:15,0.007959906
7/15/2023 20:30,0.007959906
7/15/2023 20:45,0.007397582
7/15/2023 21:00,0.008863175
7/15/2023 21:15,0.007959906
7/15/2023 21:30,0.008863175
7/15/2023 21:45,0.007959906
7/15/2023 22:00,0.008863175
7/15/2023 22:15,0.007130762
7/15/2023 22:30,0.007959906
7/15/2023 22:45,0.008250948
7/15/2023 23:00,0.007954961
7/15/2023 23:15,0.00885779
7/15/2023 23:30,0.007954961
7/15/2023 23:45,0.009840582
7/16/2023 0:00,0.009840582
7/16/2023 0:15,0.007954961
7/16/2023 0:30,0.007954961
7/16/2023 0:45,0.009846436
7/16/2023 1:00,0.00590134
7/16/2023 1:15,0.009846436
7/16/2023 1:30,0.008250948
7/16/2023 1:45,0.010913587
7/16/2023 2:00,0.009846436
7/16/2023 2:15,0.009846436
7/16/2023 2:30,0.010190111
7/16/2023 2:45,0.01207039
7/16/2023 3:00,0.009846436
7/16/2023 3:15,0.009180005
7/16/2023 3:30,0.009180005
7/16/2023 3:45,0.01207039
7/16/2023 4:00,0.01207039
7/16/2023 4:15,0.01207039
7/16/2023 4:30,0.008863175
7/16/2023 4:45,0.009846436
7/16/2023 5:00,0.009846436
7/16/2023 5:15,0.008250948
7/16/2023 5:30,0.012896966
7/16/2023 5:45,0.009846436
7/16/2023 6:00,0.010190111
7/16/2023 6:15,0.014207738
7/16/2023 6:30,0.012889717
7/16/2023 6:45,0.010913587
7/16/2023 7:00,0.009846436
7/16/2023 7:15,0.010190111
7/16/2023 7:30,0.010190111
7/16/2023 7:45,0.009180005
7/16/2023 8:00,0.010907236
7/16/2023 8:15,0.012063511
7/16/2023 8:30,0.014207738
7/16/2023 8:45,0.007397582
7/16/2023 9:00,0.009180005
7/16/2023 9:15,0.007397582
7/16/2023 9:30,0.009840582
7/16/2023 9:45,0.009840582
7/16/2023 10:00,0.010190111
7/16/2023 10:15,0.006867671
7/16/2023 10:30,0.011287006
7/16/2023 10:45,0.008250948
7/16/2023 11:00,0.007397582
7/16/2023 11:15,0.012063511
7/16/2023 11:30,0.00885779
7/16/2023 11:45,0.010913587
7/16/2023 12:00,0.010907236
7/16/2023 12:15,0.008863175
7/16/2023 12:30,0.009846436
7/16/2023 12:45,0.007397582
7/16/2023 13:00,0.008250948
7/16/2023 13:15,0.008863175
7/16/2023 13:30,0.006616182
7/16/2023 13:45,0.008250948
7/16/2023 14:00,0.009846436
7/16/2023 14:15,0.007959906
7/16/2023 14:30,0.007959906
7/16/2023 14:45,0.007959906
7/16/2023 15:00,0.006616182
7/16/2023 15:15,0.006367908
7/16/2023 15:30,0.006367908
7/16/2023 15:45,0.006367908
7/16/2023 16:00,0.007954961
7/16/2023 16:15,0.006616182
7/16/2023 16:30,0.007397582
7/16/2023 16:45,0.009505746
7/16/2023 17:00,0.006616182
7/16/2023 17:15,0.007130762
7/16/2023 17:30,0.006616182
7/16/2023 17:45,0.009505746
7/16/2023 18:00,0.006616182
7/16/2023 18:15,0.00590134
7/16/2023 18:30,0.007130762
7/16/2023 18:45,0.006372054
7/16/2023 19:00,0.00885779
7/16/2023 19:15,0.00590134
7/16/2023 19:30,0.008250948
7/16/2023 19:45,0.007397582
7/16/2023 20:00,0.009840582
7/16/2023 20:15,0.007954961
7/16/2023 20:30,0.00590134
7/16/2023 20:45,0.006616182
7/16/2023 21:00,0.009846436
7/16/2023 21:15,0.008250948
7/16/2023 21:30,0.007397582
7/16/2023 21:45,0.009846436
7/16/2023 22:00,0.007397582
7/16/2023 22:15,0.008250948
7/16/2023 22:30,0.010190111
7/16/2023 22:45,0.009180005
7/16/2023 23:00,0.009846436
7/16/2023 23:15,0.010907236
7/16/2023 23:30,0.008250948
7/16/2023 23:45,0.007397582
7/17/2023 0:00,0.012889717
7/17/2023 0:15,0.010190111
7/17/2023 0:30,0.008863175
7/17/2023 0:45,0.00854984
7/17/2023 1:00,0.009180005
7/17/2023 1:15,0.008250948
7/17/2023 1:30,0.009180005
7/17/2023 1:45,0.005459012
7/17/2023 2:00,0.010190111
7/17/2023 2:15,0.009180005
7/17/2023 2:30,0.010190111
7/17/2023 2:45,0.009846436
7/17/2023 3:00,0.008250948
7/17/2023 3:15,0.009180005
7/17/2023 3:30,0.009846436
7/17/2023 3:45,0.008863175
7/17/2023 4:00,0.012896966
7/17/2023 4:15,0.008863175
7/17/2023 4:30,0.010913587
7/17/2023 4:45,0.008250948
7/17/2023 5:00,0.010913587
7/17/2023 5:15,0.008250948
7/17/2023 5:30,0.009180005
7/17/2023 5:45,0.010913587
7/17/2023 6:00,0.008863175
7/17/2023 6:15,0.010190111
7/17/2023 6:30,0.009180005
7/17/2023 6:45,0.009846436
7/17/2023 7:00,0.010190111
7/17/2023 7:15,0.009180005
7/17/2023 7:30,0.010907236
7/17/2023 7:45,0.012063511
7/17/2023 8:00,0.009180005
7/17/2023 8:15,0.010907236
7/17/2023 8:30,0.00885779
7/17/2023 8:45,0.010190111
7/17/2023 9:00,0.010913587
7/17/2023 9:15,0.01207039
7/17/2023 9:30,0.008555076
7/17/2023 9:45,0.007677064
7/17/2023 10:00,0.008250948
7/17/2023 10:15,0.010190111
7/17/2023 10:30,0.011287006
7/17/2023 10:45,0.00885779
7/17/2023 11:00,0.008250948
7/17/2023 11:15,0.010190111
7/17/2023 11:30,0.007397582
7/17/2023 11:45,0.006616182
7/17/2023 12:00,0.009840582
7/17/2023 12:15,0.007397582
7/17/2023 12:30,0.008250948
7/17/2023 12:45,0.006867671
7/17/2023 13:00,0.007397582
7/17/2023 13:15,0.00590134
7/17/2023 13:30,0.006372054
7/17/2023 13:45,0.007959906
7/17/2023 14:00,0.007959906
7/17/2023 14:15,0.00712623
7/17/2023 14:30,0.00712623
7/17/2023 14:45,0.00590134
7/17/2023 15:00,0.00590134
7/17/2023 15:15,0.00712623
7/17/2023 15:30,0.00712623
7/17/2023 15:45,0.007397582
7/17/2023 16:00,0.006616182
7/17/2023 16:15,0.00590134
7/17/2023 16:30,0.007954961
7/17/2023 16:45,0.007130762
7/17/2023 17:00,0.005678839
7/17/2023 17:15,0.005249546
7/17/2023 17:30,0.00590134
7/17/2023 17:45,0.004656234
7/17/2023 18:00,0.00590134
7/17/2023 18:15,0.007959906
7/17/2023 18:30,0.00484642
7/17/2023 18:45,0.007959906
7/17/2023 19:00,0.005678839
7/17/2023 19:15,0.006372054
7/17/2023 19:30,0.007130762
7/17/2023 19:45,0.006372054
7/17/2023 20:00,0.005249546
7/17/2023 20:15,0.007397582
7/17/2023 20:30,0.007130762
7/17/2023 20:45,0.008863175
7/17/2023 21:00,0.007130762
7/17/2023 21:15,0.007397582
7/17/2023 21:30,0.00590134
7/17/2023 21:45,0.009840582
7/17/2023 22:00,0.006135126
7/17/2023 22:15,0.007397582
7/17/2023 22:30,0.008250948
7/17/2023 22:45,0.006616182
7/17/2023 23:00,0.009180005
7/17/2023 23:15,0.00712623
7/17/2023 23:30,0.007954961
7/17/2023 23:45,0.005249546
7/18/2023 0:00,0.007954961
7/18/2023 0:15,0.006616182
7/18/2023 0:30,0.00590134
7/18/2023 0:45,0.006616182
7/18/2023 1:00,0.007397582
7/18/2023 1:15,0.007397582
7/18/2023 1:30,0.00484642
7/18/2023 1:45,0.006616182
7/18/2023 2:00,0.008863175
7/18/2023 2:15,0.008863175
7/18/2023 2:30,0.007959906
7/18/2023 2:45,0.00885779
7/18/2023 3:00,0.010543843
7/18/2023 3:15,0.008250948
7/18/2023 3:30,0.00885779
7/18/2023 3:45,0.006616182
7/18/2023 4:00,0.007397582
7/18/2023 4:15,0.006616182
7/18/2023 4:30,0.006616182
7/18/2023 4:45,0.00885779
7/18/2023 5:00,0.00885779
7/18/2023 5:15,0.00885779
7/18/2023 5:30,0.008250948
7/18/2023 5:45,0.008863175
7/18/2023 6:00,0.006616182
7/18/2023 6:15,0.007397582
7/18/2023 6:30,0.009180005
7/18/2023 6:45,0.007397582
7/18/2023 7:00,0.010913587
7/18/2023 7:15,0.008863175
7/18/2023 7:30,0.007397582
7/18/2023 7:45,0.006616182
7/18/2023 8:00,0.008250948
7/18/2023 8:15,0.007397582
7/18/2023 8:30,0.006616182
7/18/2023 8:45,0.008863175
7/18/2023 9:00,0.009180005
7/18/2023 9:15,0.010190111
7/18/2023 9:30,0.008863175
7/18/2023 9:45,0.007397582
7/18/2023 10:00,0.008863175
7/18/2023 10:15,0.007397582
7/18/2023 10:30,0.009180005
7/18/2023 10:45,0.008863175
7/18/2023 11:00,0.009846436
7/18/2023 11:15,0.006616182
7/18/2023 11:30,0.009846436
7/18/2023 11:45,0.008863175
7/18/2023 12:00,0.008863175
7/18/2023 12:15,0.007130762
7/18/2023 12:30,0.007959906
7/18/2023 12:45,0.007397582
7/18/2023 13:00,0.00546268
7/18/2023 13:15,0.006616182
7/18/2023 13:30,0.005249546
7/18/2023 13:45,0.004849758
7/18/2023 14:00,0.006367908
7/18/2023 14:15,0.005249546
7/18/2023 14:30,0.00590134
7/18/2023 14:45,0.004656234
7/18/2023 15:00,0.005249546
7/18/2023 15:15,0.005249546
7/18/2023 15:30,0.005678839
7/18/2023 15:45,0.004117148
7/18/2023 16:00,0.007130762
7/18/2023 16:15,0.004290007
7/18/2023 16:30,0.005678839
7/18/2023 16:45,0.005249546
7/18/2023 17:00,0.005678839
7/18/2023 17:15,0.006372054
7/18/2023 17:30,0.004117148
7/18/2023 17:45,0.005249546
7/18/2023 18:00,0.004656234
7/18/2023 18:15,0.004117148
7/18/2023 18:30,0.007130762
7/18/2023 18:45,0.005249546
7/18/2023 19:00,0.005249546
7/18/2023 19:15,0.004656234
7/18/2023 19:30,0.00484642
7/18/2023 19:45,0.00484642
7/18/2023 20:00,0.004656234
7/18/2023 20:15,0.007397582
7/18/2023 20:30,0.005459012
7/18/2023 20:45,0.00484642
7/18/2023 21:00,0.007954961
7/18/2023 21:15,0.006135126
7/18/2023 21:30,0.007397582
7/18/2023 21:45,0.004849758
7/18/2023 22:00,0.006616182
7/18/2023 22:15,0.006867671
7/18/2023 22:30,0.006131104
7/18/2023 22:45,0.006616182
7/18/2023 23:00,0.005459012
7/18/2023 23:15,0.005459012
7/18/2023 23:30,0.008250948
7/18/2023 23:45,0.006616182
7/19/2023 0:00,0.006616182
7/19/2023 0:15,0.005459012
7/19/2023 0:30,0.006131104
7/19/2023 0:45,0.006131104
7/19/2023 1:00,0.007397582
7/19/2023 1:15,0.007959906
7/19/2023 1:30,0.00590134
7/19/2023 1:45,0.006131104
7/19/2023 2:00,0.005249546
7/19/2023 2:15,0.008863175
7/19/2023 2:30,0.00484642
7/19/2023 2:45,0.006616182
7/19/2023 3:00,0.005459012
7/19/2023 3:15,0.008863175
7/19/2023 3:30,0.006867671
7/19/2023 3:45,0.008863175
7/19/2023 4:00,0.00590134
7/19/2023 4:15,0.007959906
7/19/2023 4:30,0.006131104
7/19/2023 4:45,0.007397582
7/19/2023 5:00,0.007397582
7/19/2023 5:15,0.006131104
7/19/2023 5:30,0.006867671
7/19/2023 5:45,0.006131104
7/19/2023 6:00,0.009180005
7/19/2023 6:15,0.006131104
7/19/2023 6:30,0.006131104
7/19/2023 6:45,0.009180005
7/19/2023 7:00,0.007397582
7/19/2023 7:15,0.010190111
7/19/2023 7:30,0.007677064
7/19/2023 7:45,0.006135126
7/19/2023 8:00,0.006872073
7/19/2023 8:15,0.006872073
7/19/2023 8:30,0.007397582
7/19/2023 8:45,0.006872073
7/19/2023 9:00,0.008250948
7/19/2023 9:15,0.006372054
7/19/2023 9:30,0.006616182
7/19/2023 9:45,0.007397582
7/19/2023 10:00,0.00854984
7/19/2023 10:15,0.007397582
7/19/2023 10:30,0.006135126
7/19/2023 10:45,0.009180005
7/19/2023 11:00,0.007397582
7/19/2023 11:15,0.006872073
7/19/2023 11:30,0.006131104
7/19/2023 11:45,0.006131104
7/19/2023 12:00,0.006372054
7/19/2023 12:15,0.006131104
7/19/2023 12:30,0.006131104
7/19/2023 12:45,0.010190111
7/19/2023 13:00,0.007672259
7/19/2023 13:15,0.006867671
7/19/2023 13:30,0.007672259
7/19/2023 13:45,0.006131104
7/19/2023 14:00,0.006616182
7/19/2023 14:15,0.008250948
7/19/2023 14:30,0.006872073
7/19/2023 14:45,0.00590134
7/19/2023 15:00,0.005459012
7/19/2023 15:15,0.006616182
7/19/2023 15:30,0.006616182
7/19/2023 15:45,0.007130762
7/19/2023 16:00,0.006616182
7/19/2023 16:15,0.007397582
7/19/2023 16:30,0.007397582
7/19/2023 16:45,0.00590134
7/19/2023 17:00,0.00590134
7/19/2023 17:15,0.007954961
7/19/2023 17:30,0.006135126
7/19/2023 17:45,0.006616182
7/19/2023 18:00,0.007954961
7/19/2023 18:15,0.00590134
7/19/2023 18:30,0.006616182
7/19/2023 18:45,0.004849758
7/19/2023 19:00,0.006135126
7/19/2023 19:15,0.006616182
7/19/2023 19:30,0.004656234
7/19/2023 19:45,0.006616182
7/19/2023 20:00,0.007397582
7/19/2023 20:15,0.008250948
7/19/2023 20:30,0.007959906
7/19/2023 20:45,0.007397582
7/19/2023 21:00,0.007397582
7/19/2023 21:15,0.006867671
7/19/2023 21:30,0.006867671
7/19/2023 21:45,0.006867671
7/19/2023 22:00,0.006867671
7/19/2023 22:15,0.006867671
7/19/2023 22:30,0.006616182
7/19/2023 22:45,0.008250948
7/19/2023 23:00,0.006872073
7/19/2023 23:15,0.008250948
7/19/2023 23:30,0.008250948
7/19/2023 23:45,0.008250948
7/20/2023 0:00,0.008250948
7/20/2023 0:15,0.00885779
7/20/2023 0:30,0.006616182
7/20/2023 0:45,0.007397582
7/20/2023 1:00,0.008250948
7/20/2023 1:15,0.010190111
7/20/2023 1:30,0.009840582
7/20/2023 1:45,0.007677064
7/20/2023 2:00,0.009180005
7/20/2023 2:15,0.006872073
7/20/2023 2:30,0.009180005
7/20/2023 2:45,0.009180005
7/20/2023 3:00,0.012063511
7/20/2023 3:15,0.009180005
7/20/2023 3:30,0.009180005
7/20/2023 3:45,0.007677064
7/20/2023 4:00,0.006867671
7/20/2023 4:15,0.008555076
7/20/2023 4:30,0.007677064
7/20/2023 4:45,0.010190111
7/20/2023 5:00,0.010190111
7/20/2023 5:15,0.007677064
7/20/2023 5:30,0.009505746
7/20/2023 5:45,0.007672259
7/20/2023 6:00,0.007672259
7/20/2023 6:15,0.010190111
7/20/2023 6:30,0.013323009
7/20/2023 6:45,0.010190111
7/20/2023 7:00,0.007672259
7/20/2023 7:15,0.00854984
7/20/2023 7:30,0.009505746
7/20/2023 7:45,0.009505746
7/20/2023 8:00,0.009505746
7/20/2023 8:15,0.009505746
7/20/2023 8:30,0.010190111
7/20/2023 8:45,0.011287006
7/20/2023 9:00,0.010543843
7/20/2023 9:15,0.009180005
7/20/2023 9:30,0.009180005
7/20/2023 9:45,0.010190111
7/20/2023 10:00,0.00854984
7/20/2023 10:15,0.011287006
7/20/2023 10:30,0.010190111
7/20/2023 10:45,0.00854984
7/20/2023 11:00,0.006867671
7/20/2023 11:15,0.009180005
7/20/2023 11:30,0.006867671
7/20/2023 11:45,0.009846436
7/20/2023 12:00,0.010190111
7/20/2023 12:15,0.006616182
7/20/2023 12:30,0.007677064
7/20/2023 12:45,0.006872073
7/20/2023 13:00,0.005459012
7/20/2023 13:15,0.009840582
7/20/2023 13:30,0.007397582
7/20/2023 13:45,0.006616182
7/20/2023 14:00,0.008863175
7/20/2023 14:15,0.005459012
7/20/2023 14:30,0.006131104
7/20/2023 14:45,0.006131104
7/20/2023 15:00,0.006867671
7/20/2023 15:15,0.005249546
7/20/2023 15:30,0.006616182
7/20/2023 15:45,0.007397582
7/20/2023 16:00,0.00546268
7/20/2023 16:15,0.004117148
7/20/2023 16:30,0.005678839
7/20/2023 16:45,0.006616182
7/20/2023 17:00,0.00484642
7/20/2023 17:15,0.004656234
7/20/2023 17:30,0.005678839
7/20/2023 17:45,0.007130762
7/20/2023 18:00,0.007959906
7/20/2023 18:15,0.00590134
7/20/2023 18:30,0.007959906
7/20/2023 18:45,0.00590134
7/20/2023 19:00,0.00590134
7/20/2023 19:15,0.005249546
7/20/2023 19:30,0.006372054
7/20/2023 19:45,0.005459012
7/20/2023 20:00,0.006135126
7/20/2023 20:15,0.00590134
7/20/2023 20:30,0.00590134
7/20/2023 20:45,0.006616182
7/20/2023 21:00,0.007397582
7/20/2023 21:15,0.00590134
7/20/2023 21:30,0.007397582
7/20/2023 21:45,0.009846436
7/20/2023 22:00,0.007397582
7/20/2023 22:15,0.007397582
7/20/2023 22:30,0.006616182
7/20/2023 22:45,0.008250948
7/20/2023 23:00,0.007397582
7/20/2023 23:15,0.006616182
7/20/2023 23:30,0.008250948
7/20/2023 23:45,0.008250948
7/21/2023 0:00,0.007397582
7/21/2023 0:15,0.007397582
7/21/2023 0:30,0.007397582
7/21/2023 0:45,0.00590134
7/21/2023 1:00,0.008250948
7/21/2023 1:15,0.008863175
7/21/2023 1:30,0.00885779
7/21/2023 1:45,0.00590134
7/21/2023 2:00,0.007954961
7/21/2023 2:15,0.00885779
7/21/2023 2:30,0.008250948
7/21/2023 2:45,0.008250948
7/21/2023 3:00,0.007959906
7/21/2023 3:15,0.008250948
7/21/2023 3:30,0.009505746
7/21/2023 3:45,0.007959906
7/21/2023 4:00,0.009505746
7/21/2023 4:15,0.007130762
7/21/2023 4:30,0.00854984
7/21/2023 4:45,0.00885779
7/21/2023 5:00,0.006372054
7/21/2023 5:15,0.006616182
7/21/2023 5:30,0.00712623
7/21/2023 5:45,0.007397582
7/21/2023 6:00,0.007954961
7/21/2023 6:15,0.006872073
7/21/2023 6:30,0.009840582
7/21/2023 6:45,0.00712623
7/21/2023 7:00,0.007959906
7/21/2023 7:15,0.007959906
7/21/2023 7:30,0.006616182
7/21/2023 7:45,0.007397582
7/21/2023 8:00,0.008250948
7/21/2023 8:15,0.009180005
7/21/2023 8:30,0.006616182
7/21/2023 8:45,0.007397582
7/21/2023 9:00,0.009846436
7/21/2023 9:15,0.008863175
7/21/2023 9:30,0.007397582
7/21/2023 9:45,0.009180005
7/21/2023 10:00,0.009180005
7/21/2023 10:15,0.008250948
7/21/2023 10:30,0.008863175
7/21/2023 10:45,0.005459012
7/21/2023 11:00,0.008863175
7/21/2023 11:15,0.008250948
7/21/2023 11:30,0.006616182
7/21/2023 11:45,0.006131104
7/21/2023 12:00,0.007959906
7/21/2023 12:15,0.006616182
7/21/2023 12:30,0.00712623
7/21/2023 12:45,0.006367908
7/21/2023 13:00,0.007954961
7/21/2023 13:15,0.007954961
7/21/2023 13:30,0.007959906
7/21/2023 13:45,0.00590134
7/21/2023 14:00,0.006616182
7/21/2023 14:15,0.00590134
7/21/2023 14:30,0.00590134
7/21/2023 14:45,0.00590134
7/21/2023 15:00,0.00590134
7/21/2023 15:15,0.00546268
7/21/2023 15:30,0.00546268
7/21/2023 15:45,0.007954961
7/21/2023 16:00,0.008863175
7/21/2023 16:15,0.007397582
7/21/2023 16:30,0.008863175
7/21/2023 16:45,0.007959906
7/21/2023 17:00,0.005678839
7/21/2023 17:15,0.006372054
7/21/2023 17:30,0.005249546
7/21/2023 17:45,0.007130762
7/21/2023 18:00,0.006372054
7/21/2023 18:15,0.007130762
7/21/2023 18:30,0.005249546
7/21/2023 18:45,0.00590134
7/21/2023 19:00,0.005249546
7/21/2023 19:15,0.007130762
7/21/2023 19:30,0.006616182
7/21/2023 19:45,0.007130762
7/21/2023 20:00,0.007959906
7/21/2023 20:15,0.007397582
7/21/2023 20:30,0.00546268
7/21/2023 20:45,0.009180005
7/21/2023 21:00,0.00590134
7/21/2023 21:15,0.006616182
7/21/2023 21:30,0.006616182
7/21/2023 21:45,0.006616182
7/21/2023 22:00,0.006867671
7/21/2023 22:15,0.009180005
7/21/2023 22:30,0.007397582
7/21/2023 22:45,0.008250948
7/21/2023 23:00,0.007397582
7/21/2023 23:15,0.009180005
7/21/2023 23:30,0.010190111
7/21/2023 23:45,0.008555076
7/22/2023 0:00,0.009180005
7/22/2023 0:15,0.00854984
7/22/2023 0:30,0.006867671
7/22/2023 0:45,0.007672259
7/22/2023 1:00,0.00854984
7/22/2023 1:15,0.010190111
7/22/2023 1:30,0.00854984
7/22/2023 1:45,0.00854984
7/22/2023 2:00,0.007672259
7/22/2023 2:15,0.00854984
7/22/2023 2:30,0.007130762
7/22/2023 2:45,0.007677064
7/22/2023 3:00,0.010190111
7/22/2023 3:15,0.007677064
7/22/2023 3:30,0.011287006
7/22/2023 3:45,0.008250948
7/22/2023 4:00,0.008250948
7/22/2023 4:15,0.009180005
7/22/2023 4:30,0.009511441
7/22/2023 4:45,0.008250948
7/22/2023 5:00,0.008250948
7/22/2023 5:15,0.009505746
7/22/2023 5:30,0.007672259
7/22/2023 5:45,0.006372054
7/22/2023 6:00,0.008250948
7/22/2023 6:15,0.005678839
7/22/2023 6:30,0.00854984
7/22/2023 6:45,0.010190111
7/22/2023 7:00,0.008250948
7/22/2023 7:15,0.008250948
7/22/2023 7:30,0.006867671
7/22/2023 7:45,0.009180005
7/22/2023 8:00,0.009180005
7/22/2023 8:15,0.009180005
7/22/2023 8:30,0.008250948
7/22/2023 8:45,0.007672259
7/22/2023 9:00,0.007672259
7/22/2023 9:15,0.007672259
7/22/2023 9:30,0.006867671
7/22/2023 9:45,0.009180005
7/22/2023 10:00,0.009180005
7/22/2023 10:15,0.011287006
7/22/2023 10:30,0.009180005
7/22/2023 10:45,0.009180005
7/22/2023 11:00,0.006872073
7/22/2023 11:15,0.008250948
7/22/2023 11:30,0.007397582
7/22/2023 11:45,0.009840582
7/22/2023 12:00,0.00590134
7/22/2023 12:15,0.006131104
7/22/2023 12:30,0.007959906
7/22/2023 12:45,0.006131104
7/22/2023 13:00,0.005459012
7/22/2023 13:15,0.006867671
7/22/2023 13:30,0.005043065
7/22/2023 13:45,0.009180005
7/22/2023 14:00,0.007397582
7/22/2023 14:15,0.007397582
7/22/2023 14:30,0.007397582
7/22/2023 14:45,0.008250948
7/22/2023 15:00,0.007397582
7/22/2023 15:15,0.007397582
7/22/2023 15:30,0.009846436
7/22/2023 15:45,0.007959906
7/22/2023 16:00,0.00854984
7/22/2023 16:15,0.014667611
7/22/2023 16:30,0.013323009
7/22/2023 16:45,0.011287006
7/22/2023 17:00,0.012474725
7/22/2023 17:15,0.011287006
7/22/2023 17:30,0.012063511
7/22/2023 17:45,0.013323009
7/22/2023 18:00,0.014207738
7/22/2023 18:15,0.015631151
7/22/2023 18:30,0.014207738
7/22/2023 18:45,0.014207738
7/22/2023 19:00,0.014207738
7/22/2023 19:15,0.011670477
7/22/2023 19:30,0.011670477
7/22/2023 19:45,0.011670477
7/22/2023 20:00,0.011670477
7/22/2023 20:15,0.010907236
7/22/2023 20:30,0.011670477
7/22/2023 20:45,0.00885779
7/22/2023 21:00,0.010190111
7/22/2023 21:15,0.01207039
7/22/2023 21:30,0.010913587
7/22/2023 21:45,0.010190111
7/22/2023 22:00,0.007677064
7/22/2023 22:15,0.014675643
7/22/2023 22:30,0.008250948
7/22/2023 22:45,0.009180005
7/22/2023 23:00,0.008250948
7/22/2023 23:15,0.011287006
7/22/2023 23:30,0.008250948
7/22/2023 23:45,0.012474725
7/23/2023 0:00,0.009180005
7/23/2023 0:15,0.010190111
7/23/2023 0:30,0.010190111
7/23/2023 0:45,0.010190111
7/23/2023 1:00,0.010907236
7/23/2023 1:15,0.010190111
7/23/2023 1:30,0.009511441
7/23/2023 1:45,0.008555076
7/23/2023 2:00,0.010190111
7/23/2023 2:15,0.013323009
7/23/2023 2:30,0.009180005
7/23/2023 2:45,0.009180005
7/23/2023 3:00,0.008250948
7/23/2023 3:15,0.010190111
7/23/2023 3:30,0.006872073
7/23/2023 3:45,0.008250948
7/23/2023 4:00,0.010913587
7/23/2023 4:15,0.011287006
7/23/2023 4:30,0.010913587
7/23/2023 4:45,0.011287006
7/23/2023 5:00,0.010913587
7/23/2023 5:15,0.010190111
7/23/2023 5:30,0.009180005
7/23/2023 5:45,0.00854984
7/23/2023 6:00,0.009180005
7/23/2023 6:15,0.010190111
7/23/2023 6:30,0.009505746
7/23/2023 6:45,0.008250948
7/23/2023 7:00,0.009180005
7/23/2023 7:15,0.010190111
7/23/2023 7:30,0.008250948
7/23/2023 7:45,0.01207039
7/23/2023 8:00,0.00854984
7/23/2023 8:15,0.009505746
7/23/2023 8:30,0.009505746
7/23/2023 8:45,0.010190111
7/23/2023 9:00,0.00854984
7/23/2023 9:15,0.012474725
7/23/2023 9:30,0.011287006
7/23/2023 9:45,0.011287006
7/23/2023 10:00,0.00854984
7/23/2023 10:15,0.010190111
7/23/2023 10:30,0.008250948
7/23/2023 10:45,0.009180005
7/23/2023 11:00,0.010190111
7/23/2023 11:15,0.007672259
7/23/2023 11:30,0.010190111
7/23/2023 11:45,0.006867671
7/23/2023 12:00,0.005459012
7/23/2023 12:15,0.007672259
7/23/2023 12:30,0.008250948
7/23/2023 12:45,0.006131104
7/23/2023 13:00,0.008250948
7/23/2023 13:15,0.007672259
7/23/2023 13:30,0.007397582
7/23/2023 13:45,0.010190111
7/23/2023 14:00,0.011287006
7/23/2023 14:15,0.00854984
7/23/2023 14:30,0.007397582
7/23/2023 14:45,0.009180005
7/23/2023 15:00,0.006135126
7/23/2023 15:15,0.007677064
7/23/2023 15:30,0.007677064
7/23/2023 15:45,0.008250948
7/23/2023 16:00,0.008250948
7/23/2023 16:15,0.007397582
7/23/2023 16:30,0.007672259
7/23/2023 16:45,0.008250948
7/23/2023 17:00,0.00590134
7/23/2023 17:15,0.007397582
7/23/2023 17:30,0.007397582
7/23/2023 17:45,0.006616182
7/23/2023 18:00,0.006131104
7/23/2023 18:15,0.006616182
7/23/2023 18:30,0.006616182
7/23/2023 18:45,0.007397582
7/23/2023 19:00,0.006867671
7/23/2023 19:15,0.007672259
7/23/2023 19:30,0.007672259
7/23/2023 19:45,0.006867671
7/23/2023 20:00,0.006867671
7/23/2023 20:15,0.006867671
7/23/2023 20:30,0.007397582
7/23/2023 20:45,0.006616182
7/23/2023 21:00,0.007397582
7/23/2023 21:15,0.007677064
7/23/2023 21:30,0.009180005
7/23/2023 21:45,0.006131104
7/23/2023 22:00,0.00546268
7/23/2023 22:15,0.006867671
7/23/2023 22:30,0.004471708
7/23/2023 22:45,0.007672259
7/23/2023 23:00,0.006867671
7/23/2023 23:15,0.006367908
7/23/2023 23:30,0.00854984
7/23/2023 23:45,0.008250948
7/24/2023 0:00,0.007672259
7/24/2023 0:15,0.005675055
7/24/2023 0:30,0.007672259
7/24/2023 0:45,0.005043065
7/24/2023 1:00,0.010190111
7/24/2023 1:15,0.006367908
7/24/2023 1:30,0.00854984
7/24/2023 1:45,0.00854984
7/24/2023 2:00,0.007672259
7/24/2023 2:15,0.005675055
7/24/2023 2:30,0.008250948
7/24/2023 2:45,0.006867671
7/24/2023 3:00,0.006867671
7/24/2023 3:15,0.006131104
7/24/2023 3:30,0.006867671
7/24/2023 3:45,0.008250948
7/24/2023 4:00,0.006867671
7/24/2023 4:15,0.009180005
7/24/2023 4:30,0.007672259
7/24/2023 4:45,0.00712623
7/24/2023 5:00,0.009505746
7/24/2023 5:15,0.006867671
7/24/2023 5:30,0.009505746
7/24/2023 5:45,0.005675055
7/24/2023 6:00,0.006867671
7/24/2023 6:15,0.010190111
7/24/2023 6:30,0.008555076
7/24/2023 6:45,0.007130762
7/24/2023 7:00,0.007677064
7/24/2023 7:15,0.008555076
7/24/2023 7:30,0.007677064
7/24/2023 7:45,0.007959906
7/24/2023 8:00,0.007959906
7/24/2023 8:15,0.007959906
7/24/2023 8:30,0.006372054
7/24/2023 8:45,0.007672259
7/24/2023 9:00,0.007130762
7/24/2023 9:15,0.00854984
7/24/2023 9:30,0.009505746
7/24/2023 9:45,0.007130762
7/24/2023 10:00,0.007672259
7/24/2023 10:15,0.007130762
7/24/2023 10:30,0.005678839
7/24/2023 10:45,0.006872073
7/24/2023 11:00,0.005678839
7/24/2023 11:15,0.006372054
7/24/2023 11:30,0.006372054
7/24/2023 11:45,0.005678839
7/24/2023 12:00,0.005678839
7/24/2023 12:15,0.006372054
7/24/2023 12:30,0.005678839
7/24/2023 12:45,0.005678839
7/24/2023 13:00,0.006131104
7/24/2023 13:15,0.006131104
7/24/2023 13:30,0.006367908
7/24/2023 13:45,0.005675055
7/24/2023 14:00,0.003629117
7/24/2023 14:15,0.004468579
7/24/2023 14:30,0.005249546
7/24/2023 14:45,0.004117148
7/24/2023 15:00,0.004117148
7/24/2023 15:15,0.004468579
7/24/2023 15:30,0.004656234
7/24/2023 15:45,0.005043065
7/24/2023 16:00,0.004656234
7/24/2023 16:15,0.005043065
7/24/2023 16:30,0.004117148
7/24/2023 16:45,0.005043065
7/24/2023 17:00,0.006131104
7/24/2023 17:15,0.003949867
7/24/2023 17:30,0.005678839
7/24/2023 17:45,0.004471708
7/24/2023 18:00,0.003949867
7/24/2023 18:15,0.004849758
7/24/2023 18:30,0.00546268
7/24/2023 18:45,0.004471708
7/24/2023 19:00,0.006372054
7/24/2023 19:15,0.00504651
7/24/2023 19:30,0.005678839
7/24/2023 19:45,0.00504651
7/24/2023 20:00,0.004656234
7/24/2023 20:15,0.006131104
7/24/2023 20:30,0.005675055
7/24/2023 20:45,0.005459012
7/24/2023 21:00,0.007397582
7/24/2023 21:15,0.006367908
7/24/2023 21:30,0.006367908
7/24/2023 21:45,0.006367908
7/24/2023 22:00,0.005675055
7/24/2023 22:15,0.007672259
7/24/2023 22:30,0.006131104
7/24/2023 22:45,0.00590134
7/24/2023 23:00,0.006367908
7/24/2023 23:15,0.006867671
7/24/2023 23:30,0.006372054
7/24/2023 23:45,0.006367908
7/25/2023 0:00,0.005675055
7/25/2023 0:15,0.006367908
7/25/2023 0:30,0.006367908
7/25/2023 0:45,0.006367908
7/25/2023 1:00,0.009180005
7/25/2023 1:15,0.008250948
7/25/2023 1:30,0.006867671
7/25/2023 1:45,0.006867671
7/25/2023 2:00,0.006867671
7/25/2023 2:15,0.006867671
7/25/2023 2:30,0.00854984
7/25/2023 2:45,0.00504651
7/25/2023 3:00,0.006867671
7/25/2023 3:15,0.006131104
7/25/2023 3:30,0.006867671
7/25/2023 3:45,0.006372054
7/25/2023 4:00,0.006867671
7/25/2023 4:15,0.006867671
7/25/2023 4:30,0.007130762
7/25/2023 4:45,0.006867671
7/25/2023 5:00,0.006867671
7/25/2023 5:15,0.006131104
7/25/2023 5:30,0.006867671
7/25/2023 5:45,0.006867671
7/25/2023 6:00,0.006867671
7/25/2023 6:15,0.006867671
7/25/2023 6:30,0.006131104
7/25/2023 6:45,0.007672259
7/25/2023 7:00,0.006867671
7/25/2023 7:15,0.007672259
7/25/2023 7:30,0.005678839
7/25/2023 7:45,0.007130762
7/25/2023 8:00,0.007130762
7/25/2023 8:15,0.007677064
7/25/2023 8:30,0.006372054
7/25/2023 8:45,0.007677064
7/25/2023 9:00,0.006872073
7/25/2023 9:15,0.007130762
7/25/2023 9:30,0.007959906
7/25/2023 9:45,0.005678839
7/25/2023 10:00,0.00504651
7/25/2023 10:15,0.006372054
7/25/2023 10:30,0.007672259
7/25/2023 10:45,0.008250948
7/25/2023 11:00,0.006867671
7/25/2023 11:15,0.006372054
7/25/2023 11:30,0.005459012
7/25/2023 11:45,0.005459012
7/25/2023 12:00,0.006131104
7/25/2023 12:15,0.00484642
7/25/2023 12:30,0.004468579
7/25/2023 12:45,0.005043065
7/25/2023 13:00,0.005675055
7/25/2023 13:15,0.005675055
7/25/2023 13:30,0.006131104
7/25/2023 13:45,0.005043065
7/25/2023 14:00,0.006867671
7/25/2023 14:15,0.005678839
7/25/2023 14:30,0.004471708
7/25/2023 14:45,0.00590134
7/25/2023 15:00,0.006135126
7/25/2023 15:15,0.005459012
7/25/2023 15:30,0.007397582
7/25/2023 15:45,0.005459012
7/25/2023 16:00,0.006131104
7/25/2023 16:15,0.00484642
7/25/2023 16:30,0.006616182
7/25/2023 16:45,0.005459012
7/25/2023 17:00,0.006867671
7/25/2023 17:15,0.005459012
7/25/2023 17:30,0.006616182
7/25/2023 17:45,0.006616182
7/25/2023 18:00,0.006616182
7/25/2023 18:15,0.006867671
7/25/2023 18:30,0.008250948
7/25/2023 18:45,0.00590134
7/25/2023 19:00,0.006616182
7/25/2023 19:15,0.006616182
7/25/2023 19:30,0.007397582
7/25/2023 19:45,0.007397582
7/25/2023 20:00,0.00590134
7/25/2023 20:15,0.006616182
7/25/2023 20:30,0.00590134
7/25/2023 20:45,0.007397582
7/25/2023 21:00,0.006867671
7/25/2023 21:15,0.006131104
7/25/2023 21:30,0.006135126
7/25/2023 21:45,0.006135126
7/25/2023 22:00,0.00504651
7/25/2023 22:15,0.006872073
7/25/2023 22:30,0.006872073
7/25/2023 22:45,0.006131104
7/25/2023 23:00,0.008250948
7/25/2023 23:15,0.006135126
7/25/2023 23:30,0.006872073
7/25/2023 23:45,0.006616182
7/26/2023 0:00,0.007677064
7/26/2023 0:15,0.006872073
7/26/2023 0:30,0.006872073
7/26/2023 0:45,0.00546268
7/26/2023 1:00,0.007677064
7/26/2023 1:15,0.006872073
7/26/2023 1:30,0.009180005
7/26/2023 1:45,0.006135126
7/26/2023 2:00,0.006131104
7/26/2023 2:15,0.007397582
7/26/2023 2:30,0.006872073
7/26/2023 2:45,0.006131104
7/26/2023 3:00,0.007397582
7/26/2023 3:15,0.006867671
7/26/2023 3:30,0.006131104
7/26/2023 3:45,0.006867671
7/26/2023 4:00,0.006867671
7/26/2023 4:15,0.006131104
7/26/2023 4:30,0.007397582
7/26/2023 4:45,0.005459012
7/26/2023 5:00,0.006867671
7/26/2023 5:15,0.006616182
7/26/2023 5:30,0.007397582
7/26/2023 5:45,0.008250948
7/26/2023 6:00,0.007677064
7/26/2023 6:15,0.007677064
7/26/2023 6:30,0.007397582
7/26/2023 6:45,0.006872073
7/26/2023 7:00,0.007677064
7/26/2023 7:15,0.006872073
7/26/2023 7:30,0.006372054
7/26/2023 7:45,0.006867671
7/26/2023 8:00,0.007672259
7/26/2023 8:15,0.007672259
7/26/2023 8:30,0.006867671
7/26/2023 8:45,0.006867671
7/26/2023 9:00,0.007672259
7/26/2023 9:15,0.007672259
7/26/2023 9:30,0.00504651
7/26/2023 9:45,0.00854984
7/26/2023 10:00,0.006131104
7/26/2023 10:15,0.009505746
7/26/2023 10:30,0.007672259
7/26/2023 10:45,0.00854984
7/26/2023 11:00,0.007397582
7/26/2023 11:15,0.005678839
7/26/2023 11:30,0.007397582
7/26/2023 11:45,0.007397582
7/26/2023 12:00,0.006872073
7/26/2023 12:15,0.00546268
7/26/2023 12:30,0.00504651
7/26/2023 12:45,0.004471708
7/26/2023 13:00,0.004290007
7/26/2023 13:15,0.006131104
7/26/2023 13:30,0.005678839
7/26/2023 13:45,0.006131104
7/26/2023 14:00,0.006131104
7/26/2023 14:15,0.006867671
7/26/2023 14:30,0.006867671
7/26/2023 14:45,0.007672259
7/26/2023 15:00,0.008250948
7/26/2023 15:15,0.00590134
7/26/2023 15:30,0.008250948
7/26/2023 15:45,0.008863175
7/26/2023 16:00,0.007397582
7/26/2023 16:15,0.009180005
7/26/2023 16:30,0.008863175
7/26/2023 16:45,0.010543843
7/26/2023 17:00,0.007954961
7/26/2023 17:15,0.00885779
7/26/2023 17:30,0.009840582
7/26/2023 17:45,0.009840582
7/26/2023 18:00,0.00885779
7/26/2023 18:15,0.007130762
7/26/2023 18:30,0.00885779
7/26/2023 18:45,0.00885779
7/26/2023 19:00,0.006616182
7/26/2023 19:15,0.008250948
7/26/2023 19:30,0.007397582
7/26/2023 19:45,0.006616182
7/26/2023 20:00,0.006867671
7/26/2023 20:15,0.008863175
7/26/2023 20:30,0.007959906
7/26/2023 20:45,0.009180005
7/26/2023 21:00,0.006616182
7/26/2023 21:15,0.006616182
7/26/2023 21:30,0.008250948
7/26/2023 21:45,0.008555076
7/26/2023 22:00,0.006872073
7/26/2023 22:15,0.00854984
7/26/2023 22:30,0.00854984
7/26/2023 22:45,0.009180005
7/26/2023 23:00,0.007397582
7/26/2023 23:15,0.007397582
7/26/2023 23:30,0.007677064
7/26/2023 23:45,0.007672259
7/27/2023 0:00,0.010190111
7/27/2023 0:15,0.008250948
7/27/2023 0:30,0.009180005
7/27/2023 0:45,0.007672259
7/27/2023 1:00,0.010190111
7/27/2023 1:15,0.008250948
7/27/2023 1:30,0.00590134
7/27/2023 1:45,0.007397582
7/27/2023 2:00,0.008250948
7/27/2023 2:15,0.008250948
7/27/2023 2:30,0.007672259
7/27/2023 2:45,0.007959906
7/27/2023 3:00,0.008863175
7/27/2023 3:15,0.007397582
7/27/2023 3:30,0.006616182
7/27/2023 3:45,0.007672259
7/27/2023 4:00,0.008250948
7/27/2023 4:15,0.008863175
7/27/2023 4:30,0.007959906
7/27/2023 4:45,0.008863175
7/27/2023 5:00,0.007397582
7/27/2023 5:15,0.008250948
7/27/2023 5:30,0.009846436
7/27/2023 5:45,0.009846436
7/27/2023 6:00,0.010190111
7/27/2023 6:15,0.007672259
7/27/2023 6:30,0.010190111
7/27/2023 6:45,0.010190111
7/27/2023 7:00,0.008250948
7/27/2023 7:15,0.008250948
7/27/2023 7:30,0.007677064
7/27/2023 7:45,0.007677064
7/27/2023 8:00,0.00885779
7/27/2023 8:15,0.006872073
7/27/2023 8:30,0.007677064
7/27/2023 8:45,0.010190111
7/27/2023 9:00,0.006872073
7/27/2023 9:15,0.010190111
7/27/2023 9:30,0.009180005
7/27/2023 9:45,0.008555076
7/27/2023 10:00,0.006135126
7/27/2023 10:15,0.006872073
7/27/2023 10:30,0.007397582
7/27/2023 10:45,0.007397582
7/27/2023 11:00,0.006131104
7/27/2023 11:15,0.008250948
7/27/2023 11:30,0.008250948
7/27/2023 11:45,0.006872073
7/27/2023 12:00,0.00590134
7/27/2023 12:15,0.006131104
7/27/2023 12:30,0.006131104
7/27/2023 12:45,0.00590134
7/27/2023 13:00,0.006131104
7/27/2023 13:15,0.007397582
7/27/2023 13:30,0.005459012
7/27/2023 13:45,0.006131104
7/27/2023 14:00,0.006616182
7/27/2023 14:15,0.006616182
7/27/2023 14:30,0.006131104
7/27/2023 14:45,0.00590134
7/27/2023 15:00,0.007397582
7/27/2023 15:15,0.006616182
7/27/2023 15:30,0.006616182
7/27/2023 15:45,0.00885779
7/27/2023 16:00,0.008250948
7/27/2023 16:15,0.008863175
7/27/2023 16:30,0.008863175
7/27/2023 16:45,0.011670477
7/27/2023 17:00,0.009180005
7/27/2023 17:15,0.007954961
7/27/2023 17:30,0.009840582
7/27/2023 17:45,0.009846436
7/27/2023 18:00,0.007959906
7/27/2023 18:15,0.010913587
7/27/2023 18:30,0.009846436
7/27/2023 18:45,0.008863175
7/27/2023 19:00,0.011670477
7/27/2023 19:15,0.011670477
7/27/2023 19:30,0.010543843
7/27/2023 19:45,0.012889717
7/27/2023 20:00,0.010913587
7/27/2023 20:15,0.010913587
7/27/2023 20:30,0.009180005
7/27/2023 20:45,0.01207039
7/27/2023 21:00,0.008250948
7/27/2023 21:15,0.010190111
7/27/2023 21:30,0.010913587
7/27/2023 21:45,0.011287006
7/27/2023 22:00,0.008250948
7/27/2023 22:15,0.010190111
7/27/2023 22:30,0.009511441
7/27/2023 22:45,0.009511441
7/27/2023 23:00,0.012474725
7/27/2023 23:15,0.009511441
7/27/2023 23:30,0.013760124
7/27/2023 23:45,0.009180005
7/28/2023 0:00,0.010190111
7/28/2023 0:15,0.010190111
7/28/2023 0:30,0.010190111
7/28/2023 0:45,0.010190111
7/28/2023 1:00,0.010190111
7/28/2023 1:15,0.010913587
7/28/2023 1:30,0.010190111
7/28/2023 1:45,0.011287006
7/28/2023 2:00,0.010190111
7/28/2023 2:15,0.009511441
7/28/2023 2:30,0.010907236
7/28/2023 2:45,0.008250948
7/28/2023 3:00,0.010190111
7/28/2023 3:15,0.008250948
7/28/2023 3:30,0.010190111
7/28/2023 3:45,0.009180005
7/28/2023 4:00,0.009846436
7/28/2023 4:15,0.009180005
7/28/2023 4:30,0.010190111
7/28/2023 4:45,0.010190111
7/28/2023 5:00,0.008250948
7/28/2023 5:15,0.008250948
7/28/2023 5:30,0.010907236
7/28/2023 5:45,0.009180005
7/28/2023 6:00,0.009840582
7/28/2023 6:15,0.011287006
7/28/2023 6:30,0.009180005
7/28/2023 6:45,0.010190111
7/28/2023 7:00,0.009180005
7/28/2023 7:15,0.008250948
7/28/2023 7:30,0.008250948
7/28/2023 7:45,0.008250948
7/28/2023 8:00,0.010190111
7/28/2023 8:15,0.009180005
7/28/2023 8:30,0.007672259
7/28/2023 8:45,0.00854984
7/28/2023 9:00,0.00854984
7/28/2023 9:15,0.009505746
7/28/2023 9:30,0.009180005
7/28/2023 9:45,0.010190111
7/28/2023 10:00,0.00854984
7/28/2023 10:15,0.009180005
7/28/2023 10:30,0.007397582
7/28/2023 10:45,0.007397582
7/28/2023 11:00,0.007672259
7/28/2023 11:15,0.007397582
7/28/2023 11:30,0.006135126
7/28/2023 11:45,0.008250948
7/28/2023 12:00,0.006872073
7/28/2023 12:15,0.006872073
7/28/2023 12:30,0.00546268
7/28/2023 12:45,0.008555076
7/28/2023 13:00,0.006616182
7/28/2023 13:15,0.007677064
7/28/2023 13:30,0.005678839
7/28/2023 13:45,0.006867671
7/28/2023 14:00,0.007677064
7/28/2023 14:15,0.006616182
7/28/2023 14:30,0.006135126
7/28/2023 14:45,0.007397582
7/28/2023 15:00,0.006616182
7/28/2023 15:15,0.006867671
7/28/2023 15:30,0.007397582
7/28/2023 15:45,0.007959906
7/28/2023 16:00,0.006867671
7/28/2023 16:15,0.006131104
7/28/2023 16:30,0.005249546
7/28/2023 16:45,0.00590134
7/28/2023 17:00,0.005249546
7/28/2023 17:15,0.004849758
7/28/2023 17:30,0.00590134
7/28/2023 17:45,0.004849758
7/28/2023 18:00,0.00590134
7/28/2023 18:15,0.006616182
7/28/2023 18:30,0.00590134
7/28/2023 18:45,0.006616182
7/28/2023 19:00,0.004471708
7/28/2023 19:15,0.006131104
7/28/2023 19:30,0.00590134
7/28/2023 19:45,0.006867671
7/28/2023 20:00,0.006131104
7/28/2023 20:15,0.006131104
7/28/2023 20:30,0.005459012
7/28/2023 20:45,0.006616182
7/28/2023 21:00,0.005678839
7/28/2023 21:15,0.00854984
7/28/2023 21:30,0.009180005
7/28/2023 21:45,0.00712623
7/28/2023 22:00,0.00712623
7/28/2023 22:15,0.00712623
7/28/2023 22:30,0.006867671
7/28/2023 22:45,0.006131104
7/28/2023 23:00,0.007672259
7/28/2023 23:15,0.005675055
7/28/2023 23:30,0.007672259
7/28/2023 23:45,0.006867671
7/29/2023 0:00,0.006867671
7/29/2023 0:15,0.007672259
7/29/2023 0:30,0.00854984
7/29/2023 0:45,0.006131104
7/29/2023 1:00,0.009505746
7/29/2023 1:15,0.00854984
7/29/2023 1:30,0.009180005
7/29/2023 1:45,0.006867671
7/29/2023 2:00,0.009180005
7/29/2023 2:15,0.006867671
7/29/2023 2:30,0.007672259
7/29/2023 2:45,0.007672259
7/29/2023 3:00,0.007672259
7/29/2023 3:15,0.00854984
7/29/2023 3:30,0.007672259
7/29/2023 3:45,0.005678839
7/29/2023 4:00,0.007672259
7/29/2023 4:15,0.010190111
7/29/2023 4:30,0.007672259
7/29/2023 4:45,0.006867671
7/29/2023 5:00,0.007672259
7/29/2023 5:15,0.007672259
7/29/2023 5:30,0.00712623
7/29/2023 5:45,0.007672259
7/29/2023 6:00,0.00854984
7/29/2023 6:15,0.00712623
7/29/2023 6:30,0.00854984
7/29/2023 6:45,0.006131104
7/29/2023 7:00,0.006867671
7/29/2023 7:15,0.008555076
7/29/2023 7:30,0.009180005
7/29/2023 7:45,0.008555076
7/29/2023 8:00,0.009511441
7/29/2023 8:15,0.009511441
7/29/2023 8:30,0.008555076
7/29/2023 8:45,0.008555076
7/29/2023 9:00,0.007677064
7/29/2023 9:15,0.007677064
7/29/2023 9:30,0.007677064
7/29/2023 9:45,0.008555076
7/29/2023 10:00,0.007130762
7/29/2023 10:15,0.007130762
7/29/2023 10:30,0.006872073
7/29/2023 10:45,0.005678839
7/29/2023 11:00,0.004471708
7/29/2023 11:15,0.006372054
7/29/2023 11:30,0.005043065
7/29/2023 11:45,0.006131104
7/29/2023 12:00,0.006867671
7/29/2023 12:15,0.006367908
7/29/2023 12:30,0.006867671
7/29/2023 12:45,0.00712623
7/29/2023 13:00,0.005043065
7/29/2023 13:15,0.006372054
7/29/2023 13:30,0.007130762
7/29/2023 13:45,0.010550026
7/29/2023 14:00,0.011287006
7/29/2023 14:15,0.010550026
7/29/2023 14:30,0.012474725
7/29/2023 14:45,0.022124763
7/29/2023 15:00,0.047112947
7/29/2023 15:15,0.044036856
7/29/2023 15:30,0.047112947
7/29/2023 15:45,0.059399691
7/29/2023 16:00,0.037801763
7/29/2023 16:15,0.025262394
7/29/2023 16:30,0.034674371
7/29/2023 16:45,0.020528229
7/29/2023 17:00,0.025262394
7/29/2023 17:15,0.016127024
7/29/2023 17:30,0.017164305
7/29/2023 17:45,0.016135681
7/29/2023 18:00,0.016135681
7/29/2023 18:15,0.013323009
7/29/2023 18:30,0.014675643
7/29/2023 18:45,0.013323009
7/29/2023 19:00,0.01207039
7/29/2023 19:15,0.014675643
7/29/2023 19:30,0.011287006
7/29/2023 19:45,0.01207039
7/29/2023 20:00,0.01207039
7/29/2023 20:15,0.013760124
7/29/2023 20:30,0.012474725
7/29/2023 20:45,0.013760124
7/29/2023 21:00,0.014667611
7/29/2023 21:15,0.011287006
7/29/2023 21:30,0.010550026
7/29/2023 21:45,0.011287006
7/29/2023 22:00,0.013760124
7/29/2023 22:15,0.010543843
7/29/2023 22:30,0.011670477
7/29/2023 22:45,0.010543843
7/29/2023 23:00,0.011287006
7/29/2023 23:15,0.010190111
7/29/2023 23:30,0.011287006
7/29/2023 23:45,0.011670477
7/30/2023 0:00,0.010543843
7/30/2023 0:15,0.010543843
7/30/2023 0:30,0.011287006
7/30/2023 0:45,0.012889717
7/30/2023 1:00,0.009505746
7/30/2023 1:15,0.010190111
7/30/2023 1:30,0.011287006
7/30/2023 1:45,0.00854984
7/30/2023 2:00,0.012889717
7/30/2023 2:15,0.009511441
7/30/2023 2:30,0.009511441
7/30/2023 2:45,0.009511441
7/30/2023 3:00,0.011677178
7/30/2023 3:15,0.009511441
7/30/2023 3:30,0.011287006
7/30/2023 3:45,0.011287006
7/30/2023 4:00,0.011287006
7/30/2023 4:15,0.010543843
7/30/2023 4:30,0.010543843
7/30/2023 4:45,0.010543843
7/30/2023 5:00,0.010543843
7/30/2023 5:15,0.010190111
7/30/2023 5:30,0.010190111
7/30/2023 5:45,0.011287006
7/30/2023 6:00,0.010190111
7/30/2023 6:15,0.009180005
7/30/2023 6:30,0.010550026
7/30/2023 6:45,0.011287006
7/30/2023 7:00,0.008555076
7/30/2023 7:15,0.009511441
7/30/2023 7:30,0.011677178
7/30/2023 7:45,0.010550026
7/30/2023 8:00,0.010190111
7/30/2023 8:15,0.010543843
7/30/2023 8:30,0.010543843
7/30/2023 8:45,0.011670477
7/30/2023 9:00,0.011670477
7/30/2023 9:15,0.010543843
7/30/2023 9:30,0.011287006
7/30/2023 9:45,0.010543843
7/30/2023 10:00,0.010190111
7/30/2023 10:15,0.010543843
7/30/2023 10:30,0.00854984
7/30/2023 10:45,0.008555076
7/30/2023 11:00,0.007677064
7/30/2023 11:15,0.007677064
7/30/2023 11:30,0.009180005
7/30/2023 11:45,0.006867671
7/30/2023 12:00,0.00854984
7/30/2023 12:15,0.00854984
7/30/2023 12:30,0.007672259
7/30/2023 12:45,0.007672259
7/30/2023 13:00,0.009180005
7/30/2023 13:15,0.007672259
7/30/2023 13:30,0.00854984
7/30/2023 13:45,0.007672259
7/30/2023 14:00,0.00854984
7/30/2023 14:15,0.006867671
7/30/2023 14:30,0.009180005
7/30/2023 14:45,0.008250948
7/30/2023 15:00,0.009180005
7/30/2023 15:15,0.007677064
7/30/2023 15:30,0.008555076
7/30/2023 15:45,0.007397582
7/30/2023 16:00,0.007672259
7/30/2023 16:15,0.008250948
7/30/2023 16:30,0.006867671
7/30/2023 16:45,0.008250948
7/30/2023 17:00,0.006867671
7/30/2023 17:15,0.009180005
7/30/2023 17:30,0.008250948
7/30/2023 17:45,0.007397582
7/30/2023 18:00,0.008863175
7/30/2023 18:15,0.006867671
7/30/2023 18:30,0.008863175
7/30/2023 18:45,0.007397582
7/30/2023 19:00,0.006616182
7/30/2023 19:15,0.006616182
7/30/2023 19:30,0.008250948
7/30/2023 19:45,0.007397582
7/30/2023 20:00,0.006616182
7/30/2023 20:15,0.006867671
7/30/2023 20:30,0.008863175
7/30/2023 20:45,0.006131104
7/30/2023 21:00,0.007397582
7/30/2023 21:15,0.006867671
7/30/2023 21:30,0.007677064
7/30/2023 21:45,0.007677064
7/30/2023 22:00,0.007397582
7/30/2023 22:15,0.006867671
7/30/2023 22:30,0.008250948
7/30/2023 22:45,0.00854984
7/30/2023 23:00,0.008250948
7/30/2023 23:15,0.008555076
7/30/2023 23:30,0.006872073
7/30/2023 23:45,0.008250948
7/31/2023 0:00,0.006872073
7/31/2023 0:15,0.007672259
7/31/2023 0:30,0.009180005
7/31/2023 0:45,0.008250948
7/31/2023 1:00,0.007677064
7/31/2023 1:15,0.008250948
7/31/2023 1:30,0.008250948
7/31/2023 1:45,0.009180005
7/31/2023 2:00,0.009180005
7/31/2023 2:15,0.00854984
7/31/2023 2:30,0.00854984
7/31/2023 2:45,0.009180005
7/31/2023 3:00,0.009846436
7/31/2023 3:15,0.009180005
7/31/2023 3:30,0.009180005
7/31/2023 3:45,0.009180005
7/31/2023 4:00,0.008250948
7/31/2023 4:15,0.007397582
7/31/2023 4:30,0.009180005
7/31/2023 4:45,0.009846436
7/31/2023 5:00,0.00854984
7/31/2023 5:15,0.009846436
7/31/2023 5:30,0.007397582
7/31/2023 5:45,0.009180005
7/31/2023 6:00,0.009180005
7/31/2023 6:15,0.006867671
7/31/2023 6:30,0.009180005
7/31/2023 6:45,0.008250948
7/31/2023 7:00,0.008250948
7/31/2023 7:15,0.009180005
7/31/2023 7:30,0.009180005
7/31/2023 7:45,0.007677064
7/31/2023 8:00,0.008250948
7/31/2023 8:15,0.007397582
7/31/2023 8:30,0.010190111
7/31/2023 8:45,0.009180005
7/31/2023 9:00,0.007397582
7/31/2023 9:15,0.008555076
7/31/2023 9:30,0.008250948
7/31/2023 9:45,0.009180005
7/31/2023 10:00,0.009180005
7/31/2023 10:15,0.007677064
7/31/2023 10:30,0.008250948
7/31/2023 10:45,0.007677064
7/31/2023 11:00,0.007397582
7/31/2023 11:15,0.007397582
7/31/2023 11:30,0.00546268
7/31/2023 11:45,0.009180005
7/31/2023 12:00,0.006616182
7/31/2023 12:15,0.007397582
7/31/2023 12:30,0.006131104
7/31/2023 12:45,0.005459012
7/31/2023 13:00,0.00590134
7/31/2023 13:15,0.00590134
7/31/2023 13:30,0.00590134
7/31/2023 13:45,0.00590134
7/31/2023 14:00,0.007397582
7/31/2023 14:15,0.00590134
7/31/2023 14:30,0.00590134
7/31/2023 14:45,0.007954961
7/31/2023 15:00,0.006616182
7/31/2023 15:15,0.005678839
7/31/2023 15:30,0.006616182
7/31/2023 15:45,0.007130762
7/31/2023 16:00,0.00590134
7/31/2023 16:15,0.004656234
7/31/2023 16:30,0.00590134
7/31/2023 16:45,0.006616182
7/31/2023 17:00,0.005249546
7/31/2023 17:15,0.005249546
7/31/2023 17:30,0.00590134
7/31/2023 17:45,0.004656234
7/31/2023 18:00,0.005249546
7/31/2023 18:15,0.007130762
7/31/2023 18:30,0.00590134
7/31/2023 18:45,0.005249546
7/31/2023 19:00,0.007397582
7/31/2023 19:15,0.006616182
7/31/2023 19:30,0.00590134
7/31/2023 19:45,0.00590134
7/31/2023 20:00,0.006372054
7/31/2023 20:15,0.00590134
7/31/2023 20:30,0.006616182
7/31/2023 20:45,0.00590134
7/31/2023 21:00,0.004849758
7/31/2023 21:15,0.004849758
7/31/2023 21:30,0.004849758
7/31/2023 21:45,0.006616182
7/31/2023 22:00,0.00590134
7/31/2023 22:15,0.005249546
7/31/2023 22:30,0.00590134
7/31/2023 22:45,0.006616182
7/31/2023 23:00,0.00484642
7/31/2023 23:15,0.00590134
7/31/2023 23:30,0.006131104
7/31/2023 23:45,0.006131104
8/1/2023 0:00,0.00590134
8/1/2023 0:15,0.006616182
8/1/2023 0:30,0.006867671
8/1/2023 0:45,0.005459012
8/1/2023 1:00,0.006131104
8/1/2023 1:15,0.005459012
8/1/2023 1:30,0.006131104
8/1/2023 1:45,0.006131104
8/1/2023 2:00,0.006616182
8/1/2023 2:15,0.006616182
8/1/2023 2:30,0.006616182
8/1/2023 2:45,0.006867671
8/1/2023 3:00,0.006131104
8/1/2023 3:15,0.007397582
8/1/2023 3:30,0.005459012
8/1/2023 3:45,0.006131104
8/1/2023 4:00,0.006131104
8/1/2023 4:15,0.006867671
8/1/2023 4:30,0.006867671
8/1/2023 4:45,0.008250948
8/1/2023 5:00,0.006867671
8/1/2023 5:15,0.006867671
8/1/2023 5:30,0.006867671
8/1/2023 5:45,0.006867671
8/1/2023 6:00,0.006616182
8/1/2023 6:15,0.006867671
8/1/2023 6:30,0.008250948
8/1/2023 6:45,0.007672259
8/1/2023 7:00,0.006867671
8/1/2023 7:15,0.008250948
8/1/2023 7:30,0.007130762
8/1/2023 7:45,0.00854984
8/1/2023 8:00,0.009505746
8/1/2023 8:15,0.00854984
8/1/2023 8:30,0.009180005
8/1/2023 8:45,0.00712623
8/1/2023 9:00,0.008250948
8/1/2023 9:15,0.00712623
8/1/2023 9:30,0.009180005
8/1/2023 9:45,0.009180005
8/1/2023 10:00,0.00854984
8/1/2023 10:15,0.007672259
8/1/2023 10:30,0.00854984
8/1/2023 10:45,0.008250948
8/1/2023 11:00,0.00854984
8/1/2023 11:15,0.007672259
8/1/2023 11:30,0.007672259
8/1/2023 11:45,0.00854984
8/1/2023 12:00,0.007397582
8/1/2023 12:15,0.010190111
8/1/2023 12:30,0.007397582
8/1/2023 12:45,0.008250948
8/1/2023 13:00,0.008250948
8/1/2023 13:15,0.006616182
8/1/2023 13:30,0.006867671
8/1/2023 13:45,0.008250948
8/1/2023 14:00,0.006616182
8/1/2023 14:15,0.009180005
8/1/2023 14:30,0.007130762
8/1/2023 14:45,0.007959906
8/1/2023 15:00,0.007397582
8/1/2023 15:15,0.00546268
8/1/2023 15:30,0.006616182
8/1/2023 15:45,0.00712623
8/1/2023 16:00,0.00590134
8/1/2023 16:15,0.00590134
8/1/2023 16:30,0.00590134
8/1/2023 16:45,0.007954961
8/1/2023 17:00,0.006616182
8/1/2023 17:15,0.006616182
8/1/2023 17:30,0.006616182
8/1/2023 17:45,0.006616182
8/1/2023 18:00,0.007397582
8/1/2023 18:15,0.008250948
8/1/2023 18:30,0.006616182
8/1/2023 18:45,0.009846436
8/1/2023 19:00,0.009846436
8/1/2023 19:15,0.007397582
8/1/2023 19:30,0.009840582
8/1/2023 19:45,0.009180005
8/1/2023 20:00,0.00590134
8/1/2023 20:15,0.006616182
8/1/2023 20:30,0.007397582
8/1/2023 20:45,0.008250948
8/1/2023 21:00,0.007397582
8/1/2023 21:15,0.008250948
8/1/2023 21:30,0.008250948
8/1/2023 21:45,0.007397582
8/1/2023 22:00,0.008250948
8/1/2023 22:15,0.007672259
8/1/2023 22:30,0.007397582
8/1/2023 22:45,0.00854984
8/1/2023 23:00,0.007397582
8/1/2023 23:15,0.006867671
8/1/2023 23:30,0.007672259
8/1/2023 23:45,0.00854984
8/2/2023 0:00,0.007672259
8/2/2023 0:15,0.007672259
8/2/2023 0:30,0.006867671
8/2/2023 0:45,0.00854984
8/2/2023 1:00,0.006616182
8/2/2023 1:15,0.007397582
8/2/2023 1:30,0.008250948
8/2/2023 1:45,0.007397582
8/2/2023 2:00,0.009180005
8/2/2023 2:15,0.007672259
8/2/2023 2:30,0.007397582
8/2/2023 2:45,0.008863175
8/2/2023 3:00,0.007672259
8/2/2023 3:15,0.008250948
8/2/2023 3:30,0.006616182
8/2/2023 3:45,0.006616182
8/2/2023 4:00,0.007959906
8/2/2023 4:15,0.007397582
8/2/2023 4:30,0.008250948
8/2/2023 4:45,0.007397582
8/2/2023 5:00,0.007397582
8/2/2023 5:15,0.009180005
8/2/2023 5:30,0.007397582
8/2/2023 5:45,0.007397582
8/2/2023 6:00,0.009846436
8/2/2023 6:15,0.006867671
8/2/2023 6:30,0.008250948
8/2/2023 6:45,0.007397582
8/2/2023 7:00,0.007959906
8/2/2023 7:15,0.007397582
8/2/2023 7:30,0.007397582
8/2/2023 7:45,0.006616182
8/2/2023 8:00,0.006616182
8/2/2023 8:15,0.006616182
8/2/2023 8:30,0.006616182
8/2/2023 8:45,0.006616182
8/2/2023 9:00,0.006616182
8/2/2023 9:15,0.007397582
8/2/2023 9:30,0.007397582
8/2/2023 9:45,0.006616182
8/2/2023 10:00,0.00590134
8/2/2023 10:15,0.00590134
8/2/2023 10:30,0.006616182
8/2/2023 10:45,0.006616182
8/2/2023 11:00,0.00590134
8/2/2023 11:15,0.005459012
8/2/2023 11:30,0.005249546
8/2/2023 11:45,0.00590134
8/2/2023 12:00,0.00484642
8/2/2023 12:15,0.006367908
8/2/2023 12:30,0.005249546
8/2/2023 12:45,0.00546268
8/2/2023 13:00,0.004293037
8/2/2023 13:15,0.004656234
8/2/2023 13:30,0.006372054
8/2/2023 13:45,0.003785561
8/2/2023 14:00,0.005249546
8/2/2023 14:15,0.004290007
8/2/2023 14:30,0.005249546
8/2/2023 14:45,0.006616182
8/2/2023 15:00,0.00484642
8/2/2023 15:15,0.006616182
8/2/2023 15:30,0.005249546
8/2/2023 15:45,0.00590134
8/2/2023 16:00,0.007397582
8/2/2023 16:15,0.006616182
8/2/2023 16:30,0.005678839
8/2/2023 16:45,0.00590134
8/2/2023 17:00,0.00590134
8/2/2023 17:15,0.005678839
8/2/2023 17:30,0.00590134
8/2/2023 17:45,0.006616182
8/2/2023 18:00,0.00590134
8/2/2023 18:15,0.00712623
8/2/2023 18:30,0.007130762
8/2/2023 18:45,0.005249546
8/2/2023 19:00,0.006616182
8/2/2023 19:15,0.005459012
8/2/2023 19:30,0.006616182
8/2/2023 19:45,0.009180005
8/2/2023 20:00,0.008250948
8/2/2023 20:15,0.006616182
8/2/2023 20:30,0.008863175
8/2/2023 20:45,0.007959906
8/2/2023 21:00,0.009511441
8/2/2023 21:15,0.009846436
8/2/2023 21:30,0.008863175
8/2/2023 21:45,0.009846436
8/2/2023 22:00,0.008863175
8/2/2023 22:15,0.009505746
8/2/2023 22:30,0.009505746
8/2/2023 22:45,0.00885779
8/2/2023 23:00,0.009180005
8/2/2023 23:15,0.009180005
8/2/2023 23:30,0.008250948
8/2/2023 23:45,0.008250948
8/3/2023 0:00,0.008250948
8/3/2023 0:15,0.008250948
8/3/2023 0:30,0.007954961
8/3/2023 0:45,0.007397582
8/3/2023 1:00,0.006616182
8/3/2023 1:15,0.007672259
8/3/2023 1:30,0.008250948
8/3/2023 1:45,0.008250948
8/3/2023 2:00,0.008250948
8/3/2023 2:15,0.006616182
8/3/2023 2:30,0.007397582
8/3/2023 2:45,0.007397582
8/3/2023 3:00,0.00712623
8/3/2023 3:15,0.006616182
8/3/2023 3:30,0.008250948
8/3/2023 3:45,0.008863175
8/3/2023 4:00,0.007397582
8/3/2023 4:15,0.007959906
8/3/2023 4:30,0.007959906
8/3/2023 4:45,0.006616182
8/3/2023 5:00,0.008555076
8/3/2023 5:15,0.008555076
8/3/2023 5:30,0.007959906
8/3/2023 5:45,0.007959906
8/3/2023 6:00,0.007397582
8/3/2023 6:15,0.007959906
8/3/2023 6:30,0.008863175
8/3/2023 6:45,0.009505746
8/3/2023 7:00,0.009505746
8/3/2023 7:15,0.008250948
8/3/2023 7:30,0.007397582
8/3/2023 7:45,0.00885779
8/3/2023 8:00,0.00590134
8/3/2023 8:15,0.00712623
8/3/2023 8:30,0.008250948
8/3/2023 8:45,0.007397582
8/3/2023 9:00,0.008250948
8/3/2023 9:15,0.007954961
8/3/2023 9:30,0.006616182
8/3/2023 9:45,0.008250948
8/3/2023 10:00,0.007397582
8/3/2023 10:15,0.007397582
8/3/2023 10:30,0.006616182
8/3/2023 10:45,0.006616182
8/3/2023 11:00,0.006367908
8/3/2023 11:15,0.006367908
8/3/2023 11:30,0.00546268
8/3/2023 11:45,0.00546268
8/3/2023 12:00,0.00590134
8/3/2023 12:15,0.006616182
8/3/2023 12:30,0.00590134
8/3/2023 12:45,0.005249546
8/3/2023 13:00,0.004656234
8/3/2023 13:15,0.005249546
8/3/2023 13:30,0.004656234
8/3/2023 13:45,0.00484642
8/3/2023 14:00,0.005249546
8/3/2023 14:15,0.004117148
8/3/2023 14:30,0.004117148
8/3/2023 14:45,0.004117148
8/3/2023 15:00,0.005249546
8/3/2023 15:15,0.004290007
8/3/2023 15:30,0.004290007
8/3/2023 15:45,0.004290007
8/3/2023 16:00,0.005249546
8/3/2023 16:15,0.003785561
8/3/2023 16:30,0.004117148
8/3/2023 16:45,0.003331642
8/3/2023 17:00,0.003788304
8/3/2023 17:15,0.004656234
8/3/2023 17:30,0.004656234
8/3/2023 17:45,0.004293037
8/3/2023 18:00,0.003629117
8/3/2023 18:15,0.004656234
8/3/2023 18:30,0.005249546
8/3/2023 18:45,0.004117148
8/3/2023 19:00,0.004656234
8/3/2023 19:15,0.004117148
8/3/2023 19:30,0.004117148
8/3/2023 19:45,0.004656234
8/3/2023 20:00,0.004656234
8/3/2023 20:15,0.004656234
8/3/2023 20:30,0.00590134
8/3/2023 20:45,0.005249546
8/3/2023 21:00,0.004656234
8/3/2023 21:15,0.005249546
8/3/2023 21:30,0.004656234
8/3/2023 21:45,0.00484642
8/3/2023 22:00,0.005249546
8/3/2023 22:15,0.005249546
8/3/2023 22:30,0.006616182
8/3/2023 22:45,0.005678839
8/3/2023 23:00,0.005249546
8/3/2023 23:15,0.005678839
8/3/2023 23:30,0.005678839
8/3/2023 23:45,0.005249546
8/4/2023 0:00,0.006372054
8/4/2023 0:15,0.00590134
8/4/2023 0:30,0.005249546
8/4/2023 0:45,0.005249546
8/4/2023 1:00,0.006616182
8/4/2023 1:15,0.006367908
8/4/2023 1:30,0.005043065
8/4/2023 1:45,0.005675055
8/4/2023 2:00,0.005249546
8/4/2023 2:15,0.005249546
8/4/2023 2:30,0.005043065
8/4/2023 2:45,0.006367908
8/4/2023 3:00,0.00712623
8/4/2023 3:15,0.005043065
8/4/2023 3:30,0.006367908
8/4/2023 3:45,0.00590134
8/4/2023 4:00,0.006616182
8/4/2023 4:15,0.006372054
8/4/2023 4:30,0.005249546
8/4/2023 4:45,0.00590134
8/4/2023 5:00,0.005459012
8/4/2023 5:15,0.006372054
8/4/2023 5:30,0.007397582
8/4/2023 5:45,0.006616182
8/4/2023 6:00,0.007130762
8/4/2023 6:15,0.007130762
8/4/2023 6:30,0.006616182
8/4/2023 6:45,0.007130762
8/4/2023 7:00,0.007130762
8/4/2023 7:15,0.006616182
8/4/2023 7:30,0.00590134
8/4/2023 7:45,0.006616182
8/4/2023 8:00,0.00712623
8/4/2023 8:15,0.006135126
8/4/2023 8:30,0.007397582
8/4/2023 8:45,0.00712623
8/4/2023 9:00,0.006367908
8/4/2023 9:15,0.00712623
8/4/2023 9:30,0.007397582
8/4/2023 9:45,0.006616182
8/4/2023 10:00,0.006135126
8/4/2023 10:15,0.004849758
8/4/2023 10:30,0.00546268
8/4/2023 10:45,0.00590134
8/4/2023 11:00,0.00590134
8/4/2023 11:15,0.005249546
8/4/2023 11:30,0.005249546
8/4/2023 11:45,0.005249546
8/4/2023 12:00,0.005249546
8/4/2023 12:15,0.004656234
8/4/2023 12:30,0.00484642
8/4/2023 12:45,0.00590134
8/4/2023 13:00,0.004656234
8/4/2023 13:15,0.004656234
8/4/2023 13:30,0.004117148
8/4/2023 13:45,0.003629117
8/4/2023 14:00,0.004290007
8/4/2023 14:15,0.005678839
8/4/2023 14:30,0.005249546
8/4/2023 14:45,0.003629117
8/4/2023 15:00,0.004117148
8/4/2023 15:15,0.004656234
8/4/2023 15:30,0.003331642
8/4/2023 15:45,0.003788304
8/4/2023 16:00,0.004656234
8/4/2023 16:15,0.00504651
8/4/2023 16:30,0.003629117
8/4/2023 16:45,0.005249546
8/4/2023 17:00,0.003629117
8/4/2023 17:15,0.003329165
8/4/2023 17:30,0.004117148
8/4/2023 17:45,0.004117148
8/4/2023 18:00,0.003629117
8/4/2023 18:15,0.004471708
8/4/2023 18:30,0.004656234
8/4/2023 18:45,0.003629117
8/4/2023 19:00,0.004117148
8/4/2023 19:15,0.004117148
8/4/2023 19:30,0.004656234
8/4/2023 19:45,0.004117148
8/4/2023 20:00,0.004471708
8/4/2023 20:15,0.004656234
8/4/2023 20:30,0.00504651
8/4/2023 20:45,0.004117148
8/4/2023 21:00,0.004656234
8/4/2023 21:15,0.004656234
8/4/2023 21:30,0.004117148
8/4/2023 21:45,0.005249546
8/4/2023 22:00,0.004656234
8/4/2023 22:15,0.005249546
8/4/2023 22:30,0.005249546
8/4/2023 22:45,0.005249546
8/4/2023 23:00,0.005249546
8/4/2023 23:15,0.004656234
8/4/2023 23:30,0.004656234
8/4/2023 23:45,0.004293037
8/5/2023 0:00,0.004656234
8/5/2023 0:15,0.004656234
8/5/2023 0:30,0.004656234
8/5/2023 0:45,0.005249546
8/5/2023 1:00,0.005043065
8/5/2023 1:15,0.004656234
8/5/2023 1:30,0.006367908
8/5/2023 1:45,0.005249546
8/5/2023 2:00,0.005249546
8/5/2023 2:15,0.00590134
8/5/2023 2:30,0.005675055
8/5/2023 2:45,0.005675055
8/5/2023 3:00,0.005249546
8/5/2023 3:15,0.006367908
8/5/2023 3:30,0.00590134
8/5/2023 3:45,0.005249546
8/5/2023 4:00,0.007130762
8/5/2023 4:15,0.005249546
8/5/2023 4:30,0.00590134
8/5/2023 4:45,0.004656234
8/5/2023 5:00,0.00590134
8/5/2023 5:15,0.005249546
8/5/2023 5:30,0.004117148
8/5/2023 5:45,0.005249546
8/5/2023 6:00,0.005249546
8/5/2023 6:15,0.005249546
8/5/2023 6:30,0.005249546
8/5/2023 6:45,0.006616182
8/5/2023 7:00,0.004656234
8/5/2023 7:15,0.004117148
8/5/2023 7:30,0.006616182
8/5/2023 7:45,0.00590134
8/5/2023 8:00,0.005459012
8/5/2023 8:15,0.006372054
8/5/2023 8:30,0.005249546
8/5/2023 8:45,0.005249546
8/5/2023 9:00,0.006616182
8/5/2023 9:15,0.005249546
8/5/2023 9:30,0.00590134
8/5/2023 9:45,0.00590134
8/5/2023 10:00,0.006367908
8/5/2023 10:15,0.004849758
8/5/2023 10:30,0.006616182
8/5/2023 10:45,0.005249546
8/5/2023 11:00,0.00590134
8/5/2023 11:15,0.004656234
8/5/2023 11:30,0.004656234
8/5/2023 11:45,0.003331642
8/5/2023 12:00,0.004293037
8/5/2023 12:15,0.004290007
8/5/2023 12:30,0.003329165
8/5/2023 12:45,0.00484642
8/5/2023 13:00,0.003785561
8/5/2023 13:15,0.003329165
8/5/2023 13:30,0.00590134
8/5/2023 13:45,0.003785561
8/5/2023 14:00,0.003329165
8/5/2023 14:15,0.003329165
8/5/2023 14:30,0.003785561
8/5/2023 14:45,0.003629117
8/5/2023 15:00,0.004117148
8/5/2023 15:15,0.003785561
8/5/2023 15:30,0.003629117
8/5/2023 15:45,0.003329165
8/5/2023 16:00,0.002920069
8/5/2023 16:15,0.003187965
8/5/2023 16:30,0.002920069
8/5/2023 16:45,0.004117148
8/5/2023 17:00,0.003051797
8/5/2023 17:15,0.003629117
8/5/2023 17:30,0.003788304
8/5/2023 17:45,0.003331642
8/5/2023 18:00,0.004293037
8/5/2023 18:15,0.002920069
8/5/2023 18:30,0.003331642
8/5/2023 18:45,0.003629117
8/5/2023 19:00,0.003331642
8/5/2023 19:15,0.002920069
8/5/2023 19:30,0.003788304
8/5/2023 19:45,0.003331642
8/5/2023 20:00,0.003331642
8/5/2023 20:15,0.003331642
8/5/2023 20:30,0.003331642
8/5/2023 20:45,0.004117148
8/5/2023 21:00,0.003329165
8/5/2023 21:15,0.004290007
8/5/2023 21:30,0.003785561
8/5/2023 21:45,0.002547772
8/5/2023 22:00,0.002917838
8/5/2023 22:15,0.00484642
8/5/2023 22:30,0.004290007
8/5/2023 22:45,0.003785561
8/5/2023 23:00,0.004656234
8/5/2023 23:15,0.002917838
8/5/2023 23:30,0.004290007
8/5/2023 23:45,0.003329165
8/6/2023 0:00,0.003329165
8/6/2023 0:15,0.003329165
8/6/2023 0:30,0.004656234
8/6/2023 0:45,0.004290007
8/6/2023 1:00,0.004290007
8/6/2023 1:15,0.004656234
8/6/2023 1:30,0.004117148
8/6/2023 1:45,0.004117148
8/6/2023 2:00,0.003629117
8/6/2023 2:15,0.004656234
8/6/2023 2:30,0.004656234
8/6/2023 2:45,0.004117148
8/6/2023 3:00,0.004117148
8/6/2023 3:15,0.004656234
8/6/2023 3:30,0.004117148
8/6/2023 3:45,0.004117148
8/6/2023 4:00,0.003629117
8/6/2023 4:15,0.005249546
8/6/2023 4:30,0.004290007
8/6/2023 4:45,0.004290007
8/6/2023 5:00,0.003785561
8/6/2023 5:15,0.003785561
8/6/2023 5:30,0.004290007
8/6/2023 5:45,0.003785561
8/6/2023 6:00,0.004849758
8/6/2023 6:15,0.004293037
8/6/2023 6:30,0.004849758
8/6/2023 6:45,0.003949867
8/6/2023 7:00,0.004849758
8/6/2023 7:15,0.004849758
8/6/2023 7:30,0.00484642
8/6/2023 7:45,0.004849758
8/6/2023 8:00,0.004290007
8/6/2023 8:15,0.00484642
8/6/2023 8:30,0.003949867
8/6/2023 8:45,0.004471708
8/6/2023 9:00,0.004849758
8/6/2023 9:15,0.004849758
8/6/2023 9:30,0.005249546
8/6/2023 9:45,0.004293037
8/6/2023 10:00,0.004849758
8/6/2023 10:15,0.004471708
8/6/2023 10:30,0.004293037
8/6/2023 10:45,0.004290007
8/6/2023 11:00,0.00484642
8/6/2023 11:15,0.004293037
8/6/2023 11:30,0.003788304
8/6/2023 11:45,0.004293037
8/6/2023 12:00,0.005249546
8/6/2023 12:15,0.003051797
8/6/2023 12:30,0.003331642
8/6/2023 12:45,0.002323973
8/6/2023 13:00,0.002668099
8/6/2023 13:15,0.002668099
8/6/2023 13:30,0.003051797
8/6/2023 13:45,0.003329165
8/6/2023 14:00,0.002323973
8/6/2023 14:15,0.003329165
8/6/2023 14:30,0.002547772
8/6/2023 14:45,0.003329165
8/6/2023 15:00,0.003049486
8/6/2023 15:15,0.004117148
8/6/2023 15:30,0.002666023
8/6/2023 15:45,0.003329165
8/6/2023 16:00,0.002323973
8/6/2023 16:15,0.002920069
8/6/2023 16:30,0.002549775
8/6/2023 16:45,0.002323973
8/6/2023 17:00,0.002549775
8/6/2023 17:15,0.002549775
8/6/2023 17:30,0.00221801
8/6/2023 17:45,0.002549775
8/6/2023 18:00,0.002920069
8/6/2023 18:15,0.003788304
8/6/2023 18:30,0.003331642
8/6/2023 18:45,0.003331642
8/6/2023 19:00,0.003331642
8/6/2023 19:15,0.002549775
8/6/2023 19:30,0.002323973
8/6/2023 19:45,0.003051797
8/6/2023 20:00,0.002917838
8/6/2023 20:15,0.002917838
8/6/2023 20:30,0.003785561
8/6/2023 20:45,0.003049486
8/6/2023 21:00,0.00347529
8/6/2023 21:15,0.003329165
8/6/2023 21:30,0.003329165
8/6/2023 21:45,0.003051797
8/6/2023 22:00,0.003477853
8/6/2023 22:15,0.004293037
8/6/2023 22:30,0.003949867
8/6/2023 22:45,0.003477853
8/6/2023 23:00,0.003051797
8/6/2023 23:15,0.003949867
8/6/2023 23:30,0.003949867
8/6/2023 23:45,0.003477853
8/7/2023 0:00,0.003477853
8/7/2023 0:15,0.004293037
8/7/2023 0:30,0.003949867
8/7/2023 0:45,0.003477853
8/7/2023 1:00,0.004290007
8/7/2023 1:15,0.003477853
8/7/2023 1:30,0.003477853
8/7/2023 1:45,0.00484642
8/7/2023 2:00,0.003329165
8/7/2023 2:15,0.003785561
8/7/2023 2:30,0.004290007
8/7/2023 2:45,0.004290007
8/7/2023 3:00,0.002917838
8/7/2023 3:15,0.003329165
8/7/2023 3:30,0.004290007
8/7/2023 3:45,0.003785561
8/7/2023 4:00,0.003785561
8/7/2023 4:15,0.003329165
8/7/2023 4:30,0.00347529
8/7/2023 4:45,0.003785561
8/7/2023 5:00,0.003785561
8/7/2023 5:15,0.004290007
8/7/2023 5:30,0.003785561
8/7/2023 5:45,0.003049486
8/7/2023 6:00,0.004290007
8/7/2023 6:15,0.004656234
8/7/2023 6:30,0.004293037
8/7/2023 6:45,0.003788304
8/7/2023 7:00,0.004849758
8/7/2023 7:15,0.003788304
8/7/2023 7:30,0.004293037
8/7/2023 7:45,0.004290007
8/7/2023 8:00,0.003949867
8/7/2023 8:15,0.004293037
8/7/2023 8:30,0.003949867
8/7/2023 8:45,0.003949867
8/7/2023 9:00,0.003785561
8/7/2023 9:15,0.003477853
8/7/2023 9:30,0.00484642
8/7/2023 9:45,0.004290007
8/7/2023 10:00,0.004290007
8/7/2023 10:15,0.00484642
8/7/2023 10:30,0.003785561
8/7/2023 10:45,0.003947031
8/7/2023 11:00,0.003187965
8/7/2023 11:15,0.003629117
8/7/2023 11:30,0.004468579
8/7/2023 11:45,0.003049486
8/7/2023 12:00,0.004468579
8/7/2023 12:15,0.003947031
8/7/2023 12:30,0.003949867
8/7/2023 12:45,0.003629117
8/7/2023 13:00,0.00484642
8/7/2023 13:15,0.004468579
8/7/2023 13:30,0.004290007
8/7/2023 13:45,0.005249546
8/7/2023 14:00,0.003788304
8/7/2023 14:15,0.00484642
8/7/2023 14:30,0.003629117
8/7/2023 14:45,0.003785561
8/7/2023 15:00,0.004290007
8/7/2023 15:15,0.004117148
8/7/2023 15:30,0.003331642
8/7/2023 15:45,0.003785561
8/7/2023 16:00,0.003785561
8/7/2023 16:15,0.003785561
8/7/2023 16:30,0.003788304
8/7/2023 16:45,0.003331642
8/7/2023 17:00,0.003788304
8/7/2023 17:15,0.003329165
8/7/2023 17:30,0.004290007
8/7/2023 17:45,0.00347529
8/7/2023 18:00,0.003329165
8/7/2023 18:15,0.003329165
8/7/2023 18:30,0.004290007
8/7/2023 18:45,0.004290007
8/7/2023 19:00,0.004117148
8/7/2023 19:15,0.004117148
8/7/2023 19:30,0.003785561
8/7/2023 19:45,0.004656234
8/7/2023 20:00,0.00484642
8/7/2023 20:15,0.004290007
8/7/2023 20:30,0.006616182
8/7/2023 20:45,0.003785561
8/7/2023 21:00,0.003785561
8/7/2023 21:15,0.004656234
8/7/2023 21:30,0.003785561
8/7/2023 21:45,0.003785561
8/7/2023 22:00,0.004290007
8/7/2023 22:15,0.00484642
8/7/2023 22:30,0.003329165
8/7/2023 22:45,0.00484642
8/7/2023 23:00,0.003785561
8/7/2023 23:15,0.00484642
8/7/2023 23:30,0.003785561
8/7/2023 23:45,0.004117148
8/8/2023 0:00,0.003785561
8/8/2023 0:15,0.003785561
8/8/2023 0:30,0.004656234
8/8/2023 0:45,0.003785561
8/8/2023 1:00,0.004117148
8/8/2023 1:15,0.004656234
8/8/2023 1:30,0.004656234
8/8/2023 1:45,0.004656234
8/8/2023 2:00,0.004290007
8/8/2023 2:15,0.004290007
8/8/2023 2:30,0.00484642
8/8/2023 2:45,0.004290007
8/8/2023 3:00,0.00484642
8/8/2023 3:15,0.004656234
8/8/2023 3:30,0.004656234
8/8/2023 3:45,0.004117148
8/8/2023 4:00,0.003785561
8/8/2023 4:15,0.004656234
8/8/2023 4:30,0.004117148
8/8/2023 4:45,0.004290007
8/8/2023 5:00,0.005249546
8/8/2023 5:15,0.005249546
8/8/2023 5:30,0.004117148
8/8/2023 5:45,0.003785561
8/8/2023 6:00,0.004117148
8/8/2023 6:15,0.00484642
8/8/2023 6:30,0.004290007
8/8/2023 6:45,0.003785561
8/8/2023 7:00,0.005249546
8/8/2023 7:15,0.005249546
8/8/2023 7:30,0.00484642
8/8/2023 7:45,0.00590134
8/8/2023 8:00,0.004656234
8/8/2023 8:15,0.005249546
8/8/2023 8:30,0.005459012
8/8/2023 8:45,0.00590134
8/8/2023 9:00,0.004117148
8/8/2023 9:15,0.005249546
8/8/2023 9:30,0.00484642
8/8/2023 9:45,0.005249546
8/8/2023 10:00,0.006372054
8/8/2023 10:15,0.004656234
8/8/2023 10:30,0.005459012
8/8/2023 10:45,0.004656234
8/8/2023 11:00,0.005249546
8/8/2023 11:15,0.005678839
8/8/2023 11:30,0.003785561
8/8/2023 11:45,0.005249546
8/8/2023 12:00,0.005249546
8/8/2023 12:15,0.005249546
8/8/2023 12:30,0.004656234
8/8/2023 12:45,0.005249546
8/8/2023 13:00,0.00504651
8/8/2023 13:15,0.004117148
8/8/2023 13:30,0.004117148
8/8/2023 13:45,0.00504651
8/8/2023 14:00,0.004117148
8/8/2023 14:15,0.00504651
8/8/2023 14:30,0.007677064
8/8/2023 14:45,0.005678839
8/8/2023 15:00,0.007677064
8/8/2023 15:15,0.00504651
8/8/2023 15:30,0.006135126
8/8/2023 15:45,0.005678839
8/8/2023 16:00,0.005675055
8/8/2023 16:15,0.005043065
8/8/2023 16:30,0.006131104
8/8/2023 16:45,0.007677064
8/8/2023 17:00,0.005678839
8/8/2023 17:15,0.00590134
8/8/2023 17:30,0.006372054
8/8/2023 17:45,0.007130762
8/8/2023 18:00,0.006372054
8/8/2023 18:15,0.007130762
8/8/2023 18:30,0.007130762
8/8/2023 18:45,0.006372054
8/8/2023 19:00,0.005678839
8/8/2023 19:15,0.00504651
8/8/2023 19:30,0.006867671
8/8/2023 19:45,0.007397582
8/8/2023 20:00,0.006867671
8/8/2023 20:15,0.006372054
8/8/2023 20:30,0.008863175
8/8/2023 20:45,0.010543843
8/8/2023 21:00,0.007677064
8/8/2023 21:15,0.010550026
8/8/2023 21:30,0.008250948
8/8/2023 21:45,0.010190111
8/8/2023 22:00,0.006372054
8/8/2023 22:15,0.009511441
8/8/2023 22:30,0.007130762
8/8/2023 22:45,0.009180005
8/8/2023 23:00,0.010190111
8/8/2023 23:15,0.011287006
8/8/2023 23:30,0.008555076
8/8/2023 23:45,0.009180005
8/9/2023 0:00,0.009180005
8/9/2023 0:15,0.011287006
8/9/2023 0:30,0.009180005
8/9/2023 0:45,0.008250948
8/9/2023 1:00,0.008250948
8/9/2023 1:15,0.006867671
8/9/2023 1:30,0.006867671
8/9/2023 1:45,0.007672259
8/9/2023 2:00,0.007672259
8/9/2023 2:15,0.00854984
8/9/2023 2:30,0.006131104
8/9/2023 2:45,0.009180005
8/9/2023 3:00,0.007397582
8/9/2023 3:15,0.008250948
8/9/2023 3:30,0.006131104
8/9/2023 3:45,0.007672259
8/9/2023 4:00,0.006867671
8/9/2023 4:15,0.006131104
8/9/2023 4:30,0.006131104
8/9/2023 4:45,0.007672259
8/9/2023 5:00,0.005678839
8/9/2023 5:15,0.008250948
8/9/2023 5:30,0.00546268
8/9/2023 5:45,0.006131104
8/9/2023 6:00,0.00504651
8/9/2023 6:15,0.006131104
8/9/2023 6:30,0.007672259
8/9/2023 6:45,0.006867671
8/9/2023 7:00,0.007672259
8/9/2023 7:15,0.006131104
8/9/2023 7:30,0.006131104
8/9/2023 7:45,0.00484642
8/9/2023 8:00,0.006367908
8/9/2023 8:15,0.006367908
8/9/2023 8:30,0.005459012
8/9/2023 8:45,0.005678839
8/9/2023 9:00,0.00504651
8/9/2023 9:15,0.006372054
8/9/2023 9:30,0.005678839
8/9/2023 9:45,0.005459012
8/9/2023 10:00,0.00504651
8/9/2023 10:15,0.006131104
8/9/2023 10:30,0.005459012
8/9/2023 10:45,0.004471708
8/9/2023 11:00,0.004471708
8/9/2023 11:15,0.006872073
8/9/2023 11:30,0.007677064
8/9/2023 11:45,0.00504651
8/9/2023 12:00,0.004471708
8/9/2023 12:15,0.00504651
8/9/2023 12:30,0.00504651
8/9/2023 12:45,0.004468579
8/9/2023 13:00,0.003629117
8/9/2023 13:15,0.004468579
8/9/2023 13:30,0.00347529
8/9/2023 13:45,0.00347529
8/9/2023 14:00,0.003187965
8/9/2023 14:15,0.003949867
8/9/2023 14:30,0.002668099
8/9/2023 14:45,0.004471708
8/9/2023 15:00,0.003477853
8/9/2023 15:15,0.003187965
8/9/2023 15:30,0.004849758
8/9/2023 15:45,0.003051797
8/9/2023 16:00,0.003051797
8/9/2023 16:15,0.004471708
8/9/2023 16:30,0.002668099
8/9/2023 16:45,0.002668099
8/9/2023 17:00,0.003477853
8/9/2023 17:15,0.00484642
8/9/2023 17:30,0.003949867
8/9/2023 17:45,0.003949867
8/9/2023 18:00,0.003051797
8/9/2023 18:15,0.003051797
8/9/2023 18:30,0.002668099
8/9/2023 18:45,0.003949867
8/9/2023 19:00,0.003629117
8/9/2023 19:15,0.002790749
8/9/2023 19:30,0.003477853
8/9/2023 19:45,0.004471708
8/9/2023 20:00,0.003949867
8/9/2023 20:15,0.003187965
8/9/2023 20:30,0.003477853
8/9/2023 20:45,0.003949867
8/9/2023 21:00,0.003949867
8/9/2023 21:15,0.003949867
8/9/2023 21:30,0.005678839
8/9/2023 21:45,0.004471708
8/9/2023 22:00,0.003949867
8/9/2023 22:15,0.004471708
8/9/2023 22:30,0.003949867
8/9/2023 22:45,0.003477853
8/9/2023 23:00,0.003187965
8/9/2023 23:15,0.003477853
8/9/2023 23:30,0.004468579
8/9/2023 23:45,0.003629117
8/10/2023 0:00,0.003629117
8/10/2023 0:15,0.003947031
8/10/2023 0:30,0.003187965
8/10/2023 0:45,0.004468579
8/10/2023 1:00,0.00484642
8/10/2023 1:15,0.00504651
8/10/2023 1:30,0.003949867
8/10/2023 1:45,0.003187965
8/10/2023 2:00,0.004117148
8/10/2023 2:15,0.004471708
8/10/2023 2:30,0.003477853
8/10/2023 2:45,0.004471708
8/10/2023 3:00,0.004471708
8/10/2023 3:15,0.00504651
8/10/2023 3:30,0.00504651
8/10/2023 3:45,0.003949867
8/10/2023 4:00,0.003949867
8/10/2023 4:15,0.004849758
8/10/2023 4:30,0.004293037
8/10/2023 4:45,0.00504651
8/10/2023 5:00,0.005678839
8/10/2023 5:15,0.00504651
8/10/2023 5:30,0.003949867
8/10/2023 5:45,0.004471708
8/10/2023 6:00,0.003949867
8/10/2023 6:15,0.005043065
8/10/2023 6:30,0.00484642
8/10/2023 6:45,0.003629117
8/10/2023 7:00,0.003947031
8/10/2023 7:15,0.002790749
8/10/2023 7:30,0.00504651
8/10/2023 7:45,0.004656234
8/10/2023 8:00,0.004117148
8/10/2023 8:15,0.004471708
8/10/2023 8:30,0.00504651
8/10/2023 8:45,0.004117148
8/10/2023 9:00,0.00504651
8/10/2023 9:15,0.005678839
8/10/2023 9:30,0.004656234
8/10/2023 9:45,0.00504651
8/10/2023 10:00,0.00504651
8/10/2023 10:15,0.003187965
8/10/2023 10:30,0.004471708
8/10/2023 10:45,0.003187965
8/10/2023 11:00,0.00504651
8/10/2023 11:15,0.002790749
8/10/2023 11:30,0.003629117
8/10/2023 11:45,0.00504651
8/10/2023 12:00,0.004117148
8/10/2023 12:15,0.003949867
8/10/2023 12:30,0.002790749
8/10/2023 12:45,0.00347529
8/10/2023 13:00,0.002790749
8/10/2023 13:15,0.004117148
8/10/2023 13:30,0.002790749
8/10/2023 13:45,0.00347529
8/10/2023 14:00,0.004117148
8/10/2023 14:15,0.003949867
8/10/2023 14:30,0.003329165
8/10/2023 14:45,0.004468579
8/10/2023 15:00,0.004117148
8/10/2023 15:15,0.003629117
8/10/2023 15:30,0.003947031
8/10/2023 15:45,0.003629117
8/10/2023 16:00,0.003629117
8/10/2023 16:15,0.003187965
8/10/2023 16:30,0.003629117
8/10/2023 16:45,0.003949867
8/10/2023 17:00,0.004471708
8/10/2023 17:15,0.003949867
8/10/2023 17:30,0.004471708
8/10/2023 17:45,0.003949867
8/10/2023 18:00,0.003187965
8/10/2023 18:15,0.003949867
8/10/2023 18:30,0.003949867
8/10/2023 18:45,0.003629117
8/10/2023 19:00,0.004471708
8/10/2023 19:15,0.003949867
8/10/2023 19:30,0.004117148
8/10/2023 19:45,0.003947031
8/10/2023 20:00,0.004468579
8/10/2023 20:15,0.003947031
8/10/2023 20:30,0.003947031
8/10/2023 20:45,0.004117148
8/10/2023 21:00,0.004117148
8/10/2023 21:15,0.003629117
8/10/2023 21:30,0.003629117
8/10/2023 21:45,0.003629117
8/10/2023 22:00,0.004117148
8/10/2023 22:15,0.003629117
8/10/2023 22:30,0.003629117
8/10/2023 22:45,0.003629117
8/10/2023 23:00,0.003187965
8/10/2023 23:15,0.004656234
8/10/2023 23:30,0.004117148
8/10/2023 23:45,0.004117148
8/11/2023 0:00,0.004656234
8/11/2023 0:15,0.00504651
8/11/2023 0:30,0.004117148
8/11/2023 0:45,0.004471708
8/11/2023 1:00,0.003329165
8/11/2023 1:15,0.004117148
8/11/2023 1:30,0.003629117
8/11/2023 1:45,0.005249546
8/11/2023 2:00,0.003949867
8/11/2023 2:15,0.004471708
8/11/2023 2:30,0.00504651
8/11/2023 2:45,0.004471708
8/11/2023 3:00,0.004656234
8/11/2023 3:15,0.003947031
8/11/2023 3:30,0.004117148
8/11/2023 3:45,0.005043065
8/11/2023 4:00,0.004468579
8/11/2023 4:15,0.004468579
8/11/2023 4:30,0.004468579
8/11/2023 4:45,0.00347529
8/11/2023 5:00,0.004468579
8/11/2023 5:15,0.005043065
8/11/2023 5:30,0.004117148
8/11/2023 5:45,0.005459012
8/11/2023 6:00,0.004656234
8/11/2023 6:15,0.004656234
8/11/2023 6:30,0.004471708
8/11/2023 6:45,0.004471708
8/11/2023 7:00,0.005249546
8/11/2023 7:15,0.00504651
8/11/2023 7:30,0.004471708
8/11/2023 7:45,0.00504651
8/11/2023 8:00,0.005249546
8/11/2023 8:15,0.005678839
8/11/2023 8:30,0.00504651
8/11/2023 8:45,0.00504651
8/11/2023 9:00,0.00504651
8/11/2023 9:15,0.005249546
8/11/2023 9:30,0.004117148
8/11/2023 9:45,0.004656234
8/11/2023 10:00,0.004656234
8/11/2023 10:15,0.005249546
8/11/2023 10:30,0.004117148
8/11/2023 10:45,0.004656234
8/11/2023 11:00,0.004656234
8/11/2023 11:15,0.004656234
8/11/2023 11:30,0.004117148
8/11/2023 11:45,0.003329165
8/11/2023 12:00,0.003187965
8/11/2023 12:15,0.003187965
8/11/2023 12:30,0.003187965
8/11/2023 12:45,0.003629117
8/11/2023 13:00,0.002790749
8/11/2023 13:15,0.003477853
8/11/2023 13:30,0.002790749
8/11/2023 13:45,0.004117148
8/11/2023 14:00,0.003629117
8/11/2023 14:15,0.002790749
8/11/2023 14:30,0.003187965
8/11/2023 14:45,0.002790749
8/11/2023 15:00,0.003187965
8/11/2023 15:15,0.003477853
8/11/2023 15:30,0.003629117
8/11/2023 15:45,0.003629117
8/11/2023 16:00,0.003477853
8/11/2023 16:15,0.003949867
8/11/2023 16:30,0.003187965
8/11/2023 16:45,0.003187965
8/11/2023 17:00,0.004293037
8/11/2023 17:15,0.004471708
8/11/2023 17:30,0.003477853
8/11/2023 17:45,0.002790749
8/11/2023 18:00,0.002790749
8/11/2023 18:15,0.003477853
8/11/2023 18:30,0.003949867
8/11/2023 18:45,0.003477853
8/11/2023 19:00,0.003477853
8/11/2023 19:15,0.003051797
8/11/2023 19:30,0.003949867
8/11/2023 19:45,0.003949867
8/11/2023 20:00,0.004117148
8/11/2023 20:15,0.003629117
8/11/2023 20:30,0.003949867
8/11/2023 20:45,0.003629117
8/11/2023 21:00,0.004117148
8/11/2023 21:15,0.003629117
8/11/2023 21:30,0.003629117
8/11/2023 21:45,0.003629117
8/11/2023 22:00,0.003629117
8/11/2023 22:15,0.003629117
8/11/2023 22:30,0.003629117
8/11/2023 22:45,0.004117148
8/11/2023 23:00,0.002790749
8/11/2023 23:15,0.004471708
8/11/2023 23:30,0.004656234
8/11/2023 23:45,0.004471708
8/12/2023 0:00,0.004471708
8/12/2023 0:15,0.004117148
8/12/2023 0:30,0.003629117
8/12/2023 0:45,0.004471708
8/12/2023 1:00,0.003187965
8/12/2023 1:15,0.004656234
8/12/2023 1:30,0.00504651
8/12/2023 1:45,0.005249546
8/12/2023 2:00,0.004117148
8/12/2023 2:15,0.005678839
8/12/2023 2:30,0.004656234
8/12/2023 2:45,0.004471708
8/12/2023 3:00,0.003949867
8/12/2023 3:15,0.004471708
8/12/2023 3:30,0.00504651
8/12/2023 3:45,0.00504651
8/12/2023 4:00,0.00504651
8/12/2023 4:15,0.004471708
8/12/2023 4:30,0.004471708
8/12/2023 4:45,0.003949867
8/12/2023 5:00,0.00504651
8/12/2023 5:15,0.00504651
8/12/2023 5:30,0.004117148
8/12/2023 5:45,0.004471708
8/12/2023 6:00,0.00504651
8/12/2023 6:15,0.005249546
8/12/2023 6:30,0.004656234
8/12/2023 6:45,0.004656234
8/12/2023 7:00,0.005678839
8/12/2023 7:15,0.005249546
8/12/2023 7:30,0.006367908
8/12/2023 7:45,0.004656234
8/12/2023 8:00,0.00504651
8/12/2023 8:15,0.005249546
8/12/2023 8:30,0.005043065
8/12/2023 8:45,0.004656234
8/12/2023 9:00,0.005675055
8/12/2023 9:15,0.004656234
8/12/2023 9:30,0.005675055
8/12/2023 9:45,0.004656234
8/12/2023 10:00,0.004656234
8/12/2023 10:15,0.005249546
8/12/2023 10:30,0.00590134
8/12/2023 10:45,0.005043065
8/12/2023 11:00,0.005675055
8/12/2023 11:15,0.005249546
8/12/2023 11:30,0.00504651
8/12/2023 11:45,0.004656234
8/12/2023 12:00,0.004471708
8/12/2023 12:15,0.003949867
8/12/2023 12:30,0.004117148
8/12/2023 12:45,0.004117148
8/12/2023 13:00,0.004656234
8/12/2023 13:15,0.004117148
8/12/2023 13:30,0.004656234
8/12/2023 13:45,0.004656234
8/12/2023 14:00,0.004656234
8/12/2023 14:15,0.005678839
8/12/2023 14:30,0.003629117
8/12/2023 14:45,0.004117148
8/12/2023 15:00,0.004471708
8/12/2023 15:15,0.003949867
8/12/2023 15:30,0.004117148
8/12/2023 15:45,0.004117148
8/12/2023 16:00,0.003947031
8/12/2023 16:15,0.00347529
8/12/2023 16:30,0.00347529
8/12/2023 16:45,0.003947031
8/12/2023 17:00,0.00347529
8/12/2023 17:15,0.00347529
8/12/2023 17:30,0.003629117
8/12/2023 17:45,0.00347529
8/12/2023 18:00,0.003947031
8/12/2023 18:15,0.003187965
8/12/2023 18:30,0.003187965
8/12/2023 18:45,0.003187965
8/12/2023 19:00,0.003629117
8/12/2023 19:15,0.003187965
8/12/2023 19:30,0.003187965
8/12/2023 19:45,0.003629117
8/12/2023 20:00,0.004471708
8/12/2023 20:15,0.003629117
8/12/2023 20:30,0.004117148
8/12/2023 20:45,0.003187965
8/12/2023 21:00,0.003785561
8/12/2023 21:15,0.003629117
8/12/2023 21:30,0.004117148
8/12/2023 21:45,0.003788304
8/12/2023 22:00,0.004293037
8/12/2023 22:15,0.004293037
8/12/2023 22:30,0.004293037
8/12/2023 22:45,0.003788304
8/12/2023 23:00,0.005043065
8/12/2023 23:15,0.005249546
8/12/2023 23:30,0.004117148
8/12/2023 23:45,0.005249546
8/13/2023 0:00,0.004117148
8/13/2023 0:15,0.006616182
8/13/2023 0:30,0.004656234
8/13/2023 0:45,0.00590134
8/13/2023 1:00,0.00590134
8/13/2023 1:15,0.005675055
8/13/2023 1:30,0.005675055
8/13/2023 1:45,0.005249546
8/13/2023 2:00,0.005675055
8/13/2023 2:15,0.004656234
8/13/2023 2:30,0.00590134
8/13/2023 2:45,0.005678839
8/13/2023 3:00,0.007130762
8/13/2023 3:15,0.005678839
8/13/2023 3:30,0.005678839
8/13/2023 3:45,0.005678839
8/13/2023 4:00,0.005678839
8/13/2023 4:15,0.005249546
8/13/2023 4:30,0.00504651
8/13/2023 4:45,0.005249546
8/13/2023 5:00,0.005249546
8/13/2023 5:15,0.006135126
8/13/2023 5:30,0.004656234
8/13/2023 5:45,0.005678839
8/13/2023 6:00,0.005678839
8/13/2023 6:15,0.005678839
8/13/2023 6:30,0.006372054
8/13/2023 6:45,0.005678839
8/13/2023 7:00,0.005249546
8/13/2023 7:15,0.005249546
8/13/2023 7:30,0.005249546
8/13/2023 7:45,0.004117148
8/13/2023 8:00,0.004656234
8/13/2023 8:15,0.004656234
8/13/2023 8:30,0.005249546
8/13/2023 8:45,0.005675055
8/13/2023 9:00,0.006616182
8/13/2023 9:15,0.004656234
8/13/2023 9:30,0.005249546
8/13/2023 9:45,0.005249546
8/13/2023 10:00,0.00590134
8/13/2023 10:15,0.005249546
8/13/2023 10:30,0.005249546
8/13/2023 10:45,0.005678839
8/13/2023 11:00,0.005249546
8/13/2023 11:15,0.005249546
8/13/2023 11:30,0.004117148
8/13/2023 11:45,0.005678839
8/13/2023 12:00,0.00484642
8/13/2023 12:15,0.00484642
8/13/2023 12:30,0.005249546
8/13/2023 12:45,0.005249546
8/13/2023 13:00,0.005675055
8/13/2023 13:15,0.005249546
8/13/2023 13:30,0.004117148
8/13/2023 13:45,0.004117148
8/13/2023 14:00,0.004656234
8/13/2023 14:15,0.004117148
8/13/2023 14:30,0.005249546
8/13/2023 14:45,0.004656234
8/13/2023 15:00,0.005249546
8/13/2023 15:15,0.00590134
8/13/2023 15:30,0.004656234
8/13/2023 15:45,0.005249546
8/13/2023 16:00,0.005249546
8/13/2023 16:15,0.00712623
8/13/2023 16:30,0.003629117
8/13/2023 16:45,0.005249546
8/13/2023 17:00,0.004656234
8/13/2023 17:15,0.004471708
8/13/2023 17:30,0.00504651
8/13/2023 17:45,0.006372054
8/13/2023 18:00,0.005249546
8/13/2023 18:15,0.00590134
8/13/2023 18:30,0.005249546
8/13/2023 18:45,0.016643258
8/13/2023 19:00,0.016127024
8/13/2023 19:15,0.011287006
8/13/2023 19:30,0.010550026
8/13/2023 19:45,0.009511441
8/13/2023 20:00,0.012896966
8/13/2023 20:15,0.011677178
8/13/2023 20:30,0.012889717
8/13/2023 20:45,0.01514743
8/13/2023 21:00,0.01514743
8/13/2023 21:15,0.012889717
8/13/2023 21:30,0.011670477
8/13/2023 21:45,0.010913587
8/13/2023 22:00,0.013323009
8/13/2023 22:15,0.009180005
8/13/2023 22:30,0.010913587
8/13/2023 22:45,0.009180005
8/13/2023 23:00,0.009180005
8/13/2023 23:15,0.008250948
8/13/2023 23:30,0.008863175
8/13/2023 23:45,0.008250948
8/14/2023 0:00,0.006867671
8/14/2023 0:15,0.007397582
8/14/2023 0:30,0.007397582
8/14/2023 0:45,0.008250948
8/14/2023 1:00,0.00885779
8/14/2023 1:15,0.007397582
8/14/2023 1:30,0.006616182
8/14/2023 1:45,0.009180005
8/14/2023 2:00,0.007397582
8/14/2023 2:15,0.006872073
8/14/2023 2:30,0.00590134
8/14/2023 2:45,0.008250948
8/14/2023 3:00,0.006616182
8/14/2023 3:15,0.007397582
8/14/2023 3:30,0.006616182
8/14/2023 3:45,0.007397582
8/14/2023 4:00,0.006867671
8/14/2023 4:15,0.006616182
8/14/2023 4:30,0.005675055
8/14/2023 4:45,0.006131104
8/14/2023 5:00,0.006131104
8/14/2023 5:15,0.007397582
8/14/2023 5:30,0.006867671
8/14/2023 5:45,0.006131104
8/14/2023 6:00,0.006131104
8/14/2023 6:15,0.006872073
8/14/2023 6:30,0.005678839
8/14/2023 6:45,0.006372054
8/14/2023 7:00,0.006867671
8/14/2023 7:15,0.006867671
8/14/2023 7:30,0.007672259
8/14/2023 7:45,0.00712623
8/14/2023 8:00,0.005675055
8/14/2023 8:15,0.006867671
8/14/2023 8:30,0.006867671
8/14/2023 8:45,0.006867671
8/14/2023 9:00,0.006372054
8/14/2023 9:15,0.005678839
8/14/2023 9:30,0.006872073
8/14/2023 9:45,0.006372054
8/14/2023 10:00,0.005249546
8/14/2023 10:15,0.006616182
8/14/2023 10:30,0.006616182
8/14/2023 10:45,0.00712623
8/14/2023 11:00,0.00590134
8/14/2023 11:15,0.006367908
8/14/2023 11:30,0.00590134
8/14/2023 11:45,0.006367908
8/14/2023 12:00,0.00712623
8/14/2023 12:15,0.00590134
8/14/2023 12:30,0.005249546
8/14/2023 12:45,0.00590134
8/14/2023 13:00,0.005249546
8/14/2023 13:15,0.007130762
8/14/2023 13:30,0.00590134
8/14/2023 13:45,0.00504651
8/14/2023 14:00,0.006372054
8/14/2023 14:15,0.006131104
8/14/2023 14:30,0.006867671
8/14/2023 14:45,0.005675055
8/14/2023 15:00,0.006367908
8/14/2023 15:15,0.005459012
8/14/2023 15:30,0.005459012
8/14/2023 15:45,0.006131104
8/14/2023 16:00,0.006867671
8/14/2023 16:15,0.006372054
8/14/2023 16:30,0.006872073
8/14/2023 16:45,0.005678839
8/14/2023 17:00,0.003629117
8/14/2023 17:15,0.00546268
8/14/2023 17:30,0.004849758
8/14/2023 17:45,0.006135126
8/14/2023 18:00,0.00546268
8/14/2023 18:15,0.00504651
8/14/2023 18:30,0.005249546
8/14/2023 18:45,0.005675055
8/14/2023 19:00,0.00712623
8/14/2023 19:15,0.00854984
8/14/2023 19:30,0.006367908
8/14/2023 19:45,0.006367908
8/14/2023 20:00,0.005675055
8/14/2023 20:15,0.005043065
8/14/2023 20:30,0.006367908
8/14/2023 20:45,0.006372054
8/14/2023 21:00,0.005678839
8/14/2023 21:15,0.00590134
8/14/2023 21:30,0.006372054
8/14/2023 21:45,0.005678839
8/14/2023 22:00,0.006616182
8/14/2023 22:15,0.00590134
8/14/2023 22:30,0.00712623
8/14/2023 22:45,0.005249546
8/14/2023 23:00,0.006616182
8/14/2023 23:15,0.00590134
8/14/2023 23:30,0.005678839
8/14/2023 23:45,0.005249546
8/15/2023 0:00,0.006372054
8/15/2023 0:15,0.00504651
8/15/2023 0:30,0.005678839
8/15/2023 0:45,0.005678839
8/15/2023 1:00,0.00504651
8/15/2023 1:15,0.006372054
8/15/2023 1:30,0.005678839
8/15/2023 1:45,0.004656234
8/15/2023 2:00,0.005678839
8/15/2023 2:15,0.006372054
8/15/2023 2:30,0.006372054
8/15/2023 2:45,0.00504651
8/15/2023 3:00,0.006372054
8/15/2023 3:15,0.006372054
8/15/2023 3:30,0.005678839
8/15/2023 3:45,0.006372054
8/15/2023 4:00,0.006372054
8/15/2023 4:15,0.006372054
8/15/2023 4:30,0.006872073
8/15/2023 4:45,0.00590134
8/15/2023 5:00,0.00590134
8/15/2023 5:15,0.006372054
8/15/2023 5:30,0.00590134
8/15/2023 5:45,0.007130762
8/15/2023 6:00,0.007959906
8/15/2023 6:15,0.007130762
8/15/2023 6:30,0.00504651
8/15/2023 6:45,0.005249546
8/15/2023 7:00,0.00590134
8/15/2023 7:15,0.005249546
8/15/2023 7:30,0.005675055
8/15/2023 7:45,0.005249546
8/15/2023 8:00,0.005249546
8/15/2023 8:15,0.00590134
8/15/2023 8:30,0.006616182
8/15/2023 8:45,0.005249546
8/15/2023 9:00,0.00590134
8/15/2023 9:15,0.005459012
8/15/2023 9:30,0.005678839
8/15/2023 9:45,0.005249546
8/15/2023 10:00,0.00590134
8/15/2023 10:15,0.006372054
8/15/2023 10:30,0.00590134
8/15/2023 10:45,0.00590134
8/15/2023 11:00,0.005675055
8/15/2023 11:15,0.005249546
8/15/2023 11:30,0.005249546
8/15/2023 11:45,0.005675055
8/15/2023 12:00,0.005249546
8/15/2023 12:15,0.005675055
8/15/2023 12:30,0.004656234
8/15/2023 12:45,0.00590134
8/15/2023 13:00,0.005249546
8/15/2023 13:15,0.004471708
8/15/2023 13:30,0.005678839
8/15/2023 13:45,0.00504651
8/15/2023 14:00,0.005249546
8/15/2023 14:15,0.005678839
8/15/2023 14:30,0.005678839
8/15/2023 14:45,0.004656234
8/15/2023 15:00,0.004468579
8/15/2023 15:15,0.004117148
8/15/2023 15:30,0.003949867
8/15/2023 15:45,0.003949867
8/15/2023 16:00,0.004471708
8/15/2023 16:15,0.003949867
8/15/2023 16:30,0.005678839
8/15/2023 16:45,0.004471708
8/15/2023 17:00,0.004471708
8/15/2023 17:15,0.004471708
8/15/2023 17:30,0.00546268
8/15/2023 17:45,0.004849758
8/15/2023 18:00,0.004471708
8/15/2023 18:15,0.004471708
8/15/2023 18:30,0.004471708
8/15/2023 18:45,0.004471708
8/15/2023 19:00,0.005678839
8/15/2023 19:15,0.00504651
8/15/2023 19:30,0.004471708
8/15/2023 19:45,0.005678839
8/15/2023 20:00,0.004471708
8/15/2023 20:15,0.003477853
8/15/2023 20:30,0.004471708
8/15/2023 20:45,0.004656234
8/15/2023 21:00,0.004471708
8/15/2023 21:15,0.004117148
8/15/2023 21:30,0.00504651
8/15/2023 21:45,0.00504651
8/15/2023 22:00,0.004656234
8/15/2023 22:15,0.005249546
8/15/2023 22:30,0.005459012
8/15/2023 22:45,0.004471708
8/15/2023 23:00,0.005459012
8/15/2023 23:15,0.005459012
8/15/2023 23:30,0.005678839
8/15/2023 23:45,0.004471708
8/16/2023 0:00,0.005678839
8/16/2023 0:15,0.005678839
8/16/2023 0:30,0.006372054
8/16/2023 0:45,0.005678839
8/16/2023 1:00,0.006135126
8/16/2023 1:15,0.005678839
8/16/2023 1:30,0.00504651
8/16/2023 1:45,0.005678839
8/16/2023 2:00,0.005678839
8/16/2023 2:15,0.00504651
8/16/2023 2:30,0.006135126
8/16/2023 2:45,0.006135126
8/16/2023 3:00,0.006135126
8/16/2023 3:15,0.00546268
8/16/2023 3:30,0.005678839
8/16/2023 3:45,0.006372054
8/16/2023 4:00,0.005678839
8/16/2023 4:15,0.005678839
8/16/2023 4:30,0.005678839
8/16/2023 4:45,0.005678839
8/16/2023 5:00,0.006135126
8/16/2023 5:15,0.005678839
8/16/2023 5:30,0.00504651
8/16/2023 5:45,0.005678839
8/16/2023 6:00,0.00504651
8/16/2023 6:15,0.006135126
8/16/2023 6:30,0.005678839
8/16/2023 6:45,0.005678839
8/16/2023 7:00,0.006135126
8/16/2023 7:15,0.00546268
8/16/2023 7:30,0.006135126
8/16/2023 7:45,0.00546268
8/16/2023 8:00,0.00546268
8/16/2023 8:15,0.00546268
8/16/2023 8:30,0.00504651
8/16/2023 8:45,0.00504651
8/16/2023 9:00,0.004849758
8/16/2023 9:15,0.004471708
8/16/2023 9:30,0.006135126
8/16/2023 9:45,0.00504651
8/16/2023 10:00,0.00546268
8/16/2023 10:15,0.003949867
8/16/2023 10:30,0.004471708
8/16/2023 10:45,0.003949867
8/16/2023 11:00,0.003949867
8/16/2023 11:15,0.003949867
8/16/2023 11:30,0.004468579
8/16/2023 11:45,0.003049486
8/16/2023 12:00,0.005043065
8/16/2023 12:15,0.003947031
8/16/2023 12:30,0.004468579
8/16/2023 12:45,0.003947031
8/16/2023 13:00,0.005043065
8/16/2023 13:15,0.00484642
8/16/2023 13:30,0.004290007
8/16/2023 13:45,0.004293037
8/16/2023 14:00,0.004849758
8/16/2023 14:15,0.004849758
8/16/2023 14:30,0.004293037
8/16/2023 14:45,0.003477853
8/16/2023 15:00,0.004849758
8/16/2023 15:15,0.004849758
8/16/2023 15:30,0.004290007
8/16/2023 15:45,0.00484642
8/16/2023 16:00,0.005459012
8/16/2023 16:15,0.005459012
8/16/2023 16:30,0.00484642
8/16/2023 16:45,0.00590134
8/16/2023 17:00,0.007130762
8/16/2023 17:15,0.007130762
8/16/2023 17:30,0.007130762
8/16/2023 17:45,0.006372054
8/16/2023 18:00,0.007130762
8/16/2023 18:15,0.006372054
8/16/2023 18:30,0.007397582
8/16/2023 18:45,0.00590134
8/16/2023 19:00,0.00590134
8/16/2023 19:15,0.006616182
8/16/2023 19:30,0.00590134
8/16/2023 19:45,0.00590134
8/16/2023 20:00,0.00484642
8/16/2023 20:15,0.00590134
8/16/2023 20:30,0.006616182
8/16/2023 20:45,0.00590134
8/16/2023 21:00,0.00546268
8/16/2023 21:15,0.005249546
8/16/2023 21:30,0.006616182
8/16/2023 21:45,0.00546268
8/16/2023 22:00,0.006616182
8/16/2023 22:15,0.00546268
8/16/2023 22:30,0.006135126
8/16/2023 22:45,0.00546268
8/16/2023 23:00,0.00590134
8/16/2023 23:15,0.006616182
8/16/2023 23:30,0.005459012
8/16/2023 23:45,0.005249546
8/17/2023 0:00,0.005249546
8/17/2023 0:15,0.00590134
8/17/2023 0:30,0.00546268
8/17/2023 0:45,0.005249546
8/17/2023 1:00,0.007130762
8/17/2023 1:15,0.00590134
8/17/2023 1:30,0.005249546
8/17/2023 1:45,0.006372054
8/17/2023 2:00,0.00590134
8/17/2023 2:15,0.005249546
8/17/2023 2:30,0.005249546
8/17/2023 2:45,0.005249546
8/17/2023 3:00,0.005249546
8/17/2023 3:15,0.005249546
8/17/2023 3:30,0.005249546
8/17/2023 3:45,0.006372054
8/17/2023 4:00,0.005249546
8/17/2023 4:15,0.00590134
8/17/2023 4:30,0.00590134
8/17/2023 4:45,0.00590134
8/17/2023 5:00,0.00590134
8/17/2023 5:15,0.006616182
8/17/2023 5:30,0.006616182
8/17/2023 5:45,0.005249546
8/17/2023 6:00,0.005249546
8/17/2023 6:15,0.005249546
8/17/2023 6:30,0.00590134
8/17/2023 6:45,0.007397582
8/17/2023 7:00,0.006616182
8/17/2023 7:15,0.00590134
8/17/2023 7:30,0.00590134
8/17/2023 7:45,0.00590134
8/17/2023 8:00,0.005249546
8/17/2023 8:15,0.00484642
8/17/2023 8:30,0.005249546
8/17/2023 8:45,0.004849758
8/17/2023 9:00,0.004849758
8/17/2023 9:15,0.004849758
8/17/2023 9:30,0.005249546
8/17/2023 9:45,0.004849758
8/17/2023 10:00,0.006135126
8/17/2023 10:15,0.004849758
8/17/2023 10:30,0.003788304
8/17/2023 10:45,0.004293037
8/17/2023 11:00,0.004293037
8/17/2023 11:15,0.004293037
8/17/2023 11:30,0.004293037
8/17/2023 11:45,0.003788304
8/17/2023 12:00,0.003788304
8/17/2023 12:15,0.003331642
8/17/2023 12:30,0.003788304
8/17/2023 12:45,0.003051797
8/17/2023 13:00,0.003477853
8/17/2023 13:15,0.003785561
8/17/2023 13:30,0.004290007
8/17/2023 13:45,0.003785561
8/17/2023 14:00,0.003785561
8/17/2023 14:15,0.003785561
8/17/2023 14:30,0.003329165
8/17/2023 14:45,0.003785561
8/17/2023 15:00,0.003785561
8/17/2023 15:15,0.003785561
8/17/2023 15:30,0.004117148
8/17/2023 15:45,0.004117148
8/17/2023 16:00,0.003329165
8/17/2023 16:15,0.003788304
8/17/2023 16:30,0.003788304
8/17/2023 16:45,0.004293037
8/17/2023 17:00,0.005043065
8/17/2023 17:15,0.003331642
8/17/2023 17:30,0.003629117
8/17/2023 17:45,0.003629117
8/17/2023 18:00,0.003629117
8/17/2023 18:15,0.003629117
8/17/2023 18:30,0.002920069
8/17/2023 18:45,0.004290007
8/17/2023 19:00,0.004656234
8/17/2023 19:15,0.004290007
8/17/2023 19:30,0.003785561
8/17/2023 19:45,0.003785561
8/17/2023 20:00,0.003785561
8/17/2023 20:15,0.003051797
8/17/2023 20:30,0.003949867
8/17/2023 20:45,0.003187965
8/17/2023 21:00,0.004471708
8/17/2023 21:15,0.003949867
8/17/2023 21:30,0.003788304
8/17/2023 21:45,0.004849758
8/17/2023 22:00,0.003788304
8/17/2023 22:15,0.003788304
8/17/2023 22:30,0.003949867
8/17/2023 22:45,0.004849758
8/17/2023 23:00,0.003477853
8/17/2023 23:15,0.003477853
8/17/2023 23:30,0.004293037
8/17/2023 23:45,0.004293037
8/18/2023 0:00,0.003788304
8/18/2023 0:15,0.004293037
8/18/2023 0:30,0.003949867
8/18/2023 0:45,0.003785561
8/18/2023 1:00,0.004290007
8/18/2023 1:15,0.004290007
8/18/2023 1:30,0.003785561
8/18/2023 1:45,0.00484642
8/18/2023 2:00,0.004117148
8/18/2023 2:15,0.004656234
8/18/2023 2:30,0.003785561
8/18/2023 2:45,0.00484642
8/18/2023 3:00,0.00484642
8/18/2023 3:15,0.004656234
8/18/2023 3:30,0.004656234
8/18/2023 3:45,0.004117148
8/18/2023 4:00,0.004290007
8/18/2023 4:15,0.004117148
8/18/2023 4:30,0.003629117
8/18/2023 4:45,0.004117148
8/18/2023 5:00,0.004290007
8/18/2023 5:15,0.004290007
8/18/2023 5:30,0.00484642
8/18/2023 5:45,0.00484642
8/18/2023 6:00,0.004290007
8/18/2023 6:15,0.004290007
8/18/2023 6:30,0.004290007
8/18/2023 6:45,0.004290007
8/18/2023 7:00,0.003785561
8/18/2023 7:15,0.003785561
8/18/2023 7:30,0.004471708
8/18/2023 7:45,0.004471708
8/18/2023 8:00,0.003949867
8/18/2023 8:15,0.004849758
8/18/2023 8:30,0.004849758
8/18/2023 8:45,0.003788304
8/18/2023 9:00,0.004849758
8/18/2023 9:15,0.003331642
8/18/2023 9:30,0.004293037
8/18/2023 9:45,0.004293037
8/18/2023 10:00,0.003331642
8/18/2023 10:15,0.004293037
8/18/2023 10:30,0.003788304
8/18/2023 10:45,0.003788304
8/18/2023 11:00,0.002668099
8/18/2023 11:15,0.002920069
8/18/2023 11:30,0.002920069
8/18/2023 11:45,0.003477853
8/18/2023 12:00,0.002668099
8/18/2023 12:15,0.003477853
8/18/2023 12:30,0.003051797
8/18/2023 12:45,0.002668099
8/18/2023 13:00,0.002668099
8/18/2023 13:15,0.002114201
8/18/2023 13:30,0.003329165
8/18/2023 13:45,0.002917838
8/18/2023 14:00,0.003785561
8/18/2023 14:15,0.003329165
8/18/2023 14:30,0.002917838
8/18/2023 14:45,0.002917838
8/18/2023 15:00,0.002920069
8/18/2023 15:15,0.002549775
8/18/2023 15:30,0.002920069
8/18/2023 15:45,0.002547772
8/18/2023 16:00,0.002547772
8/18/2023 16:15,0.002216218
8/18/2023 16:30,0.002216218
8/18/2023 16:45,0.003629117
8/18/2023 17:00,0.002917838
8/18/2023 17:15,0.003187965
8/18/2023 17:30,0.003629117
8/18/2023 17:45,0.003629117
8/18/2023 18:00,0.003329165
8/18/2023 18:15,0.002917838
8/18/2023 18:30,0.003629117
8/18/2023 18:45,0.003629117
8/18/2023 19:00,0.003629117
8/18/2023 19:15,0.003329165
8/18/2023 19:30,0.003187965
8/18/2023 19:45,0.003187965
8/18/2023 20:00,0.003629117
8/18/2023 20:15,0.003629117
8/18/2023 20:30,0.003187965
8/18/2023 20:45,0.004117148
8/18/2023 21:00,0.002917838
8/18/2023 21:15,0.003331642
8/18/2023 21:30,0.002920069
8/18/2023 21:45,0.003051797
8/18/2023 22:00,0.003329165
8/18/2023 22:15,0.003329165
8/18/2023 22:30,0.003329165
8/18/2023 22:45,0.004290007
8/18/2023 23:00,0.003629117
8/18/2023 23:15,0.003329165
8/18/2023 23:30,0.003331642
8/18/2023 23:45,0.003785561
8/19/2023 0:00,0.003785561
8/19/2023 0:15,0.003329165
8/19/2023 0:30,0.003785561
8/19/2023 0:45,0.003049486
8/19/2023 1:00,0.004290007
8/19/2023 1:15,0.004290007
8/19/2023 1:30,0.003785561
8/19/2023 1:45,0.003785561
8/19/2023 2:00,0.004117148
8/19/2023 2:15,0.003329165
8/19/2023 2:30,0.004656234
8/19/2023 2:45,0.004656234
8/19/2023 3:00,0.00484642
8/19/2023 3:15,0.003785561
8/19/2023 3:30,0.004290007
8/19/2023 3:45,0.005249546
8/19/2023 4:00,0.005459012
8/19/2023 4:15,0.003785561
8/19/2023 4:30,0.003785561
8/19/2023 4:45,0.00484642
8/19/2023 5:00,0.004290007
8/19/2023 5:15,0.004290007
8/19/2023 5:30,0.004290007
8/19/2023 5:45,0.004290007
8/19/2023 6:00,0.005249546
8/19/2023 6:15,0.00484642
8/19/2023 6:30,0.00484642
8/19/2023 6:45,0.00484642
8/19/2023 7:00,0.00484642
8/19/2023 7:15,0.00484642
8/19/2023 7:30,0.004849758
8/19/2023 7:45,0.004849758
8/19/2023 8:00,0.004849758
8/19/2023 8:15,0.004849758
8/19/2023 8:30,0.003949867
8/19/2023 8:45,0.004849758
8/19/2023 9:00,0.004849758
8/19/2023 9:15,0.00546268
8/19/2023 9:30,0.003788304
8/19/2023 9:45,0.004293037
8/19/2023 10:00,0.004293037
8/19/2023 10:15,0.004849758
8/19/2023 10:30,0.004293037
8/19/2023 10:45,0.003788304
8/19/2023 11:00,0.004117148
8/19/2023 11:15,0.003477853
8/19/2023 11:30,0.003785561
8/19/2023 11:45,0.003329165
8/19/2023 12:00,0.004656234
8/19/2023 12:15,0.003785561
8/19/2023 12:30,0.003629117
8/19/2023 12:45,0.004117148
8/19/2023 13:00,0.003785561
8/19/2023 13:15,0.002917838
8/19/2023 13:30,0.004290007
8/19/2023 13:45,0.003187965
8/19/2023 14:00,0.003629117
8/19/2023 14:15,0.003629117
8/19/2023 14:30,0.003187965
8/19/2023 14:45,0.002920069
8/19/2023 15:00,0.004117148
8/19/2023 15:15,0.003788304
8/19/2023 15:30,0.003187965
8/19/2023 15:45,0.002917838
8/19/2023 16:00,0.003329165
8/19/2023 16:15,0.003329165
8/19/2023 16:30,0.002917838
8/19/2023 16:45,0.003329165
8/19/2023 17:00,0.002547772
8/19/2023 17:15,0.002547772
8/19/2023 17:30,0.002917838
8/19/2023 17:45,0.002917838
8/19/2023 18:00,0.002547772
8/19/2023 18:15,0.002547772
8/19/2023 18:30,0.002917838
8/19/2023 18:45,0.002917838
8/19/2023 19:00,0.002547772
8/19/2023 19:15,0.003187965
8/19/2023 19:30,0.002920069
8/19/2023 19:45,0.002323973
8/19/2023 20:00,0.002549775
8/19/2023 20:15,0.002668099
8/19/2023 20:30,0.002917838
8/19/2023 20:45,0.002666023
8/19/2023 21:00,0.002666023
8/19/2023 21:15,0.002666023
8/19/2023 21:30,0.002668099
8/19/2023 21:45,0.003477853
8/19/2023 22:00,0.002668099
8/19/2023 22:15,0.003051797
8/19/2023 22:30,0.003051797
8/19/2023 22:45,0.003051797
8/19/2023 23:00,0.002668099
8/19/2023 23:15,0.003051797
8/19/2023 23:30,0.002668099
8/19/2023 23:45,0.002790749
8/20/2023 0:00,0.003187965
8/20/2023 0:15,0.003187965
8/20/2023 0:30,0.00347529
8/20/2023 0:45,0.003187965
8/20/2023 1:00,0.003477853
8/20/2023 1:15,0.003477853
8/20/2023 1:30,0.003051797
8/20/2023 1:45,0.002668099
8/20/2023 2:00,0.003051797
8/20/2023 2:15,0.003477853
8/20/2023 2:30,0.003187965
8/20/2023 2:45,0.003187965
8/20/2023 3:00,0.003785561
8/20/2023 3:15,0.00347529
8/20/2023 3:30,0.002790749
8/20/2023 3:45,0.003785561
8/20/2023 4:00,0.003477853
8/20/2023 4:15,0.00347529
8/20/2023 4:30,0.003785561
8/20/2023 4:45,0.004471708
8/20/2023 5:00,0.003949867
8/20/2023 5:15,0.003477853
8/20/2023 5:30,0.003785561
8/20/2023 5:45,0.003785561
8/20/2023 6:00,0.003949867
8/20/2023 6:15,0.003949867
8/20/2023 6:30,0.00347529
8/20/2023 6:45,0.003947031
8/20/2023 7:00,0.003947031
8/20/2023 7:15,0.00347529
8/20/2023 7:30,0.004117148
8/20/2023 7:45,0.003477853
8/20/2023 8:00,0.003949867
8/20/2023 8:15,0.003477853
8/20/2023 8:30,0.003477853
8/20/2023 8:45,0.003629117
8/20/2023 9:00,0.003187965
8/20/2023 9:15,0.003187965
8/20/2023 9:30,0.004117148
8/20/2023 9:45,0.003477853
8/20/2023 10:00,0.003949867
8/20/2023 10:15,0.003949867
8/20/2023 10:30,0.003477853
8/20/2023 10:45,0.003477853
8/20/2023 11:00,0.003477853
8/20/2023 11:15,0.003187965
8/20/2023 11:30,0.003187965
8/20/2023 11:45,0.003187965
8/20/2023 12:00,0.003949867
8/20/2023 12:15,0.003477853
8/20/2023 12:30,0.003949867
8/20/2023 12:45,0.003477853
8/20/2023 13:00,0.002790749
8/20/2023 13:15,0.002668099
8/20/2023 13:30,0.002668099
8/20/2023 13:45,0.003051797
8/20/2023 14:00,0.002790749
8/20/2023 14:15,0.00347529
8/20/2023 14:30,0.003947031
8/20/2023 14:45,0.00347529
8/20/2023 15:00,0.003049486
8/20/2023 15:15,0.004468579
8/20/2023 15:30,0.003049486
8/20/2023 15:45,0.003049486
8/20/2023 16:00,0.00347529
8/20/2023 16:15,0.00347529
8/20/2023 16:30,0.002790749
8/20/2023 16:45,0.003049486
8/20/2023 17:00,0.002790749
8/20/2023 17:15,0.002790749
8/20/2023 17:30,0.003049486
8/20/2023 17:45,0.00347529
8/20/2023 18:00,0.00347529
8/20/2023 18:15,0.003051797
8/20/2023 18:30,0.003477853
8/20/2023 18:45,0.003477853
8/20/2023 19:00,0.002433924
8/20/2023 19:15,0.002790749
8/20/2023 19:30,0.002666023
8/20/2023 19:45,0.003049486
8/20/2023 20:00,0.002433924
8/20/2023 20:15,0.003187965
8/20/2023 20:30,0.002433924
8/20/2023 20:45,0.002790749
8/20/2023 21:00,0.003187965
8/20/2023 21:15,0.002790749
8/20/2023 21:30,0.002547772
8/20/2023 21:45,0.002917838
8/20/2023 22:00,0.002917838
8/20/2023 22:15,0.002917838
8/20/2023 22:30,0.002917838
8/20/2023 22:45,0.003187965
8/20/2023 23:00,0.002917838
8/20/2023 23:15,0.002790749
8/20/2023 23:30,0.002547772
8/20/2023 23:45,0.002920069
8/21/2023 0:00,0.002549775
8/21/2023 0:15,0.002920069
8/21/2023 0:30,0.002920069
8/21/2023 0:45,0.002323973
8/21/2023 1:00,0.002917838
8/21/2023 1:15,0.002920069
8/21/2023 1:30,0.003187965
8/21/2023 1:45,0.002920069
8/21/2023 2:00,0.002920069
8/21/2023 2:15,0.002920069
8/21/2023 2:30,0.002920069
8/21/2023 2:45,0.002549775
8/21/2023 3:00,0.002920069
8/21/2023 3:15,0.002920069
8/21/2023 3:30,0.002920069
8/21/2023 3:45,0.00221801
8/21/2023 4:00,0.002920069
8/21/2023 4:15,0.002920069
8/21/2023 4:30,0.003331642
8/21/2023 4:45,0.002920069
8/21/2023 5:00,0.002920069
8/21/2023 5:15,0.002920069
8/21/2023 5:30,0.002920069
8/21/2023 5:45,0.003187965
8/21/2023 6:00,0.002920069
8/21/2023 6:15,0.002323973
8/21/2023 6:30,0.002549775
8/21/2023 6:45,0.002547772
8/21/2023 7:00,0.002917838
8/21/2023 7:15,0.002547772
8/21/2023 7:30,0.002917838
8/21/2023 7:45,0.002917838
8/21/2023 8:00,0.002666023
8/21/2023 8:15,0.003329165
8/21/2023 8:30,0.002666023
8/21/2023 8:45,0.003329165
8/21/2023 9:00,0.003785561
8/21/2023 9:15,0.003329165
8/21/2023 9:30,0.003329165
8/21/2023 9:45,0.003329165
8/21/2023 10:00,0.003329165
8/21/2023 10:15,0.002917838
8/21/2023 10:30,0.002917838
8/21/2023 10:45,0.003329165
8/21/2023 11:00,0.003329165
8/21/2023 11:15,0.003785561
8/21/2023 11:30,0.003785561
8/21/2023 11:45,0.003629117
8/21/2023 12:00,0.003329165
8/21/2023 12:15,0.003785561
8/21/2023 12:30,0.004117148
8/21/2023 12:45,0.003785561
8/21/2023 13:00,0.004290007
8/21/2023 13:15,0.003629117
8/21/2023 13:30,0.004656234
8/21/2023 13:45,0.003629117
8/21/2023 14:00,0.003629117
8/21/2023 14:15,0.00504651
8/21/2023 14:30,0.003629117
8/21/2023 14:45,0.004117148
8/21/2023 15:00,0.004117148
8/21/2023 15:15,0.004117148
8/21/2023 15:30,0.004468579
8/21/2023 15:45,0.005043065
8/21/2023 16:00,0.005043065
8/21/2023 16:15,0.004117148
8/21/2023 16:30,0.004117148
8/21/2023 16:45,0.003949867
8/21/2023 17:00,0.004117148
8/21/2023 17:15,0.004471708
8/21/2023 17:30,0.003477853
8/21/2023 17:45,0.003477853
8/21/2023 18:00,0.003629117
8/21/2023 18:15,0.003629117
8/21/2023 18:30,0.003477853
8/21/2023 18:45,0.003629117
8/21/2023 19:00,0.004117148
8/21/2023 19:15,0.003629117
8/21/2023 19:30,0.004117148
8/21/2023 19:45,0.003949867
8/21/2023 20:00,0.004117148
8/21/2023 20:15,0.003629117
8/21/2023 20:30,0.003629117
8/21/2023 20:45,0.003629117
8/21/2023 21:00,0.003629117
8/21/2023 21:15,0.003329165
8/21/2023 21:30,0.004117148
8/21/2023 21:45,0.004117148
8/21/2023 22:00,0.004117148
8/21/2023 22:15,0.003629117
8/21/2023 22:30,0.004290007
8/21/2023 22:45,0.004117148
8/21/2023 23:00,0.003329165
8/21/2023 23:15,0.004471708
8/21/2023 23:30,0.004656234
8/21/2023 23:45,0.004117148
8/22/2023 0:00,0.003629117
8/22/2023 0:15,0.003329165
8/22/2023 0:30,0.004117148
8/22/2023 0:45,0.004117148
8/22/2023 1:00,0.004117148
8/22/2023 1:15,0.003629117
8/22/2023 1:30,0.003187965
8/22/2023 1:45,0.003329165
8/22/2023 2:00,0.004117148
8/22/2023 2:15,0.003785561
8/22/2023 2:30,0.004117148
8/22/2023 2:45,0.004117148
8/22/2023 3:00,0.002917838
8/22/2023 3:15,0.003629117
8/22/2023 3:30,0.003629117
8/22/2023 3:45,0.003187965
8/22/2023 4:00,0.004117148
8/22/2023 4:15,0.004117148
8/22/2023 4:30,0.003629117
8/22/2023 4:45,0.004656234
8/22/2023 5:00,0.003629117
8/22/2023 5:15,0.003629117
8/22/2023 5:30,0.003788304
8/22/2023 5:45,0.003629117
8/22/2023 6:00,0.003629117
8/22/2023 6:15,0.003629117
8/22/2023 6:30,0.003187965
8/22/2023 6:45,0.004117148
8/22/2023 7:00,0.003785561
8/22/2023 7:15,0.003785561
8/22/2023 7:30,0.004117148
8/22/2023 7:45,0.004117148
8/22/2023 8:00,0.003785561
8/22/2023 8:15,0.003629117
8/22/2023 8:30,0.003629117
8/22/2023 8:45,0.003629117
8/22/2023 9:00,0.003629117
8/22/2023 9:15,0.003629117
8/22/2023 9:30,0.003629117
8/22/2023 9:45,0.003629117
8/22/2023 10:00,0.002917838
8/22/2023 10:15,0.004117148
8/22/2023 10:30,0.004117148
8/22/2023 10:45,0.003629117
8/22/2023 11:00,0.004471708
8/22/2023 11:15,0.004471708
8/22/2023 11:30,0.004117148
8/22/2023 11:45,0.003629117
8/22/2023 12:00,0.003629117
8/22/2023 12:15,0.003629117
8/22/2023 12:30,0.003187965
8/22/2023 12:45,0.004468579
8/22/2023 13:00,0.003629117
8/22/2023 13:15,0.003187965
8/22/2023 13:30,0.004471708
8/22/2023 13:45,0.003629117
8/22/2023 14:00,0.003949867
8/22/2023 14:15,0.003629117
8/22/2023 14:30,0.003949867
8/22/2023 14:45,0.003187965
8/22/2023 15:00,0.004471708
8/22/2023 15:15,0.003949867
8/22/2023 15:30,0.004471708
8/22/2023 15:45,0.003949867
8/22/2023 16:00,0.003629117
8/22/2023 16:15,0.004290007
8/22/2023 16:30,0.004290007
8/22/2023 16:45,0.004468579
8/22/2023 17:00,0.004468579
8/22/2023 17:15,0.003785561
8/22/2023 17:30,0.004290007
8/22/2023 17:45,0.003785561
8/22/2023 18:00,0.003949867
8/22/2023 18:15,0.003477853
8/22/2023 18:30,0.003949867
8/22/2023 18:45,0.004293037
8/22/2023 19:00,0.003949867
8/22/2023 19:15,0.003949867
8/22/2023 19:30,0.003477853
8/22/2023 19:45,0.004290007
8/22/2023 20:00,0.003947031
8/22/2023 20:15,0.004468579
8/22/2023 20:30,0.003949867
8/22/2023 20:45,0.004471708
8/22/2023 21:00,0.004117148
8/22/2023 21:15,0.003629117
8/22/2023 21:30,0.003949867
8/22/2023 21:45,0.004471708
8/22/2023 22:00,0.003949867
8/22/2023 22:15,0.00504651
8/22/2023 22:30,0.003949867
8/22/2023 22:45,0.003949867
8/22/2023 23:00,0.003329165
8/22/2023 23:15,0.003949867
8/22/2023 23:30,0.004117148
8/22/2023 23:45,0.003949867
8/23/2023 0:00,0.004471708
8/23/2023 0:15,0.003949867
8/23/2023 0:30,0.003949867
8/23/2023 0:45,0.003629117
8/23/2023 1:00,0.003629117
8/23/2023 1:15,0.004117148
8/23/2023 1:30,0.003329165
8/23/2023 1:45,0.003949867
8/23/2023 2:00,0.003629117
8/23/2023 2:15,0.004656234
8/23/2023 2:30,0.004656234
8/23/2023 2:45,0.003949867
8/23/2023 3:00,0.004471708
8/23/2023 3:15,0.003629117
8/23/2023 3:30,0.003949867
8/23/2023 3:45,0.004471708
8/23/2023 4:00,0.003949867
8/23/2023 4:15,0.003949867
8/23/2023 4:30,0.003629117
8/23/2023 4:45,0.003477853
8/23/2023 5:00,0.004471708
8/23/2023 5:15,0.003949867
8/23/2023 5:30,0.003949867
8/23/2023 5:45,0.003949867
8/23/2023 6:00,0.003477853
8/23/2023 6:15,0.003949867
8/23/2023 6:30,0.003629117
8/23/2023 6:45,0.003629117
8/23/2023 7:00,0.004117148
8/23/2023 7:15,0.003187965
8/23/2023 7:30,0.003629117
8/23/2023 7:45,0.003629117
8/23/2023 8:00,0.003629117
8/23/2023 8:15,0.003629117
8/23/2023 8:30,0.003949867
8/23/2023 8:45,0.003949867
8/23/2023 9:00,0.004471708
8/23/2023 9:15,0.004117148
8/23/2023 9:30,0.004471708
8/23/2023 9:45,0.00504651
8/23/2023 10:00,0.004471708
8/23/2023 10:15,0.004471708
8/23/2023 10:30,0.004849758
8/23/2023 10:45,0.004117148
8/23/2023 11:00,0.003629117
8/23/2023 11:15,0.004471708
8/23/2023 11:30,0.00484642
8/23/2023 11:45,0.003947031
8/23/2023 12:00,0.005459012
8/23/2023 12:15,0.005043065
8/23/2023 12:30,0.00484642
8/23/2023 12:45,0.004290007
8/23/2023 13:00,0.004290007
8/23/2023 13:15,0.00484642
8/23/2023 13:30,0.003947031
8/23/2023 13:45,0.004468579
8/23/2023 14:00,0.00484642
8/23/2023 14:15,0.003949867
8/23/2023 14:30,0.00484642
8/23/2023 14:45,0.003949867
8/23/2023 15:00,0.003788304
8/23/2023 15:15,0.003788304
8/23/2023 15:30,0.004293037
8/23/2023 15:45,0.003949867
8/23/2023 16:00,0.003785561
8/23/2023 16:15,0.003329165
8/23/2023 16:30,0.003785561
8/23/2023 16:45,0.003785561
8/23/2023 17:00,0.004290007
8/23/2023 17:15,0.00484642
8/23/2023 17:30,0.004290007
8/23/2023 17:45,0.004290007
8/23/2023 18:00,0.004290007
8/23/2023 18:15,0.003785561
8/23/2023 18:30,0.004117148
8/23/2023 18:45,0.004117148
8/23/2023 19:00,0.004290007
8/23/2023 19:15,0.003785561
8/23/2023 19:30,0.004117148
8/23/2023 19:45,0.003785561
8/23/2023 20:00,0.003785561
8/23/2023 20:15,0.00347529
8/23/2023 20:30,0.003785561
8/23/2023 20:45,0.003785561
8/23/2023 21:00,0.004293037
8/23/2023 21:15,0.004290007
8/23/2023 21:30,0.003949867
8/23/2023 21:45,0.003477853
8/23/2023 22:00,0.004293037
8/23/2023 22:15,0.003477853
8/23/2023 22:30,0.004290007
8/23/2023 22:45,0.003949867
8/23/2023 23:00,0.004290007
8/23/2023 23:15,0.003477853
8/23/2023 23:30,0.003788304
8/23/2023 23:45,0.004293037
8/24/2023 0:00,0.004656234
8/24/2023 0:15,0.004290007
8/24/2023 0:30,0.004290007
8/24/2023 0:45,0.003785561
8/24/2023 1:00,0.004656234
8/24/2023 1:15,0.004290007
8/24/2023 1:30,0.004290007
8/24/2023 1:45,0.004290007
8/24/2023 2:00,0.004656234
8/24/2023 2:15,0.003785561
8/24/2023 2:30,0.004117148
8/24/2023 2:45,0.003629117
8/24/2023 3:00,0.004117148
8/24/2023 3:15,0.003629117
8/24/2023 3:30,0.004656234
8/24/2023 3:45,0.003788304
8/24/2023 4:00,0.004117148
8/24/2023 4:15,0.003788304
8/24/2023 4:30,0.004293037
8/24/2023 4:45,0.003629117
8/24/2023 5:00,0.003331642
8/24/2023 5:15,0.003788304
8/24/2023 5:30,0.003788304
8/24/2023 5:45,0.003331642
8/24/2023 6:00,0.003331642
8/24/2023 6:15,0.002920069
8/24/2023 6:30,0.004117148
8/24/2023 6:45,0.003629117
8/24/2023 7:00,0.004117148
8/24/2023 7:15,0.004656234
8/24/2023 7:30,0.005249546
8/24/2023 7:45,0.00484642
8/24/2023 8:00,0.004656234
8/24/2023 8:15,0.005249546
8/24/2023 8:30,0.00484642
8/24/2023 8:45,0.005249546
8/24/2023 9:00,0.005249546
8/24/2023 9:15,0.004117148
8/24/2023 9:30,0.00590134
8/24/2023 9:45,0.00484642
8/24/2023 10:00,0.00484642
8/24/2023 10:15,0.00484642
8/24/2023 10:30,0.00484642
8/24/2023 10:45,0.005459012
8/24/2023 11:00,0.005459012
8/24/2023 11:15,0.00484642
8/24/2023 11:30,0.005459012
8/24/2023 11:45,0.00484642
8/24/2023 12:00,0.00484642
8/24/2023 12:15,0.004290007
8/24/2023 12:30,0.005459012
8/24/2023 12:45,0.005459012
8/24/2023 13:00,0.005249546
8/24/2023 13:15,0.004656234
8/24/2023 13:30,0.004117148
8/24/2023 13:45,0.005678839
8/24/2023 14:00,0.005249546
8/24/2023 14:15,0.005249546
8/24/2023 14:30,0.005249546
8/24/2023 14:45,0.005249546
8/24/2023 15:00,0.005249546
8/24/2023 15:15,0.00590134
8/24/2023 15:30,0.005675055
8/24/2023 15:45,0.005043065
8/24/2023 16:00,0.005675055
8/24/2023 16:15,0.005249546
8/24/2023 16:30,0.004656234
8/24/2023 16:45,0.005249546
8/24/2023 17:00,0.004656234
8/24/2023 17:15,0.004656234
8/24/2023 17:30,0.004117148
8/24/2023 17:45,0.004656234
8/24/2023 18:00,0.003629117
8/24/2023 18:15,0.004117148
8/24/2023 18:30,0.004117148
8/24/2023 18:45,0.004117148
8/24/2023 19:00,0.004117148
8/24/2023 19:15,0.003629117
8/24/2023 19:30,0.003629117
8/24/2023 19:45,0.003331642
8/24/2023 20:00,0.004293037
8/24/2023 20:15,0.003788304
8/24/2023 20:30,0.003331642
8/24/2023 20:45,0.003785561
8/24/2023 21:00,0.003785561
8/24/2023 21:15,0.003329165
8/24/2023 21:30,0.003785561
8/24/2023 21:45,0.003785561
8/24/2023 22:00,0.004117148
8/24/2023 22:15,0.003785561
8/24/2023 22:30,0.00347529
8/24/2023 22:45,0.003785561
8/24/2023 23:00,0.003785561
8/24/2023 23:15,0.004117148
8/24/2023 23:30,0.003785561
8/24/2023 23:45,0.003785561
8/25/2023 0:00,0.003785561
8/25/2023 0:15,0.003785561
8/25/2023 0:30,0.004290007
8/25/2023 0:45,0.004290007
8/25/2023 1:00,0.004117148
8/25/2023 1:15,0.004290007
8/25/2023 1:30,0.003785561
8/25/2023 1:45,0.004290007
8/25/2023 2:00,0.004290007
8/25/2023 2:15,0.004117148
8/25/2023 2:30,0.004117148
8/25/2023 2:45,0.003331642
8/25/2023 3:00,0.003329165
8/25/2023 3:15,0.004656234
8/25/2023 3:30,0.004117148
8/25/2023 3:45,0.003629117
8/25/2023 4:00,0.003331642
8/25/2023 4:15,0.004290007
8/25/2023 4:30,0.003785561
8/25/2023 4:45,0.003785561
8/25/2023 5:00,0.004290007
8/25/2023 5:15,0.00484642
8/25/2023 5:30,0.004656234
8/25/2023 5:45,0.004290007
8/25/2023 6:00,0.004656234
8/25/2023 6:15,0.004656234
8/25/2023 6:30,0.004117148
8/25/2023 6:45,0.00484642
8/25/2023 7:00,0.004290007
8/25/2023 7:15,0.004849758
8/25/2023 7:30,0.004290007
8/25/2023 7:45,0.004849758
8/25/2023 8:00,0.003949867
8/25/2023 8:15,0.004293037
8/25/2023 8:30,0.00546268
8/25/2023 8:45,0.004293037
8/25/2023 9:00,0.003788304
8/25/2023 9:15,0.004293037
8/25/2023 9:30,0.003788304
8/25/2023 9:45,0.004471708
8/25/2023 10:00,0.00590134
8/25/2023 10:15,0.00484642
8/25/2023 10:30,0.005459012
8/25/2023 10:45,0.004290007
8/25/2023 11:00,0.003477853
8/25/2023 11:15,0.004471708
8/25/2023 11:30,0.004293037
8/25/2023 11:45,0.003788304
8/25/2023 12:00,0.006135126
8/25/2023 12:15,0.005249546
8/25/2023 12:30,0.004293037
8/25/2023 12:45,0.004293037
8/25/2023 13:00,0.003785561
8/25/2023 13:15,0.003785561
8/25/2023 13:30,0.003785561
8/25/2023 13:45,0.004117148
8/25/2023 14:00,0.004656234
8/25/2023 14:15,0.004290007
8/25/2023 14:30,0.004290007
8/25/2023 14:45,0.004290007
8/25/2023 15:00,0.003329165
8/25/2023 15:15,0.004656234
8/25/2023 15:30,0.004290007
8/25/2023 15:45,0.004290007
8/25/2023 16:00,0.003629117
8/25/2023 16:15,0.003785561
8/25/2023 16:30,0.003785561
8/25/2023 16:45,0.003329165
8/25/2023 17:00,0.003785561
8/25/2023 17:15,0.003329165
8/25/2023 17:30,0.004117148
8/25/2023 17:45,0.003785561
8/25/2023 18:00,0.003329165
8/25/2023 18:15,0.004290007
8/25/2023 18:30,0.003329165
8/25/2023 18:45,0.003329165
8/25/2023 19:00,0.004290007
8/25/2023 19:15,0.003477853
8/25/2023 19:30,0.003477853
8/25/2023 19:45,0.003331642
8/25/2023 20:00,0.003785561
8/25/2023 20:15,0.004468579
8/25/2023 20:30,0.005043065
8/25/2023 20:45,0.005675055
8/25/2023 21:00,0.006131104
8/25/2023 21:15,0.005459012
8/25/2023 21:30,0.005043065
8/25/2023 21:45,0.003947031
8/25/2023 22:00,0.005043065
8/25/2023 22:15,0.005675055
8/25/2023 22:30,0.005043065
8/25/2023 22:45,0.005043065
8/25/2023 23:00,0.005459012
8/25/2023 23:15,0.005678839
8/25/2023 23:30,0.005678839
8/25/2023 23:45,0.00504651
8/26/2023 0:00,0.005459012
8/26/2023 0:15,0.004471708
8/26/2023 0:30,0.00484642
8/26/2023 0:45,0.005043065
8/26/2023 1:00,0.005043065
8/26/2023 1:15,0.004468579
8/26/2023 1:30,0.005043065
8/26/2023 1:45,0.005043065
8/26/2023 2:00,0.004468579
8/26/2023 2:15,0.00484642
8/26/2023 2:30,0.004290007
8/26/2023 2:45,0.00484642
8/26/2023 3:00,0.004471708
8/26/2023 3:15,0.00504651
8/26/2023 3:30,0.004471708
8/26/2023 3:45,0.00504651
8/26/2023 4:00,0.004471708
8/26/2023 4:15,0.003949867
8/26/2023 4:30,0.003477853
8/26/2023 4:45,0.003949867
8/26/2023 5:00,0.003477853
8/26/2023 5:15,0.003949867
8/26/2023 5:30,0.003629117
8/26/2023 5:45,0.003629117
8/26/2023 6:00,0.003947031
8/26/2023 6:15,0.003947031
8/26/2023 6:30,0.00347529
8/26/2023 6:45,0.003629117
8/26/2023 7:00,0.003949867
8/26/2023 7:15,0.003949867
8/26/2023 7:30,0.003949867
8/26/2023 7:45,0.004471708
8/26/2023 8:00,0.004117148
8/26/2023 8:15,0.004117148
8/26/2023 8:30,0.003477853
8/26/2023 8:45,0.004656234
8/26/2023 9:00,0.003629117
8/26/2023 9:15,0.004117148
8/26/2023 9:30,0.004117148
8/26/2023 9:45,0.003629117
8/26/2023 10:00,0.004471708
8/26/2023 10:15,0.004471708
8/26/2023 10:30,0.004471708
8/26/2023 10:45,0.003949867
8/26/2023 11:00,0.003949867
8/26/2023 11:15,0.003949867
8/26/2023 11:30,0.003949867
8/26/2023 11:45,0.003949867
8/26/2023 12:00,0.00484642
8/26/2023 12:15,0.005459012
8/26/2023 12:30,0.004290007
8/26/2023 12:45,0.00484642
8/26/2023 13:00,0.00484642
8/26/2023 13:15,0.003947031
8/26/2023 13:30,0.00484642
8/26/2023 13:45,0.00504651
8/26/2023 14:00,0.003949867
8/26/2023 14:15,0.004471708
8/26/2023 14:30,0.003477853
8/26/2023 14:45,0.004468579
8/26/2023 15:00,0.004290007
8/26/2023 15:15,0.004290007
8/26/2023 15:30,0.00546268
8/26/2023 15:45,0.003329165
8/26/2023 16:00,0.003785561
8/26/2023 16:15,0.004290007
8/26/2023 16:30,0.003629117
8/26/2023 16:45,0.004290007
8/26/2023 17:00,0.002917838
8/26/2023 17:15,0.003785561
8/26/2023 17:30,0.003477853
8/26/2023 17:45,0.003329165
8/26/2023 18:00,0.003785561
8/26/2023 18:15,0.003785561
8/26/2023 18:30,0.003051797
8/26/2023 18:45,0.003051797
8/26/2023 19:00,0.003051797
8/26/2023 19:15,0.003051797
8/26/2023 19:30,0.003949867
8/26/2023 19:45,0.003051797
8/26/2023 20:00,0.003785561
8/26/2023 20:15,0.003947031
8/26/2023 20:30,0.003947031
8/26/2023 20:45,0.003947031
8/26/2023 21:00,0.003949867
8/26/2023 21:15,0.003477853
8/26/2023 21:30,0.003187965
8/26/2023 21:45,0.003187965
8/26/2023 22:00,0.003629117
8/26/2023 22:15,0.004117148
8/26/2023 22:30,0.003629117
8/26/2023 22:45,0.002917838
8/26/2023 23:00,0.003629117
8/26/2023 23:15,0.003629117
8/26/2023 23:30,0.003629117
8/26/2023 23:45,0.004117148
8/27/2023 0:00,0.003629117
8/27/2023 0:15,0.004117148
8/27/2023 0:30,0.004117148
8/27/2023 0:45,0.004117148
8/27/2023 1:00,0.003949867
8/27/2023 1:15,0.003949867
8/27/2023 1:30,0.003949867
8/27/2023 1:45,0.003949867
8/27/2023 2:00,0.004117148
8/27/2023 2:15,0.004117148
8/27/2023 2:30,0.004471708
8/27/2023 2:45,0.004468579
8/27/2023 3:00,0.004468579
8/27/2023 3:15,0.003947031
8/27/2023 3:30,0.00347529
8/27/2023 3:45,0.003947031
8/27/2023 4:00,0.00484642
8/27/2023 4:15,0.004290007
8/27/2023 4:30,0.004290007
8/27/2023 4:45,0.00484642
8/27/2023 5:00,0.00484642
8/27/2023 5:15,0.004290007
8/27/2023 5:30,0.003949867
8/27/2023 5:45,0.003477853
8/27/2023 6:00,0.003949867
8/27/2023 6:15,0.003785561
8/27/2023 6:30,0.003947031
8/27/2023 6:45,0.003947031
8/27/2023 7:00,0.003947031
8/27/2023 7:15,0.004468579
8/27/2023 7:30,0.003947031
8/27/2023 7:45,0.003947031
8/27/2023 8:00,0.003947031
8/27/2023 8:15,0.003947031
8/27/2023 8:30,0.003187965
8/27/2023 8:45,0.00347529
8/27/2023 9:00,0.003947031
8/27/2023 9:15,0.003785561
8/27/2023 9:30,0.004290007
8/27/2023 9:45,0.003785561
8/27/2023 10:00,0.003477853
8/27/2023 10:15,0.003949867
8/27/2023 10:30,0.00347529
8/27/2023 10:45,0.003785561
8/27/2023 11:00,0.004290007
8/27/2023 11:15,0.003477853
8/27/2023 11:30,0.004849758
8/27/2023 11:45,0.003788304
8/27/2023 12:00,0.004293037
8/27/2023 12:15,0.003788304
8/27/2023 12:30,0.003788304
8/27/2023 12:45,0.004290007
8/27/2023 13:00,0.003785561
8/27/2023 13:15,0.003785561
8/27/2023 13:30,0.003785561
8/27/2023 13:45,0.003949867
8/27/2023 14:00,0.003785561
8/27/2023 14:15,0.003785561
8/27/2023 14:30,0.004656234
8/27/2023 14:45,0.003785561
8/27/2023 15:00,0.003785561
8/27/2023 15:15,0.005249546
8/27/2023 15:30,0.003331642
8/27/2023 15:45,0.004117148
8/27/2023 16:00,0.004117148
8/27/2023 16:15,0.004656234
8/27/2023 16:30,0.003629117
8/27/2023 16:45,0.003629117
8/27/2023 17:00,0.004656234
8/27/2023 17:15,0.003629117
8/27/2023 17:30,0.004656234
8/27/2023 17:45,0.003629117
8/27/2023 18:00,0.003629117
8/27/2023 18:15,0.004117148
8/27/2023 18:30,0.003629117
8/27/2023 18:45,0.003329165
8/27/2023 19:00,0.003785561
8/27/2023 19:15,0.003785561
8/27/2023 19:30,0.003329165
8/27/2023 19:45,0.003629117
8/27/2023 20:00,0.003331642
8/27/2023 20:15,0.003331642
8/27/2023 20:30,0.003331642
8/27/2023 20:45,0.003785561
8/27/2023 21:00,0.003785561
8/27/2023 21:15,0.004290007
8/27/2023 21:30,0.003785561
8/27/2023 21:45,0.003785561
8/27/2023 22:00,0.003785561
8/27/2023 22:15,0.00347529
8/27/2023 22:30,0.00347529
8/27/2023 22:45,0.004290007
8/27/2023 23:00,0.003329165
8/27/2023 23:15,0.004656234
8/27/2023 23:30,0.003785561
8/27/2023 23:45,0.003329165
8/28/2023 0:00,0.003329165
8/28/2023 0:15,0.004656234
8/28/2023 0:30,0.003785561
8/28/2023 0:45,0.004117148
8/28/2023 1:00,0.004117148
8/28/2023 1:15,0.004290007
8/28/2023 1:30,0.003785561
8/28/2023 1:45,0.004290007
8/28/2023 2:00,0.004290007
8/28/2023 2:15,0.003629117
8/28/2023 2:30,0.003629117
8/28/2023 2:45,0.003629117
8/28/2023 3:00,0.003331642
8/28/2023 3:15,0.003331642
8/28/2023 3:30,0.004117148
8/28/2023 3:45,0.003788304
8/28/2023 4:00,0.002920069
8/28/2023 4:15,0.004117148
8/28/2023 4:30,0.003629117
8/28/2023 4:45,0.003785561
8/28/2023 5:00,0.003785561
8/28/2023 5:15,0.004290007
8/28/2023 5:30,0.004290007
8/28/2023 5:45,0.004117148
8/28/2023 6:00,0.00347529
8/28/2023 6:15,0.003329165
8/28/2023 6:30,0.003785561
8/28/2023 6:45,0.003785561
8/28/2023 7:00,0.003329165
8/28/2023 7:15,0.003051797
8/28/2023 7:30,0.003477853
8/28/2023 7:45,0.004293037
8/28/2023 8:00,0.003788304
8/28/2023 8:15,0.004293037
8/28/2023 8:30,0.003477853
8/28/2023 8:45,0.003788304
8/28/2023 9:00,0.003477853
8/28/2023 9:15,0.004293037
8/28/2023 9:30,0.003788304
8/28/2023 9:45,0.003331642
8/28/2023 10:00,0.003788304
8/28/2023 10:15,0.003788304
8/28/2023 10:30,0.004293037
8/28/2023 10:45,0.004293037
8/28/2023 11:00,0.004293037
8/28/2023 11:15,0.003788304
8/28/2023 11:30,0.003788304
8/28/2023 11:45,0.004293037
8/28/2023 12:00,0.003477853
8/28/2023 12:15,0.014215569
8/28/2023 12:30,0.013323009
8/28/2023 12:45,0.01207039
8/28/2023 13:00,0.01207039
8/28/2023 13:15,0.010913587
8/28/2023 13:30,0.015639596
8/28/2023 13:45,0.011670477
8/28/2023 14:00,0.012889717
8/28/2023 14:15,0.012889717
8/28/2023 14:30,0.013760124
8/28/2023 14:45,0.011670477
8/28/2023 15:00,0.009505746
8/28/2023 15:15,0.008863175
8/28/2023 15:30,0.010543843
8/28/2023 15:45,0.008863175
8/28/2023 16:00,0.007130762
8/28/2023 16:15,0.006372054
8/28/2023 16:30,0.007959906
8/28/2023 16:45,0.007130762
8/28/2023 17:00,0.007130762
8/28/2023 17:15,0.006616182
8/28/2023 17:30,0.005678839
8/28/2023 17:45,0.00590134
8/28/2023 18:00,0.005249546
8/28/2023 18:15,0.00590134
8/28/2023 18:30,0.006616182
8/28/2023 18:45,0.00590134
8/28/2023 19:00,0.00590134
8/28/2023 19:15,0.006372054
8/28/2023 19:30,0.005678839
8/28/2023 19:45,0.004656234
8/28/2023 20:00,0.006372054
8/28/2023 20:15,0.005249546
8/28/2023 20:30,0.005249546
8/28/2023 20:45,0.005249546
8/28/2023 21:00,0.005249546
8/28/2023 21:15,0.004849758
8/28/2023 21:30,0.004849758
8/28/2023 21:45,0.004293037
8/28/2023 22:00,0.004471708
8/28/2023 22:15,0.004290007
8/28/2023 22:30,0.003949867
8/28/2023 22:45,0.00504651
8/28/2023 23:00,0.00504651
8/28/2023 23:15,0.004471708
8/28/2023 23:30,0.004471708
8/28/2023 23:45,0.00484642
8/29/2023 0:00,0.004471708
8/29/2023 0:15,0.004849758
8/29/2023 0:30,0.006131104
8/29/2023 0:45,0.004290007
8/29/2023 1:00,0.004290007
8/29/2023 1:15,0.00484642
8/29/2023 1:30,0.004468579
8/29/2023 1:45,0.003947031
8/29/2023 2:00,0.004290007
8/29/2023 2:15,0.003949867
8/29/2023 2:30,0.00484642
8/29/2023 2:45,0.003477853
8/29/2023 3:00,0.005249546
8/29/2023 3:15,0.00484642
8/29/2023 3:30,0.004471708
8/29/2023 3:45,0.004290007
8/29/2023 4:00,0.004471708
8/29/2023 4:15,0.00484642
8/29/2023 4:30,0.005459012
8/29/2023 4:45,0.004290007
8/29/2023 5:00,0.003947031
8/29/2023 5:15,0.00484642
8/29/2023 5:30,0.005459012
8/29/2023 5:45,0.005459012
8/29/2023 6:00,0.005043065
8/29/2023 6:15,0.005459012
8/29/2023 6:30,0.00484642
8/29/2023 6:45,0.004290007
8/29/2023 7:00,0.004468579
8/29/2023 7:15,0.00504651
8/29/2023 7:30,0.004471708
8/29/2023 7:45,0.004471708
8/29/2023 8:00,0.004471708
8/29/2023 8:15,0.004849758
8/29/2023 8:30,0.004471708
8/29/2023 8:45,0.004656234
8/29/2023 9:00,0.003949867
8/29/2023 9:15,0.004471708
8/29/2023 9:30,0.00504651
8/29/2023 9:45,0.003949867
8/29/2023 10:00,0.003629117
8/29/2023 10:15,0.003949867
8/29/2023 10:30,0.00504651
8/29/2023 10:45,0.004471708
8/29/2023 11:00,0.003949867
8/29/2023 11:15,0.003949867
8/29/2023 11:30,0.004293037
8/29/2023 11:45,0.003949867
8/29/2023 12:00,0.003949867
8/29/2023 12:15,0.003949867
8/29/2023 12:30,0.003949867
8/29/2023 12:45,0.003629117
8/29/2023 13:00,0.003629117
8/29/2023 13:15,0.003947031
8/29/2023 13:30,0.003947031
8/29/2023 13:45,0.004290007
8/29/2023 14:00,0.00347529
8/29/2023 14:15,0.003947031
8/29/2023 14:30,0.00347529
8/29/2023 14:45,0.003949867
8/29/2023 15:00,0.003949867
8/29/2023 15:15,0.003949867
8/29/2023 15:30,0.004293037
8/29/2023 15:45,0.004293037
8/29/2023 16:00,0.003788304
8/29/2023 16:15,0.003477853
8/29/2023 16:30,0.003477853
8/29/2023 16:45,0.003949867
8/29/2023 17:00,0.003949867
8/29/2023 17:15,0.003785561
8/29/2023 17:30,0.003785561
8/29/2023 17:45,0.003785561
8/29/2023 18:00,0.003785561
8/29/2023 18:15,0.003785561
8/29/2023 18:30,0.003785561
8/29/2023 18:45,0.004290007
8/29/2023 19:00,0.003785561
8/29/2023 19:15,0.003329165
8/29/2023 19:30,0.004290007
8/29/2023 19:45,0.003788304
8/29/2023 20:00,0.003788304
8/29/2023 20:15,0.003331642
8/29/2023 20:30,0.003477853
8/29/2023 20:45,0.003477853
8/29/2023 21:00,0.003629117
8/29/2023 21:15,0.003629117
8/29/2023 21:30,0.003049486
8/29/2023 21:45,0.003947031
8/29/2023 22:00,0.003947031
8/29/2023 22:15,0.003947031
8/29/2023 22:30,0.003947031
8/29/2023 22:45,0.004117148
8/29/2023 23:00,0.003949867
8/29/2023 23:15,0.004471708
8/29/2023 23:30,0.003949867
8/29/2023 23:45,0.004117148
8/30/2023 0:00,0.003949867
8/30/2023 0:15,0.004468579
8/30/2023 0:30,0.004468579
8/30/2023 0:45,0.003947031
8/30/2023 1:00,0.00484642
8/30/2023 1:15,0.004290007
8/30/2023 1:30,0.004468579
8/30/2023 1:45,0.003947031
8/30/2023 2:00,0.00347529
8/30/2023 2:15,0.004468579
8/30/2023 2:30,0.004468579
8/30/2023 2:45,0.003947031
8/30/2023 3:00,0.00347529
8/30/2023 3:15,0.003947031
8/30/2023 3:30,0.003949867
8/30/2023 3:45,0.004290007
8/30/2023 4:00,0.003949867
8/30/2023 4:15,0.00484642
8/30/2023 4:30,0.003949867
8/30/2023 4:45,0.003949867
8/30/2023 5:00,0.00484642
8/30/2023 5:15,0.004290007
8/30/2023 5:30,0.003477853
8/30/2023 5:45,0.003949867
8/30/2023 6:00,0.003949867
8/30/2023 6:15,0.004471708
8/30/2023 6:30,0.004471708
8/30/2023 6:45,0.004290007
8/30/2023 7:00,0.004290007
8/30/2023 7:15,0.003785561
8/30/2023 7:30,0.00347529
8/30/2023 7:45,0.003947031
8/30/2023 8:00,0.00347529
8/30/2023 8:15,0.00347529
8/30/2023 8:30,0.003947031
8/30/2023 8:45,0.003187965
8/30/2023 9:00,0.00347529
8/30/2023 9:15,0.003049486
8/30/2023 9:30,0.00347529
8/30/2023 9:45,0.003947031
8/30/2023 10:00,0.003947031
8/30/2023 10:15,0.00347529
8/30/2023 10:30,0.003947031
8/30/2023 10:45,0.003785561
8/30/2023 11:00,0.00484642
8/30/2023 11:15,0.004290007
8/30/2023 11:30,0.004293037
8/30/2023 11:45,0.00546268
8/30/2023 12:00,0.003788304
8/30/2023 12:15,0.003785561
8/30/2023 12:30,0.003785561
8/30/2023 12:45,0.004290007
8/30/2023 13:00,0.004117148
8/30/2023 13:15,0.003629117
8/30/2023 13:30,0.003329165
8/30/2023 13:45,0.003629117
8/30/2023 14:00,0.003329165
8/30/2023 14:15,0.004656234
8/30/2023 14:30,0.005249546
8/30/2023 14:45,0.004293037
8/30/2023 15:00,0.004293037
8/30/2023 15:15,0.005249546
8/30/2023 15:30,0.003629117
8/30/2023 15:45,0.004117148
8/30/2023 16:00,0.004117148
8/30/2023 16:15,0.00504651
8/30/2023 16:30,0.003629117
8/30/2023 16:45,0.003629117
8/30/2023 17:00,0.003629117
8/30/2023 17:15,0.003949867
8/30/2023 17:30,0.004471708
8/30/2023 17:45,0.003629117
8/30/2023 18:00,0.003629117
8/30/2023 18:15,0.004468579
8/30/2023 18:30,0.004117148
8/30/2023 18:45,0.003629117
8/30/2023 19:00,0.004468579
8/30/2023 19:15,0.003629117
8/30/2023 19:30,0.004117148
8/30/2023 19:45,0.003629117
8/30/2023 20:00,0.003629117
8/30/2023 20:15,0.004117148
8/30/2023 20:30,0.004471708
8/30/2023 20:45,0.003949867
8/30/2023 21:00,0.003629117
8/30/2023 21:15,0.004117148
8/30/2023 21:30,0.003629117
8/30/2023 21:45,0.003629117
8/30/2023 22:00,0.004117148
8/30/2023 22:15,0.004656234
8/30/2023 22:30,0.004656234
8/30/2023 22:45,0.004117148
8/30/2023 23:00,0.003629117
8/30/2023 23:15,0.003629117
8/30/2023 23:30,0.004117148
8/30/2023 23:45,0.003629117
8/31/2023 0:00,0.004117148
8/31/2023 0:15,0.004117148
8/31/2023 0:30,0.003629117
8/31/2023 0:45,0.004656234
8/31/2023 1:00,0.004117148
8/31/2023 1:15,0.004471708
8/31/2023 1:30,0.003949867
8/31/2023 1:45,0.003629117
8/31/2023 2:00,0.004117148
8/31/2023 2:15,0.004656234
8/31/2023 2:30,0.003629117
8/31/2023 2:45,0.004117148
8/31/2023 3:00,0.004117148
8/31/2023 3:15,0.004117148
8/31/2023 3:30,0.004117148
8/31/2023 3:45,0.003629117
8/31/2023 4:00,0.004117148
8/31/2023 4:15,0.004117148
8/31/2023 4:30,0.004656234
8/31/2023 4:45,0.004656234
8/31/2023 5:00,0.004656234
8/31/2023 5:15,0.004117148
8/31/2023 5:30,0.004656234
8/31/2023 5:45,0.004117148
8/31/2023 6:00,0.004117148
8/31/2023 6:15,0.004117148
8/31/2023 6:30,0.003949867
8/31/2023 6:45,0.004471708
8/31/2023 7:00,0.004471708
8/31/2023 7:15,0.003949867
8/31/2023 7:30,0.003629117
8/31/2023 7:45,0.004117148
8/31/2023 8:00,0.004117148
8/31/2023 8:15,0.004117148
8/31/2023 8:30,0.004656234
8/31/2023 8:45,0.003629117
8/31/2023 9:00,0.004117148
8/31/2023 9:15,0.004117148
8/31/2023 9:30,0.003629117
8/31/2023 9:45,0.004117148
8/31/2023 10:00,0.003629117
8/31/2023 10:15,0.004117148
8/31/2023 10:30,0.003949867
8/31/2023 10:45,0.003949867
8/31/2023 11:00,0.003949867
8/31/2023 11:15,0.004471708
8/31/2023 11:30,0.00504651
8/31/2023 11:45,0.004117148
8/31/2023 12:00,0.004117148
8/31/2023 12:15,0.00504651
8/31/2023 12:30,0.004656234
8/31/2023 12:45,0.004117148
8/31/2023 13:00,0.004471708
8/31/2023 13:15,0.004471708
8/31/2023 13:30,0.003949867
8/31/2023 13:45,0.003629117
8/31/2023 14:00,0.004468579
8/31/2023 14:15,0.004468579
8/31/2023 14:30,0.003947031
8/31/2023 14:45,0.004468579
8/31/2023 15:00,0.003947031
8/31/2023 15:15,0.004117148
8/31/2023 15:30,0.004471708
8/31/2023 15:45,0.004117148
8/31/2023 16:00,0.00504651
8/31/2023 16:15,0.003949867
8/31/2023 16:30,0.003477853
8/31/2023 16:45,0.004471708
8/31/2023 17:00,0.003949867
8/31/2023 17:15,0.003187965
8/31/2023 17:30,0.004468579
8/31/2023 17:45,0.004468579
8/31/2023 18:00,0.004468579
8/31/2023 18:15,0.004468579
8/31/2023 18:30,0.00504651
8/31/2023 18:45,0.003949867
8/31/2023 19:00,0.004471708
8/31/2023 19:15,0.004849758
8/31/2023 19:30,0.004471708
8/31/2023 19:45,0.003949867
8/31/2023 20:00,0.004849758
8/31/2023 20:15,0.003949867
8/31/2023 20:30,0.004471708
8/31/2023 20:45,0.003949867
8/31/2023 21:00,0.004117148
8/31/2023 21:15,0.003947031
8/31/2023 21:30,0.004468579
8/31/2023 21:45,0.004468579
8/31/2023 22:00,0.004468579
8/31/2023 22:15,0.004468579
8/31/2023 22:30,0.004468579
8/31/2023 22:45,0.003947031
8/31/2023 23:00,0.003629117
8/31/2023 23:15,0.004117148
8/31/2023 23:30,0.003629117
8/31/2023 23:45,0.004117148
9/1/2023 0:00,0.004656234
9/1/2023 0:15,0.004117148
9/1/2023 0:30,0.004117148
9/1/2023 0:45,0.004471708
9/1/2023 1:00,0.004117148
9/1/2023 1:15,0.003949867
9/1/2023 1:30,0.004117148
9/1/2023 1:45,0.004656234
9/1/2023 2:00,0.003629117
9/1/2023 2:15,0.00504651
9/1/2023 2:30,0.004471708
9/1/2023 2:45,0.00504651
9/1/2023 3:00,0.004117148
9/1/2023 3:15,0.004117148
9/1/2023 3:30,0.004117148
9/1/2023 3:45,0.004471708
9/1/2023 4:00,0.004471708
9/1/2023 4:15,0.003949867
9/1/2023 4:30,0.003629117
9/1/2023 4:45,0.004471708
9/1/2023 5:00,0.003949867
9/1/2023 5:15,0.003949867
9/1/2023 5:30,0.004117148
9/1/2023 5:45,0.004117148
9/1/2023 6:00,0.004656234
9/1/2023 6:15,0.004117148
9/1/2023 6:30,0.003629117
9/1/2023 6:45,0.004117148
9/1/2023 7:00,0.004471708
9/1/2023 7:15,0.003629117
9/1/2023 7:30,0.004117148
9/1/2023 7:45,0.004656234
9/1/2023 8:00,0.004117148
9/1/2023 8:15,0.004656234
9/1/2023 8:30,0.003788304
9/1/2023 8:45,0.004117148
9/1/2023 9:00,0.003788304
9/1/2023 9:15,0.003788304
9/1/2023 9:30,0.004117148
9/1/2023 9:45,0.004117148
9/1/2023 10:00,0.003785561
9/1/2023 10:15,0.004290007
9/1/2023 10:30,0.004117148
9/1/2023 10:45,0.004290007
9/1/2023 11:00,0.00504651
9/1/2023 11:15,0.004117148
9/1/2023 11:30,0.004117148
9/1/2023 11:45,0.005249546
9/1/2023 12:00,0.004117148
9/1/2023 12:15,0.005678839
9/1/2023 12:30,0.004656234
9/1/2023 12:45,0.004656234
9/1/2023 13:00,0.004656234
9/1/2023 13:15,0.00504651
9/1/2023 13:30,0.004117148
9/1/2023 13:45,0.004117148
9/1/2023 14:00,0.004117148
9/1/2023 14:15,0.004656234
9/1/2023 14:30,0.003329165
9/1/2023 14:45,0.004656234
9/1/2023 15:00,0.004117148
9/1/2023 15:15,0.004656234
9/1/2023 15:30,0.003788304
9/1/2023 15:45,0.004117148
9/1/2023 16:00,0.004656234
9/1/2023 16:15,0.004117148
9/1/2023 16:30,0.004117148
9/1/2023 16:45,0.003949867
9/1/2023 17:00,0.004117148
9/1/2023 17:15,0.003785561
9/1/2023 17:30,0.003949867
9/1/2023 17:45,0.004117148
9/1/2023 18:00,0.003329165
9/1/2023 18:15,0.003785561
9/1/2023 18:30,0.003785561
9/1/2023 18:45,0.003629117
9/1/2023 19:00,0.004117148
9/1/2023 19:15,0.003629117
9/1/2023 19:30,0.003785561
9/1/2023 19:45,0.003187965
9/1/2023 20:00,0.003331642
9/1/2023 20:15,0.004293037
9/1/2023 20:30,0.003629117
9/1/2023 20:45,0.003329165
9/1/2023 21:00,0.003785561
9/1/2023 21:15,0.004290007
9/1/2023 21:30,0.00484642
9/1/2023 21:45,0.004290007
9/1/2023 22:00,0.003785561
9/1/2023 22:15,0.003785561
9/1/2023 22:30,0.004290007
9/1/2023 22:45,0.003949867
9/1/2023 23:00,0.004293037
9/1/2023 23:15,0.004293037
9/1/2023 23:30,0.003477853
9/1/2023 23:45,0.00546268
9/2/2023 0:00,0.003788304
9/2/2023 0:15,0.004293037
9/2/2023 0:30,0.004293037
9/2/2023 0:45,0.004849758
9/2/2023 1:00,0.004293037
9/2/2023 1:15,0.003788304
9/2/2023 1:30,0.003949867
9/2/2023 1:45,0.003331642
9/2/2023 2:00,0.003788304
9/2/2023 2:15,0.003788304
9/2/2023 2:30,0.004293037
9/2/2023 2:45,0.004849758
9/2/2023 3:00,0.004849758
9/2/2023 3:15,0.004293037
9/2/2023 3:30,0.004849758
9/2/2023 3:45,0.004293037
9/2/2023 4:00,0.004293037
9/2/2023 4:15,0.003788304
9/2/2023 4:30,0.004293037
9/2/2023 4:45,0.004293037
9/2/2023 5:00,0.004849758
9/2/2023 5:15,0.003788304
9/2/2023 5:30,0.004849758
9/2/2023 5:45,0.004293037
9/2/2023 6:00,0.004849758
9/2/2023 6:15,0.004293037
9/2/2023 6:30,0.004849758
9/2/2023 6:45,0.004849758
9/2/2023 7:00,0.00484642
9/2/2023 7:15,0.004471708
9/2/2023 7:30,0.004471708
9/2/2023 7:45,0.004290007
9/2/2023 8:00,0.004290007
9/2/2023 8:15,0.004290007
9/2/2023 8:30,0.003947031
9/2/2023 8:45,0.003947031
9/2/2023 9:00,0.00347529
9/2/2023 9:15,0.00484642
9/2/2023 9:30,0.003947031
9/2/2023 9:45,0.003947031
9/2/2023 10:00,0.004290007
9/2/2023 10:15,0.004471708
9/2/2023 10:30,0.004290007
9/2/2023 10:45,0.003949867
9/2/2023 11:00,0.00504651
9/2/2023 11:15,0.003949867
9/2/2023 11:30,0.00504651
9/2/2023 11:45,0.003949867
9/2/2023 12:00,0.00504651
9/2/2023 12:15,0.003785561
9/2/2023 12:30,0.004468579
9/2/2023 12:45,0.005459012
9/2/2023 13:00,0.004290007
9/2/2023 13:15,0.005459012
9/2/2023 13:30,0.00484642
9/2/2023 13:45,0.00484642
9/2/2023 14:00,0.00484642
9/2/2023 14:15,0.00484642
9/2/2023 14:30,0.003785561
9/2/2023 14:45,0.00484642
9/2/2023 15:00,0.004849758
9/2/2023 15:15,0.004293037
9/2/2023 15:30,0.004293037
9/2/2023 15:45,0.003788304
9/2/2023 16:00,0.003785561
9/2/2023 16:15,0.003785561
9/2/2023 16:30,0.004656234
9/2/2023 16:45,0.004290007
9/2/2023 17:00,0.004656234
9/2/2023 17:15,0.005249546
9/2/2023 17:30,0.004290007
9/2/2023 17:45,0.004117148
9/2/2023 18:00,0.004656234
9/2/2023 18:15,0.003785561
9/2/2023 18:30,0.004290007
9/2/2023 18:45,0.00484642
9/2/2023 19:00,0.004290007
9/2/2023 19:15,0.004117148
9/2/2023 19:30,0.004117148
9/2/2023 19:45,0.004290007
9/2/2023 20:00,0.003785561
9/2/2023 20:15,0.003785561
9/2/2023 20:30,0.004290007
9/2/2023 20:45,0.004290007
9/2/2023 21:00,0.004290007
9/2/2023 21:15,0.004293037
9/2/2023 21:30,0.003949867
9/2/2023 21:45,0.003949867
9/2/2023 22:00,0.004290007
9/2/2023 22:15,0.003949867
9/2/2023 22:30,0.004849758
9/2/2023 22:45,0.004293037
9/2/2023 23:00,0.004849758
9/2/2023 23:15,0.004293037
9/2/2023 23:30,0.00546268
9/2/2023 23:45,0.004849758
9/3/2023 0:00,0.004290007
9/3/2023 0:15,0.003949867
9/3/2023 0:30,0.004293037
9/3/2023 0:45,0.00546268
9/3/2023 1:00,0.004471708
9/3/2023 1:15,0.004471708
9/3/2023 1:30,0.005459012
9/3/2023 1:45,0.004290007
9/3/2023 2:00,0.004290007
9/3/2023 2:15,0.004290007
9/3/2023 2:30,0.003785561
9/3/2023 2:45,0.004290007
9/3/2023 3:00,0.004290007
9/3/2023 3:15,0.003785561
9/3/2023 3:30,0.003329165
9/3/2023 3:45,0.00484642
9/3/2023 4:00,0.00484642
9/3/2023 4:15,0.00484642
9/3/2023 4:30,0.003785561
9/3/2023 4:45,0.005249546
9/3/2023 5:00,0.003785561
9/3/2023 5:15,0.004656234
9/3/2023 5:30,0.004117148
9/3/2023 5:45,0.004656234
9/3/2023 6:00,0.003947031
9/3/2023 6:15,0.004656234
9/3/2023 6:30,0.004117148
9/3/2023 6:45,0.003785561
9/3/2023 7:00,0.004290007
9/3/2023 7:15,0.004117148
9/3/2023 7:30,0.005249546
9/3/2023 7:45,0.004117148
9/3/2023 8:00,0.003785561
9/3/2023 8:15,0.004117148
9/3/2023 8:30,0.004117148
9/3/2023 8:45,0.004290007
9/3/2023 9:00,0.004117148
9/3/2023 9:15,0.003785561
9/3/2023 9:30,0.003049486
9/3/2023 9:45,0.00347529
9/3/2023 10:00,0.004117148
9/3/2023 10:15,0.004290007
9/3/2023 10:30,0.004656234
9/3/2023 10:45,0.004656234
9/3/2023 11:00,0.004290007
9/3/2023 11:15,0.004117148
9/3/2023 11:30,0.004117148
9/3/2023 11:45,0.004117148
9/3/2023 12:00,0.005043065
9/3/2023 12:15,0.005043065
9/3/2023 12:30,0.004471708
9/3/2023 12:45,0.00504651
9/3/2023 13:00,0.003629117
9/3/2023 13:15,0.004117148
9/3/2023 13:30,0.004471708
9/3/2023 13:45,0.004471708
9/3/2023 14:00,0.004468579
9/3/2023 14:15,0.004471708
9/3/2023 14:30,0.004468579
9/3/2023 14:45,0.004468579
9/3/2023 15:00,0.004117148
9/3/2023 15:15,0.003629117
9/3/2023 15:30,0.004471708
9/3/2023 15:45,0.004471708
9/3/2023 16:00,0.003949867
9/3/2023 16:15,0.004293037
9/3/2023 16:30,0.003949867
9/3/2023 16:45,0.004471708
9/3/2023 17:00,0.003477853
9/3/2023 17:15,0.003477853
9/3/2023 17:30,0.003949867
9/3/2023 17:45,0.00347529
9/3/2023 18:00,0.004290007
9/3/2023 18:15,0.003947031
9/3/2023 18:30,0.004468579
9/3/2023 18:45,0.003785561
9/3/2023 19:00,0.003477853
9/3/2023 19:15,0.003477853
9/3/2023 19:30,0.003477853
9/3/2023 19:45,0.003949867
9/3/2023 20:00,0.00347529
9/3/2023 20:15,0.003949867
9/3/2023 20:30,0.003477853
9/3/2023 20:45,0.003949867
9/3/2023 21:00,0.004471708
9/3/2023 21:15,0.003949867
9/3/2023 21:30,0.003949867
9/3/2023 21:45,0.003949867
9/3/2023 22:00,0.003949867
9/3/2023 22:15,0.003477853
9/3/2023 22:30,0.003947031
9/3/2023 22:45,0.00347529
9/3/2023 23:00,0.00347529
9/3/2023 23:15,0.003947031
9/3/2023 23:30,0.00347529
9/3/2023 23:45,0.003785561
9/4/2023 0:00,0.003785561
9/4/2023 0:15,0.003785561
9/4/2023 0:30,0.003785561
9/4/2023 0:45,0.003949867
9/4/2023 1:00,0.003788304
9/4/2023 1:15,0.004293037
9/4/2023 1:30,0.003788304
9/4/2023 1:45,0.003788304
9/4/2023 2:00,0.004293037
9/4/2023 2:15,0.004849758
9/4/2023 2:30,0.004290007
9/4/2023 2:45,0.004290007
9/4/2023 3:00,0.004656234
9/4/2023 3:15,0.003949867
9/4/2023 3:30,0.004290007
9/4/2023 3:45,0.004290007
9/4/2023 4:00,0.003785561
9/4/2023 4:15,0.003329165
9/4/2023 4:30,0.003785561
9/4/2023 4:45,0.003785561
9/4/2023 5:00,0.004290007
9/4/2023 5:15,0.004117148
9/4/2023 5:30,0.004117148
9/4/2023 5:45,0.004117148
9/4/2023 6:00,0.004117148
9/4/2023 6:15,0.005249546
9/4/2023 6:30,0.004117148
9/4/2023 6:45,0.004117148
9/4/2023 7:00,0.003785561
9/4/2023 7:15,0.003329165
9/4/2023 7:30,0.003785561
9/4/2023 7:45,0.004290007
9/4/2023 8:00,0.003785561
9/4/2023 8:15,0.003785561
9/4/2023 8:30,0.003785561
9/4/2023 8:45,0.003785561
9/4/2023 9:00,0.003785561
9/4/2023 9:15,0.004290007
9/4/2023 9:30,0.003785561
9/4/2023 9:45,0.004656234
9/4/2023 10:00,0.003785561
9/4/2023 10:15,0.003477853
9/4/2023 10:30,0.003788304
9/4/2023 10:45,0.004290007
9/4/2023 11:00,0.004290007
9/4/2023 11:15,0.003785561
9/4/2023 11:30,0.004656234
9/4/2023 11:45,0.004290007
9/4/2023 12:00,0.004117148
9/4/2023 12:15,0.004117148
9/4/2023 12:30,0.003785561
9/4/2023 12:45,0.004290007
9/4/2023 13:00,0.003785561
9/4/2023 13:15,0.004290007
9/4/2023 13:30,0.003785561
9/4/2023 13:45,0.004656234
9/4/2023 14:00,0.004117148
9/4/2023 14:15,0.003788304
9/4/2023 14:30,0.005043065
9/4/2023 14:45,0.004117148
9/4/2023 15:00,0.004656234
9/4/2023 15:15,0.003788304
9/4/2023 15:30,0.004656234
9/4/2023 15:45,0.004117148
9/4/2023 16:00,0.004293037
9/4/2023 16:15,0.003187965
9/4/2023 16:30,0.004117148
9/4/2023 16:45,0.004117148
9/4/2023 17:00,0.005249546
9/4/2023 17:15,0.003629117
9/4/2023 17:30,0.003329165
9/4/2023 17:45,0.003629117
9/4/2023 18:00,0.004117148
9/4/2023 18:15,0.003629117
9/4/2023 18:30,0.004656234
9/4/2023 18:45,0.003788304
9/4/2023 19:00,0.004117148
9/4/2023 19:15,0.004293037
9/4/2023 19:30,0.003788304
9/4/2023 19:45,0.003331642
9/4/2023 20:00,0.003629117
9/4/2023 20:15,0.004117148
9/4/2023 20:30,0.004290007
9/4/2023 20:45,0.003785561
9/4/2023 21:00,0.004290007
9/4/2023 21:15,0.004290007
9/4/2023 21:30,0.003329165
9/4/2023 21:45,0.004117148
9/4/2023 22:00,0.004117148
9/4/2023 22:15,0.003629117
9/4/2023 22:30,0.004656234
9/4/2023 22:45,0.004117148
9/4/2023 23:00,0.004117148
9/4/2023 23:15,0.003629117
9/4/2023 23:30,0.004656234
9/4/2023 23:45,0.004117148
9/5/2023 0:00,0.004656234
9/5/2023 0:15,0.004117148
9/5/2023 0:30,0.004117148
9/5/2023 0:45,0.004117148
9/5/2023 1:00,0.003785561
9/5/2023 1:15,0.004290007
9/5/2023 1:30,0.004290007
9/5/2023 1:45,0.00484642
9/5/2023 2:00,0.004290007
9/5/2023 2:15,0.004290007
9/5/2023 2:30,0.003785561
9/5/2023 2:45,0.003785561
9/5/2023 3:00,0.004290007
9/5/2023 3:15,0.003477853
9/5/2023 3:30,0.004293037
9/5/2023 3:45,0.004293037
9/5/2023 4:00,0.004849758
9/5/2023 4:15,0.003331642
9/5/2023 4:30,0.004849758
9/5/2023 4:45,0.00546268
9/5/2023 5:00,0.004293037
9/5/2023 5:15,0.004656234
9/5/2023 5:30,0.004290007
9/5/2023 5:45,0.005249546
9/5/2023 6:00,0.003785561
9/5/2023 6:15,0.004290007
9/5/2023 6:30,0.004468579
9/5/2023 6:45,0.003947031
9/5/2023 7:00,0.004290007
9/5/2023 7:15,0.003477853
9/5/2023 7:30,0.003949867
9/5/2023 7:45,0.003949867
9/5/2023 8:00,0.003949867
9/5/2023 8:15,0.004471708
9/5/2023 8:30,0.004471708
9/5/2023 8:45,0.004471708
9/5/2023 9:00,0.004471708
9/5/2023 9:15,0.004117148
9/5/2023 9:30,0.004468579
9/5/2023 9:45,0.003947031
9/5/2023 10:00,0.003187965
9/5/2023 10:15,0.004656234
9/5/2023 10:30,0.003947031
9/5/2023 10:45,0.004471708
9/5/2023 11:00,0.004471708
9/5/2023 11:15,0.004471708
9/5/2023 11:30,0.004656234
9/5/2023 11:45,0.004117148
9/5/2023 12:00,0.004468579
9/5/2023 12:15,0.003947031
9/5/2023 12:30,0.003947031
9/5/2023 12:45,0.003947031
9/5/2023 13:00,0.004468579
9/5/2023 13:15,0.004468579
9/5/2023 13:30,0.003947031
9/5/2023 13:45,0.004290007
9/5/2023 14:00,0.00484642
9/5/2023 14:15,0.004468579
9/5/2023 14:30,0.003947031
9/5/2023 14:45,0.005043065
9/5/2023 15:00,0.004117148
9/5/2023 15:15,0.003629117
9/5/2023 15:30,0.003629117
9/5/2023 15:45,0.003949867
9/5/2023 16:00,0.004471708
9/5/2023 16:15,0.003477853
9/5/2023 16:30,0.003629117
9/5/2023 16:45,0.003629117
9/5/2023 17:00,0.003947031
9/5/2023 17:15,0.003947031
9/5/2023 17:30,0.00347529
9/5/2023 17:45,0.003947031
9/5/2023 18:00,0.003947031
9/5/2023 18:15,0.003629117
9/5/2023 18:30,0.004117148
9/5/2023 18:45,0.004117148
9/5/2023 19:00,0.003629117
9/5/2023 19:15,0.004471708
9/5/2023 19:30,0.003187965
9/5/2023 19:45,0.003629117
9/5/2023 20:00,0.004656234
9/5/2023 20:15,0.003187965
9/5/2023 20:30,0.003785561
9/5/2023 20:45,0.004117148
9/5/2023 21:00,0.004293037
9/5/2023 21:15,0.004656234
9/5/2023 21:30,0.004117148
9/5/2023 21:45,0.004290007
9/5/2023 22:00,0.003785561
9/5/2023 22:15,0.004290007
9/5/2023 22:30,0.004290007
9/5/2023 22:45,0.004656234
9/5/2023 23:00,0.003629117
9/5/2023 23:15,0.004117148
9/5/2023 23:30,0.004656234
9/5/2023 23:45,0.004117148
9/6/2023 0:00,0.003785561
9/6/2023 0:15,0.004656234
9/6/2023 0:30,0.003785561
9/6/2023 0:45,0.004656234
9/6/2023 1:00,0.004656234
9/6/2023 1:15,0.004656234
9/6/2023 1:30,0.004117148
9/6/2023 1:45,0.004290007
9/6/2023 2:00,0.004117148
9/6/2023 2:15,0.003788304
9/6/2023 2:30,0.003788304
9/6/2023 2:45,0.003788304
9/6/2023 3:00,0.004117148
9/6/2023 3:15,0.004293037
9/6/2023 3:30,0.004117148
9/6/2023 3:45,0.004656234
9/6/2023 4:00,0.004293037
9/6/2023 4:15,0.004293037
9/6/2023 4:30,0.003477853
9/6/2023 4:45,0.004290007
9/6/2023 5:00,0.003785561
9/6/2023 5:15,0.003785561
9/6/2023 5:30,0.004656234
9/6/2023 5:45,0.003785561
9/6/2023 6:00,0.003947031
9/6/2023 6:15,0.004656234
9/6/2023 6:30,0.003785561
9/6/2023 6:45,0.003785561
9/6/2023 7:00,0.004290007
9/6/2023 7:15,0.003949867
9/6/2023 7:30,0.003949867
9/6/2023 7:45,0.003788304
9/6/2023 8:00,0.005249546
9/6/2023 8:15,0.004293037
9/6/2023 8:30,0.004293037
9/6/2023 8:45,0.004293037
9/6/2023 9:00,0.003788304
9/6/2023 9:15,0.003477853
9/6/2023 9:30,0.003331642
9/6/2023 9:45,0.004293037
9/6/2023 10:00,0.004849758
9/6/2023 10:15,0.003331642
9/6/2023 10:30,0.004293037
9/6/2023 10:45,0.004293037
9/6/2023 11:00,0.004293037
9/6/2023 11:15,0.004293037
9/6/2023 11:30,0.004849758
9/6/2023 11:45,0.005249546
9/6/2023 12:00,0.004849758
9/6/2023 12:15,0.004293037
9/6/2023 12:30,0.005249546
9/6/2023 12:45,0.004656234
9/6/2023 13:00,0.004656234
9/6/2023 13:15,0.004290007
9/6/2023 13:30,0.004117148
9/6/2023 13:45,0.004656234
9/6/2023 14:00,0.003629117
9/6/2023 14:15,0.004117148
9/6/2023 14:30,0.004290007
9/6/2023 14:45,0.003785561
9/6/2023 15:00,0.004117148
9/6/2023 15:15,0.004656234
9/6/2023 15:30,0.004290007
9/6/2023 15:45,0.004656234
9/6/2023 16:00,0.00484642
9/6/2023 16:15,0.004656234
9/6/2023 16:30,0.005249546
9/6/2023 16:45,0.004656234
9/6/2023 17:00,0.003629117
9/6/2023 17:15,0.003629117
9/6/2023 17:30,0.004117148
9/6/2023 17:45,0.003788304
9/6/2023 18:00,0.004656234
9/6/2023 18:15,0.004117148
9/6/2023 18:30,0.004656234
9/6/2023 18:45,0.004117148
9/6/2023 19:00,0.004656234
9/6/2023 19:15,0.004656234
9/6/2023 19:30,0.004117148
9/6/2023 19:45,0.004656234
9/6/2023 20:00,0.005249546
9/6/2023 20:15,0.003331642
9/6/2023 20:30,0.004290007
9/6/2023 20:45,0.004117148
9/6/2023 21:00,0.005459012
9/6/2023 21:15,0.00484642
9/6/2023 21:30,0.004290007
9/6/2023 21:45,0.00484642
9/6/2023 22:00,0.004290007
9/6/2023 22:15,0.005459012
9/6/2023 22:30,0.004290007
9/6/2023 22:45,0.004656234
9/6/2023 23:00,0.003785561
9/6/2023 23:15,0.004117148
9/6/2023 23:30,0.003785561
9/6/2023 23:45,0.004290007
9/7/2023 0:00,0.004656234
9/7/2023 0:15,0.00484642
9/7/2023 0:30,0.003785561
9/7/2023 0:45,0.004656234
9/7/2023 1:00,0.004117148
9/7/2023 1:15,0.004117148
9/7/2023 1:30,0.004117148
9/7/2023 1:45,0.004117148
9/7/2023 2:00,0.004117148
9/7/2023 2:15,0.004117148
9/7/2023 2:30,0.004293037
9/7/2023 2:45,0.004117148
9/7/2023 3:00,0.004117148
9/7/2023 3:15,0.004117148
9/7/2023 3:30,0.004293037
9/7/2023 3:45,0.004293037
9/7/2023 4:00,0.004656234
9/7/2023 4:15,0.004293037
9/7/2023 4:30,0.003788304
9/7/2023 4:45,0.003788304
9/7/2023 5:00,0.004656234
9/7/2023 5:15,0.004293037
9/7/2023 5:30,0.003788304
9/7/2023 5:45,0.003629117
9/7/2023 6:00,0.004117148
9/7/2023 6:15,0.003629117
9/7/2023 6:30,0.00484642
9/7/2023 6:45,0.004656234
9/7/2023 7:00,0.004290007
9/7/2023 7:15,0.003785561
9/7/2023 7:30,0.004290007
9/7/2023 7:45,0.004290007
9/7/2023 8:00,0.004290007
9/7/2023 8:15,0.004290007
9/7/2023 8:30,0.004117148
9/7/2023 8:45,0.004656234
9/7/2023 9:00,0.00484642
9/7/2023 9:15,0.00484642
9/7/2023 9:30,0.00484642
9/7/2023 9:45,0.00484642
9/7/2023 10:00,0.004290007
9/7/2023 10:15,0.004656234
9/7/2023 10:30,0.004656234
9/7/2023 10:45,0.005249546
9/7/2023 11:00,0.004656234
9/7/2023 11:15,0.004117148
9/7/2023 11:30,0.004293037
9/7/2023 11:45,0.006616182
9/7/2023 12:00,0.005249546
9/7/2023 12:15,0.004290007
9/7/2023 12:30,0.005249546
9/7/2023 12:45,0.004290007
9/7/2023 13:00,0.004656234
9/7/2023 13:15,0.004117148
9/7/2023 13:30,0.004117148
9/7/2023 13:45,0.004117148
9/7/2023 14:00,0.005249546
9/7/2023 14:15,0.00504651
9/7/2023 14:30,0.00484642
9/7/2023 14:45,0.004290007
9/7/2023 15:00,0.003785561
9/7/2023 15:15,0.003785561
9/7/2023 15:30,0.004117148
9/7/2023 15:45,0.004117148
9/7/2023 16:00,0.003788304
9/7/2023 16:15,0.004468579
9/7/2023 16:30,0.004117148
9/7/2023 16:45,0.004117148
9/7/2023 17:00,0.004656234
9/7/2023 17:15,0.003788304
9/7/2023 17:30,0.004293037
9/7/2023 17:45,0.003331642
9/7/2023 18:00,0.004117148
9/7/2023 18:15,0.004117148
9/7/2023 18:30,0.004290007
9/7/2023 18:45,0.00484642
9/7/2023 19:00,0.003785561
9/7/2023 19:15,0.003785561
9/7/2023 19:30,0.003785561
9/7/2023 19:45,0.00347529
9/7/2023 20:00,0.004290007
9/7/2023 20:15,0.004290007
9/7/2023 20:30,0.004290007
9/7/2023 20:45,0.004290007
9/7/2023 21:00,0.004656234
9/7/2023 21:15,0.003949867
9/7/2023 21:30,0.003788304
9/7/2023 21:45,0.003788304
9/7/2023 22:00,0.003788304
9/7/2023 22:15,0.004293037
9/7/2023 22:30,0.004293037
9/7/2023 22:45,0.004293037
9/7/2023 23:00,0.003949867
9/7/2023 23:15,0.004471708
9/7/2023 23:30,0.004849758
9/7/2023 23:45,0.004293037
9/8/2023 0:00,0.003949867
9/8/2023 0:15,0.003949867
9/8/2023 0:30,0.003949867
9/8/2023 0:45,0.003788304
9/8/2023 1:00,0.004293037
9/8/2023 1:15,0.003477853
9/8/2023 1:30,0.004293037
9/8/2023 1:45,0.003788304
9/8/2023 2:00,0.004290007
9/8/2023 2:15,0.003949867
9/8/2023 2:30,0.003477853
9/8/2023 2:45,0.004290007
9/8/2023 3:00,0.004290007
9/8/2023 3:15,0.004290007
9/8/2023 3:30,0.005249546
9/8/2023 3:45,0.004849758
9/8/2023 4:00,0.004656234
9/8/2023 4:15,0.004293037
9/8/2023 4:30,0.004293037
9/8/2023 4:45,0.004849758
9/8/2023 5:00,0.003788304
9/8/2023 5:15,0.004849758
9/8/2023 5:30,0.004849758
9/8/2023 5:45,0.003949867
9/8/2023 6:00,0.004471708
9/8/2023 6:15,0.00484642
9/8/2023 6:30,0.003785561
9/8/2023 6:45,0.003785561
9/8/2023 7:00,0.004290007
9/8/2023 7:15,0.004290007
9/8/2023 7:30,0.005043065
9/8/2023 7:45,0.003947031
9/8/2023 8:00,0.004468579
9/8/2023 8:15,0.00484642
9/8/2023 8:30,0.004290007
9/8/2023 8:45,0.004290007
9/8/2023 9:00,0.003947031
9/8/2023 9:15,0.00484642
9/8/2023 9:30,0.004290007
9/8/2023 9:45,0.00484642
9/8/2023 10:00,0.003477853
9/8/2023 10:15,0.003477853
9/8/2023 10:30,0.003629117
9/8/2023 10:45,0.003949867
9/8/2023 11:00,0.004293037
9/8/2023 11:15,0.00504651
9/8/2023 11:30,0.00546268
9/8/2023 11:45,0.00504651
9/8/2023 12:00,0.004471708
9/8/2023 12:15,0.00484642
9/8/2023 12:30,0.003785561
9/8/2023 12:45,0.004290007
9/8/2023 13:00,0.003947031
9/8/2023 13:15,0.005249546
9/8/2023 13:30,0.003947031
9/8/2023 13:45,0.00484642
9/8/2023 14:00,0.004656234
9/8/2023 14:15,0.003785561
9/8/2023 14:30,0.004471708
9/8/2023 14:45,0.004849758
9/8/2023 15:00,0.004849758
9/8/2023 15:15,0.003788304
9/8/2023 15:30,0.004656234
9/8/2023 15:45,0.004117148
9/8/2023 16:00,0.004290007
9/8/2023 16:15,0.003788304
9/8/2023 16:30,0.004290007
9/8/2023 16:45,0.004290007
9/8/2023 17:00,0.003477853
9/8/2023 17:15,0.004290007
9/8/2023 17:30,0.003949867
9/8/2023 17:45,0.003477853
9/8/2023 18:00,0.003949867
9/8/2023 18:15,0.003788304
9/8/2023 18:30,0.003788304
9/8/2023 18:45,0.004293037
9/8/2023 19:00,0.003331642
9/8/2023 19:15,0.004293037
9/8/2023 19:30,0.004471708
9/8/2023 19:45,0.003477853
9/8/2023 20:00,0.003477853
9/8/2023 20:15,0.00347529
9/8/2023 20:30,0.003947031
9/8/2023 20:45,0.003947031
9/8/2023 21:00,0.004290007
9/8/2023 21:15,0.003947031
9/8/2023 21:30,0.004471708
9/8/2023 21:45,0.004471708
9/8/2023 22:00,0.004471708
9/8/2023 22:15,0.00504651
9/8/2023 22:30,0.004471708
9/8/2023 22:45,0.004471708
9/8/2023 23:00,0.004471708
9/8/2023 23:15,0.004471708
9/8/2023 23:30,0.003949867
9/8/2023 23:45,0.004471708
9/9/2023 0:00,0.004117148
9/9/2023 0:15,0.003949867
9/9/2023 0:30,0.004471708
9/9/2023 0:45,0.004471708
9/9/2023 1:00,0.004117148
9/9/2023 1:15,0.003949867
9/9/2023 1:30,0.003949867
9/9/2023 1:45,0.004117148
9/9/2023 2:00,0.004471708
9/9/2023 2:15,0.004471708
9/9/2023 2:30,0.003949867
9/9/2023 2:45,0.004471708
9/9/2023 3:00,0.003949867
9/9/2023 3:15,0.003949867
9/9/2023 3:30,0.004471708
9/9/2023 3:45,0.003629117
9/9/2023 4:00,0.004471708
9/9/2023 4:15,0.004471708
9/9/2023 4:30,0.003629117
9/9/2023 4:45,0.003477853
9/9/2023 5:00,0.003477853
9/9/2023 5:15,0.004471708
9/9/2023 5:30,0.004471708
9/9/2023 5:45,0.004471708
9/9/2023 6:00,0.003949867
9/9/2023 6:15,0.003949867
9/9/2023 6:30,0.003949867
9/9/2023 6:45,0.003949867
9/9/2023 7:00,0.004471708
9/9/2023 7:15,0.003629117
9/9/2023 7:30,0.003477853
9/9/2023 7:45,0.003949867
9/9/2023 8:00,0.004471708
9/9/2023 8:15,0.003477853
9/9/2023 8:30,0.004471708
9/9/2023 8:45,0.004471708
9/9/2023 9:00,0.003949867
9/9/2023 9:15,0.004471708
9/9/2023 9:30,0.003949867
9/9/2023 9:45,0.003629117
9/9/2023 10:00,0.004471708
9/9/2023 10:15,0.003949867
9/9/2023 10:30,0.004290007
9/9/2023 10:45,0.003949867
9/9/2023 11:00,0.004471708
9/9/2023 11:15,0.003949867
9/9/2023 11:30,0.003949867
9/9/2023 11:45,0.004471708
9/9/2023 12:00,0.003187965
9/9/2023 12:15,0.00504651
9/9/2023 12:30,0.004471708
9/9/2023 12:45,0.003949867
9/9/2023 13:00,0.003949867
9/9/2023 13:15,0.00484642
9/9/2023 13:30,0.003947031
9/9/2023 13:45,0.003947031
9/9/2023 14:00,0.003947031
9/9/2023 14:15,0.00484642
9/9/2023 14:30,0.005459012
9/9/2023 14:45,0.00484642
9/9/2023 15:00,0.004849758
9/9/2023 15:15,0.00546268
9/9/2023 15:30,0.004293037
9/9/2023 15:45,0.003788304
9/9/2023 16:00,0.003788304
9/9/2023 16:15,0.004290007
9/9/2023 16:30,0.004656234
9/9/2023 16:45,0.003785561
9/9/2023 17:00,0.003785561
9/9/2023 17:15,0.004290007
9/9/2023 17:30,0.003329165
9/9/2023 17:45,0.003785561
9/9/2023 18:00,0.003785561
9/9/2023 18:15,0.004290007
9/9/2023 18:30,0.00484642
9/9/2023 18:45,0.004290007
9/9/2023 19:00,0.003785561
9/9/2023 19:15,0.004290007
9/9/2023 19:30,0.004293037
9/9/2023 19:45,0.003949867
9/9/2023 20:00,0.004293037
9/9/2023 20:15,0.004293037
9/9/2023 20:30,0.003949867
9/9/2023 20:45,0.003477853
9/9/2023 21:00,0.004290007
9/9/2023 21:15,0.003785561
9/9/2023 21:30,0.003477853
9/9/2023 21:45,0.003949867
9/9/2023 22:00,0.003949867
9/9/2023 22:15,0.004293037
9/9/2023 22:30,0.004471708
9/9/2023 22:45,0.004290007
9/9/2023 23:00,0.003949867
9/9/2023 23:15,0.003949867
9/9/2023 23:30,0.003477853
9/9/2023 23:45,0.003477853
9/10/2023 0:00,0.004471708
9/10/2023 0:15,0.003949867
9/10/2023 0:30,0.003477853
9/10/2023 0:45,0.004471708
9/10/2023 1:00,0.003949867
9/10/2023 1:15,0.003949867
9/10/2023 1:30,0.004293037
9/10/2023 1:45,0.004293037
9/10/2023 2:00,0.004293037
9/10/2023 2:15,0.004293037
9/10/2023 2:30,0.003785561
9/10/2023 2:45,0.003051797
9/10/2023 3:00,0.003949867
9/10/2023 3:15,0.004471708
9/10/2023 3:30,0.003949867
9/10/2023 3:45,0.003949867
9/10/2023 4:00,0.004290007
9/10/2023 4:15,0.004290007
9/10/2023 4:30,0.004290007
9/10/2023 4:45,0.00484642
9/10/2023 5:00,0.003785561
9/10/2023 5:15,0.003785561
9/10/2023 5:30,0.003785561
9/10/2023 5:45,0.003477853
9/10/2023 6:00,0.004290007
9/10/2023 6:15,0.003949867
9/10/2023 6:30,0.003949867
9/10/2023 6:45,0.003788304
9/10/2023 7:00,0.003788304
9/10/2023 7:15,0.003788304
9/10/2023 7:30,0.003477853
9/10/2023 7:45,0.003788304
9/10/2023 8:00,0.003477853
9/10/2023 8:15,0.003331642
9/10/2023 8:30,0.003331642
9/10/2023 8:45,0.003331642
9/10/2023 9:00,0.003788304
9/10/2023 9:15,0.004293037
9/10/2023 9:30,0.003788304
9/10/2023 9:45,0.004293037
9/10/2023 10:00,0.004293037
9/10/2023 10:15,0.004849758
9/10/2023 10:30,0.004293037
9/10/2023 10:45,0.004849758
9/10/2023 11:00,0.005249546
9/10/2023 11:15,0.003788304
9/10/2023 11:30,0.004293037
9/10/2023 11:45,0.003788304
9/10/2023 12:00,0.00484642
9/10/2023 12:15,0.003785561
9/10/2023 12:30,0.004290007
9/10/2023 12:45,0.004117148
9/10/2023 13:00,0.003785561
9/10/2023 13:15,0.004290007
9/10/2023 13:30,0.004290007
9/10/2023 13:45,0.004290007
9/10/2023 14:00,0.004656234
9/10/2023 14:15,0.003629117
9/10/2023 14:30,0.004656234
9/10/2023 14:45,0.004117148
9/10/2023 15:00,0.003331642
9/10/2023 15:15,0.004117148
9/10/2023 15:30,0.003629117
9/10/2023 15:45,0.004471708
9/10/2023 16:00,0.004656234
9/10/2023 16:15,0.004656234
9/10/2023 16:30,0.004117148
9/10/2023 16:45,0.004656234
9/10/2023 17:00,0.004117148
9/10/2023 17:15,0.004656234
9/10/2023 17:30,0.003629117
9/10/2023 17:45,0.004117148
9/10/2023 18:00,0.003629117
9/10/2023 18:15,0.003629117
9/10/2023 18:30,0.004117148
9/10/2023 18:45,0.003785561
9/10/2023 19:00,0.003785561
9/10/2023 19:15,0.003629117
9/10/2023 19:30,0.004656234
9/10/2023 19:45,0.004117148
9/10/2023 20:00,0.004656234
9/10/2023 20:15,0.004117148
9/10/2023 20:30,0.004117148
9/10/2023 20:45,0.004117148
9/10/2023 21:00,0.004117148
9/10/2023 21:15,0.004117148
9/10/2023 21:30,0.004117148
9/10/2023 21:45,0.003329165
9/10/2023 22:00,0.004117148
9/10/2023 22:15,0.004117148
9/10/2023 22:30,0.003629117
9/10/2023 22:45,0.003785561
9/10/2023 23:00,0.004117148
9/10/2023 23:15,0.003629117
9/10/2023 23:30,0.004117148
9/10/2023 23:45,0.004117148
9/11/2023 0:00,0.003629117
9/11/2023 0:15,0.004117148
9/11/2023 0:30,0.003629117
9/11/2023 0:45,0.004117148
9/11/2023 1:00,0.003785561
9/11/2023 1:15,0.003785561
9/11/2023 1:30,0.003329165
9/11/2023 1:45,0.003629117
9/11/2023 2:00,0.003629117
9/11/2023 2:15,0.004117148
9/11/2023 2:30,0.004117148
9/11/2023 2:45,0.004117148
9/11/2023 3:00,0.003949867
9/11/2023 3:15,0.004656234
9/11/2023 3:30,0.004117148
9/11/2023 3:45,0.004117148
9/11/2023 4:00,0.004117148
9/11/2023 4:15,0.003629117
9/11/2023 4:30,0.003947031
9/11/2023 4:45,0.003947031
9/11/2023 5:00,0.003947031
9/11/2023 5:15,0.004468579
9/11/2023 5:30,0.003947031
9/11/2023 5:45,0.004468579
9/11/2023 6:00,0.003947031
9/11/2023 6:15,0.005043065
9/11/2023 6:30,0.004117148
9/11/2023 6:45,0.00504651
9/11/2023 7:00,0.00504651
9/11/2023 7:15,0.00504651
9/11/2023 7:30,0.004117148
9/11/2023 7:45,0.004471708
9/11/2023 8:00,0.00504651
9/11/2023 8:15,0.004117148
9/11/2023 8:30,0.005249546
9/11/2023 8:45,0.004117148
9/11/2023 9:00,0.004117148
9/11/2023 9:15,0.004656234
9/11/2023 9:30,0.003629117
9/11/2023 9:45,0.004656234
9/11/2023 10:00,0.003949867
9/11/2023 10:15,0.003629117
9/11/2023 10:30,0.004471708
9/11/2023 10:45,0.004471708
9/11/2023 11:00,0.004471708
9/11/2023 11:15,0.004471708
9/11/2023 11:30,0.005678839
9/11/2023 11:45,0.00504651
9/11/2023 12:00,0.004656234
9/11/2023 12:15,0.004468579
9/11/2023 12:30,0.00484642
9/11/2023 12:45,0.003947031
9/11/2023 13:00,0.004656234
9/11/2023 13:15,0.005043065
9/11/2023 13:30,0.004468579
9/11/2023 13:45,0.003947031
9/11/2023 14:00,0.003947031
9/11/2023 14:15,0.004468579
9/11/2023 14:30,0.004471708
9/11/2023 14:45,0.004471708
9/11/2023 15:00,0.003949867
9/11/2023 15:15,0.003477853
9/11/2023 15:30,0.003949867
9/11/2023 15:45,0.004471708
9/11/2023 16:00,0.004471708
9/11/2023 16:15,0.004471708
9/11/2023 16:30,0.003477853
9/11/2023 16:45,0.003949867
9/11/2023 17:00,0.003949867
9/11/2023 17:15,0.003949867
9/11/2023 17:30,0.003949867
9/11/2023 17:45,0.003629117
9/11/2023 18:00,0.004471708
9/11/2023 18:15,0.003949867
9/11/2023 18:30,0.003949867
9/11/2023 18:45,0.004468579
9/11/2023 19:00,0.003947031
9/11/2023 19:15,0.003947031
9/11/2023 19:30,0.004468579
9/11/2023 19:45,0.003947031
9/11/2023 20:00,0.003947031
9/11/2023 20:15,0.003629117
9/11/2023 20:30,0.003329165
9/11/2023 20:45,0.003629117
9/11/2023 21:00,0.003187965
9/11/2023 21:15,0.003329165
9/11/2023 21:30,0.004656234
9/11/2023 21:45,0.004117148
9/11/2023 22:00,0.004117148
9/11/2023 22:15,0.003629117
9/11/2023 22:30,0.004656234
9/11/2023 22:45,0.003629117
9/11/2023 23:00,0.004656234
9/11/2023 23:15,0.004117148
9/11/2023 23:30,0.004656234
9/11/2023 23:45,0.004117148
9/12/2023 0:00,0.003788304
9/12/2023 0:15,0.004293037
9/12/2023 0:30,0.003788304
9/12/2023 0:45,0.004293037
9/12/2023 1:00,0.004293037
9/12/2023 1:15,0.004656234
9/12/2023 1:30,0.003788304
9/12/2023 1:45,0.004117148
9/12/2023 2:00,0.004117148
9/12/2023 2:15,0.004117148
9/12/2023 2:30,0.004117148
9/12/2023 2:45,0.004656234
9/12/2023 3:00,0.003629117
9/12/2023 3:15,0.004471708
9/12/2023 3:30,0.004117148
9/12/2023 3:45,0.00590134
9/12/2023 4:00,0.005249546
9/12/2023 4:15,0.006367908
9/12/2023 4:30,0.006367908
9/12/2023 4:45,0.00712623
9/12/2023 5:00,0.006367908
9/12/2023 5:15,0.007130762
9/12/2023 5:30,0.006372054
9/12/2023 5:45,0.006372054
9/12/2023 6:00,0.006372054
9/12/2023 6:15,0.006372054
9/12/2023 6:30,0.006135126
9/12/2023 6:45,0.005678839
9/12/2023 7:00,0.005678839
9/12/2023 7:15,0.006372054
9/12/2023 7:30,0.004656234
9/12/2023 7:45,0.005678839
9/12/2023 8:00,0.00504651
9/12/2023 8:15,0.006135126
9/12/2023 8:30,0.004656234
9/12/2023 8:45,0.004656234
9/12/2023 9:00,0.00504651
9/12/2023 9:15,0.004656234
9/12/2023 9:30,0.005249546
9/12/2023 9:45,0.004656234
9/12/2023 10:00,0.00504651
9/12/2023 10:15,0.004117148
9/12/2023 10:30,0.004117148
9/12/2023 10:45,0.004117148
9/12/2023 11:00,0.004656234
9/12/2023 11:15,0.004656234
9/12/2023 11:30,0.00504651
9/12/2023 11:45,0.004471708
9/12/2023 12:00,0.004656234
9/12/2023 12:15,0.005678839
9/12/2023 12:30,0.005678839
9/12/2023 12:45,0.005678839
9/12/2023 13:00,0.006372054
9/12/2023 13:15,0.00504651
9/12/2023 13:30,0.005043065
9/12/2023 13:45,0.006131104
9/12/2023 14:00,0.003477853
9/12/2023 14:15,0.00504651
9/12/2023 14:30,0.00546268
9/12/2023 14:45,0.004849758
9/12/2023 15:00,0.00546268
9/12/2023 15:15,0.004849758
9/12/2023 15:30,0.004849758
9/12/2023 15:45,0.004471708
9/12/2023 16:00,0.00504651
9/12/2023 16:15,0.003477853
9/12/2023 16:30,0.00504651
9/12/2023 16:45,0.004471708
9/12/2023 17:00,0.003949867
9/12/2023 17:15,0.003949867
9/12/2023 17:30,0.00484642
9/12/2023 17:45,0.004471708
9/12/2023 18:00,0.003949867
9/12/2023 18:15,0.00504651
9/12/2023 18:30,0.004471708
9/12/2023 18:45,0.004290007
9/12/2023 19:00,0.003949867
9/12/2023 19:15,0.004290007
9/12/2023 19:30,0.004471708
9/12/2023 19:45,0.003949867
9/12/2023 20:00,0.004471708
9/12/2023 20:15,0.004471708
9/12/2023 20:30,0.003629117
9/12/2023 20:45,0.004471708
9/12/2023 21:00,0.004471708
9/12/2023 21:15,0.004471708
9/12/2023 21:30,0.00504651
9/12/2023 21:45,0.004471708
9/12/2023 22:00,0.00504651
9/12/2023 22:15,0.004471708
9/12/2023 22:30,0.003949867
9/12/2023 22:45,0.005459012
9/12/2023 23:00,0.00504651
9/12/2023 23:15,0.003949867
9/12/2023 23:30,0.003949867
9/12/2023 23:45,0.00504651
9/13/2023 0:00,0.003949867
9/13/2023 0:15,0.004471708
9/13/2023 0:30,0.004849758
9/13/2023 0:45,0.004849758
9/13/2023 1:00,0.004471708
9/13/2023 1:15,0.004293037
9/13/2023 1:30,0.00504651
9/13/2023 1:45,0.004471708
9/13/2023 2:00,0.003949867
9/13/2023 2:15,0.004290007
9/13/2023 2:30,0.003785561
9/13/2023 2:45,0.003785561
9/13/2023 3:00,0.003785561
9/13/2023 3:15,0.004290007
9/13/2023 3:30,0.00484642
9/13/2023 3:45,0.003947031
9/13/2023 4:00,0.004290007
9/13/2023 4:15,0.005249546
9/13/2023 4:30,0.005459012
9/13/2023 4:45,0.004290007
9/13/2023 5:00,0.00590134
9/13/2023 5:15,0.00484642
9/13/2023 5:30,0.004290007
9/13/2023 5:45,0.005249546
9/13/2023 6:00,0.004849758
9/13/2023 6:15,0.004849758
9/13/2023 6:30,0.004290007
9/13/2023 6:45,0.003785561
9/13/2023 7:00,0.004290007
9/13/2023 7:15,0.004290007
9/13/2023 7:30,0.004290007
9/13/2023 7:45,0.004290007
9/13/2023 8:00,0.004290007
9/13/2023 8:15,0.003785561
9/13/2023 8:30,0.005459012
9/13/2023 8:45,0.003785561
9/13/2023 9:00,0.004290007
9/13/2023 9:15,0.004290007
9/13/2023 9:30,0.004290007
9/13/2023 9:45,0.003785561
9/13/2023 10:00,0.004290007
9/13/2023 10:15,0.004290007
9/13/2023 10:30,0.00484642
9/13/2023 10:45,0.003785561
9/13/2023 11:00,0.004290007
9/13/2023 11:15,0.003947031
9/13/2023 11:30,0.006616182
9/13/2023 11:45,0.00590134
9/13/2023 12:00,0.006131104
9/13/2023 12:15,0.00590134
9/13/2023 12:30,0.004849758
9/13/2023 12:45,0.004849758
9/13/2023 13:00,0.004293037
9/13/2023 13:15,0.004290007
9/13/2023 13:30,0.004656234
9/13/2023 13:45,0.005249546
9/13/2023 14:00,0.005249546
9/13/2023 14:15,0.005249546
9/13/2023 14:30,0.005249546
9/13/2023 14:45,0.00484642
9/13/2023 15:00,0.004656234
9/13/2023 15:15,0.004656234
9/13/2023 15:30,0.004290007
9/13/2023 15:45,0.005249546
9/13/2023 16:00,0.004656234
9/13/2023 16:15,0.003331642
9/13/2023 16:30,0.003629117
9/13/2023 16:45,0.004117148
9/13/2023 17:00,0.004117148
9/13/2023 17:15,0.004656234
9/13/2023 17:30,0.003629117
9/13/2023 17:45,0.004117148
9/13/2023 18:00,0.004117148
9/13/2023 18:15,0.004117148
9/13/2023 18:30,0.003629117
9/13/2023 18:45,0.004656234
9/13/2023 19:00,0.004290007
9/13/2023 19:15,0.004290007
9/13/2023 19:30,0.004117148
9/13/2023 19:45,0.004117148
9/13/2023 20:00,0.003629117
9/13/2023 20:15,0.003785561
9/13/2023 20:30,0.004656234
9/13/2023 20:45,0.004849758
9/13/2023 21:00,0.004293037
9/13/2023 21:15,0.004656234
9/13/2023 21:30,0.004293037
9/13/2023 21:45,0.003949867
9/13/2023 22:00,0.004293037
9/13/2023 22:15,0.004293037
9/13/2023 22:30,0.004293037
9/13/2023 22:45,0.004293037
9/13/2023 23:00,0.004656234
9/13/2023 23:15,0.004293037
9/13/2023 23:30,0.004293037
9/13/2023 23:45,0.003788304
9/14/2023 0:00,0.004293037
9/14/2023 0:15,0.004293037
9/14/2023 0:30,0.004290007
9/14/2023 0:45,0.005249546
9/14/2023 1:00,0.003949867
9/14/2023 1:15,0.004656234
9/14/2023 1:30,0.004849758
9/14/2023 1:45,0.004656234
9/14/2023 2:00,0.004656234
9/14/2023 2:15,0.004656234
9/14/2023 2:30,0.00484642
9/14/2023 2:45,0.004656234
9/14/2023 3:00,0.004656234
9/14/2023 3:15,0.004290007
9/14/2023 3:30,0.005249546
9/14/2023 3:45,0.004290007
9/14/2023 4:00,0.00484642
9/14/2023 4:15,0.00484642
9/14/2023 4:30,0.005249546
9/14/2023 4:45,0.004656234
9/14/2023 5:00,0.005249546
9/14/2023 5:15,0.004290007
9/14/2023 5:30,0.005678839
9/14/2023 5:45,0.004290007
9/14/2023 6:00,0.005249546
9/14/2023 6:15,0.004290007
9/14/2023 6:30,0.004293037
9/14/2023 6:45,0.004293037
9/14/2023 7:00,0.004293037
9/14/2023 7:15,0.004290007
9/14/2023 7:30,0.00484642
9/14/2023 7:45,0.004290007
9/14/2023 8:00,0.003947031
9/14/2023 8:15,0.004468579
9/14/2023 8:30,0.005459012
9/14/2023 8:45,0.003947031
9/14/2023 9:00,0.003947031
9/14/2023 9:15,0.004290007
9/14/2023 9:30,0.003187965
9/14/2023 9:45,0.003785561
9/14/2023 10:00,0.003785561
9/14/2023 10:15,0.003477853
9/14/2023 10:30,0.003949867
9/14/2023 10:45,0.004290007
9/14/2023 11:00,0.003785561
9/14/2023 11:15,0.004290007
9/14/2023 11:30,0.004290007
9/14/2023 11:45,0.004290007
9/14/2023 12:00,0.004290007
9/14/2023 12:15,0.004290007
9/14/2023 12:30,0.003785561
9/14/2023 12:45,0.004290007
9/14/2023 13:00,0.004468579
9/14/2023 13:15,0.004468579
9/14/2023 13:30,0.004468579
9/14/2023 13:45,0.004290007
9/14/2023 14:00,0.004290007
9/14/2023 14:15,0.00484642
9/14/2023 14:30,0.006616182
9/14/2023 14:45,0.008863175
9/14/2023 15:00,0.012896966
9/14/2023 15:15,0.010550026
9/14/2023 15:30,0.007959906
9/14/2023 15:45,0.01207039
9/14/2023 16:00,0.012889717
9/14/2023 16:15,0.017164305
9/14/2023 16:30,0.017164305
9/14/2023 16:45,0.015631151
9/14/2023 17:00,0.018953846
9/14/2023 17:15,0.017164305
9/14/2023 17:30,0.016643258
9/14/2023 17:45,0.020528229
9/14/2023 18:00,0.028418245
9/14/2023 18:15,0.016135681
9/14/2023 18:30,0.014215569
9/14/2023 18:45,0.014675643
9/14/2023 19:00,0.014215569
9/14/2023 19:15,0.014215569
9/14/2023 19:30,0.013323009
9/14/2023 19:45,0.01207039
9/14/2023 20:00,0.013323009
9/14/2023 20:15,0.012474725
9/14/2023 20:30,0.010913587
9/14/2023 20:45,0.010913587
9/14/2023 21:00,0.010913587
9/14/2023 21:15,0.010913587
9/14/2023 21:30,0.010913587
9/14/2023 21:45,0.009840582
9/14/2023 22:00,0.010190111
9/14/2023 22:15,0.009840582
9/14/2023 22:30,0.010190111
9/14/2023 22:45,0.01331557
9/14/2023 23:00,0.009840582
9/14/2023 23:15,0.010907236
9/14/2023 23:30,0.010190111
9/14/2023 23:45,0.008250948
9/15/2023 0:00,0.008250948
9/15/2023 0:15,0.010190111
9/15/2023 0:30,0.007397582
9/15/2023 0:45,0.007397582
9/15/2023 1:00,0.008250948
9/15/2023 1:15,0.006872073
9/15/2023 1:30,0.007397582
9/15/2023 1:45,0.00885779
9/15/2023 2:00,0.007677064
9/15/2023 2:15,0.008250948
9/15/2023 2:30,0.007397582
9/15/2023 2:45,0.006616182
9/15/2023 3:00,0.006616182
9/15/2023 3:15,0.006616182
9/15/2023 3:30,0.006616182
9/15/2023 3:45,0.007397582
9/15/2023 4:00,0.007397582
9/15/2023 4:15,0.006131104
9/15/2023 4:30,0.006867671
9/15/2023 4:45,0.008250948
9/15/2023 5:00,0.007397582
9/15/2023 5:15,0.006131104
9/15/2023 5:30,0.006616182
9/15/2023 5:45,0.006616182
9/15/2023 6:00,0.006872073
9/15/2023 6:15,0.006135126
9/15/2023 6:30,0.006135126
9/15/2023 6:45,0.006135126
9/15/2023 7:00,0.006872073
9/15/2023 7:15,0.006616182
9/15/2023 7:30,0.006131104
9/15/2023 7:45,0.005459012
9/15/2023 8:00,0.005459012
9/15/2023 8:15,0.006131104
9/15/2023 8:30,0.00484642
9/15/2023 8:45,0.005043065
9/15/2023 9:00,0.005675055
9/15/2023 9:15,0.005675055
9/15/2023 9:30,0.003947031
9/15/2023 9:45,0.004117148
9/15/2023 10:00,0.004471708
9/15/2023 10:15,0.003629117
9/15/2023 10:30,0.004117148
9/15/2023 10:45,0.00504651
9/15/2023 11:00,0.00504651
9/15/2023 11:15,0.005678839
9/15/2023 11:30,0.004656234
9/15/2023 11:45,0.005678839
9/15/2023 12:00,0.004471708
9/15/2023 12:15,0.00504651
9/15/2023 12:30,0.00504651
9/15/2023 12:45,0.004468579
9/15/2023 13:00,0.005043065
9/15/2023 13:15,0.003947031
9/15/2023 13:30,0.004117148
9/15/2023 13:45,0.004471708
9/15/2023 14:00,0.003949867
9/15/2023 14:15,0.004471708
9/15/2023 14:30,0.004471708
9/15/2023 14:45,0.003949867
9/15/2023 15:00,0.003477853
9/15/2023 15:15,0.003949867
9/15/2023 15:30,0.004471708
9/15/2023 15:45,0.003947031
9/15/2023 16:00,0.003947031
9/15/2023 16:15,0.003629117
9/15/2023 16:30,0.003477853
9/15/2023 16:45,0.00504651
9/15/2023 17:00,0.003949867
9/15/2023 17:15,0.00504651
9/15/2023 17:30,0.005459012
9/15/2023 17:45,0.004471708
9/15/2023 18:00,0.004117148
9/15/2023 18:15,0.003629117
9/15/2023 18:30,0.004468579
9/15/2023 18:45,0.003947031
9/15/2023 19:00,0.003947031
9/15/2023 19:15,0.004471708
9/15/2023 19:30,0.004117148
9/15/2023 19:45,0.003629117
9/15/2023 20:00,0.003949867
9/15/2023 20:15,0.003629117
9/15/2023 20:30,0.00504651
9/15/2023 20:45,0.00504651
9/15/2023 21:00,0.004471708
9/15/2023 21:15,0.004471708
9/15/2023 21:30,0.003629117
9/15/2023 21:45,0.004117148
9/15/2023 22:00,0.004117148
9/15/2023 22:15,0.00504651
9/15/2023 22:30,0.00504651
9/15/2023 22:45,0.004117148
9/15/2023 23:00,0.005678839
9/15/2023 23:15,0.004471708
9/15/2023 23:30,0.00504651
9/15/2023 23:45,0.005678839
9/16/2023 0:00,0.004471708
9/16/2023 0:15,0.004656234
9/16/2023 0:30,0.004656234
9/16/2023 0:45,0.004656234
9/16/2023 1:00,0.00504651
9/16/2023 1:15,0.004656234
9/16/2023 1:30,0.005249546
9/16/2023 1:45,0.00504651
9/16/2023 2:00,0.004117148
9/16/2023 2:15,0.004471708
9/16/2023 2:30,0.005249546
9/16/2023 2:45,0.005249546
9/16/2023 3:00,0.00504651
9/16/2023 3:15,0.00504651
9/16/2023 3:30,0.005678839
9/16/2023 3:45,0.00504651
9/16/2023 4:00,0.005678839
9/16/2023 4:15,0.00504651
9/16/2023 4:30,0.006135126
9/16/2023 4:45,0.005249546
9/16/2023 5:00,0.005249546
9/16/2023 5:15,0.005678839
9/16/2023 5:30,0.004656234
9/16/2023 5:45,0.00504651
9/16/2023 6:00,0.004656234
9/16/2023 6:15,0.004656234
9/16/2023 6:30,0.00590134
9/16/2023 6:45,0.004656234
9/16/2023 7:00,0.004849758
9/16/2023 7:15,0.005249546
9/16/2023 7:30,0.00590134
9/16/2023 7:45,0.00590134
9/16/2023 8:00,0.00484642
9/16/2023 8:15,0.005249546
9/16/2023 8:30,0.00484642
9/16/2023 8:45,0.00484642
9/16/2023 9:00,0.003947031
9/16/2023 9:15,0.004290007
9/16/2023 9:30,0.003785561
9/16/2023 9:45,0.003785561
9/16/2023 10:00,0.003477853
9/16/2023 10:15,0.002668099
9/16/2023 10:30,0.003477853
9/16/2023 10:45,0.003788304
9/16/2023 11:00,0.004293037
9/16/2023 11:15,0.003949867
9/16/2023 11:30,0.00484642
9/16/2023 11:45,0.004290007
9/16/2023 12:00,0.004290007
9/16/2023 12:15,0.004290007
9/16/2023 12:30,0.004290007
9/16/2023 12:45,0.003785561
9/16/2023 13:00,0.004290007
9/16/2023 13:15,0.003785561
9/16/2023 13:30,0.003785561
9/16/2023 13:45,0.004290007
9/16/2023 14:00,0.004117148
9/16/2023 14:15,0.003785561
9/16/2023 14:30,0.003785561
9/16/2023 14:45,0.004290007
9/16/2023 15:00,0.004290007
9/16/2023 15:15,0.004117148
9/16/2023 15:30,0.004117148
9/16/2023 15:45,0.004656234
9/16/2023 16:00,0.004117148
9/16/2023 16:15,0.003629117
9/16/2023 16:30,0.003785561
9/16/2023 16:45,0.003329165
9/16/2023 17:00,0.004290007
9/16/2023 17:15,0.003785561
9/16/2023 17:30,0.003785561
9/16/2023 17:45,0.003329165
9/16/2023 18:00,0.003785561
9/16/2023 18:15,0.003785561
9/16/2023 18:30,0.004290007
9/16/2023 18:45,0.004290007
9/16/2023 19:00,0.004290007
9/16/2023 19:15,0.004656234
9/16/2023 19:30,0.004290007
9/16/2023 19:45,0.004290007
9/16/2023 20:00,0.00347529
9/16/2023 20:15,0.004290007
9/16/2023 20:30,0.004656234
9/16/2023 20:45,0.003785561
9/16/2023 21:00,0.004290007
9/16/2023 21:15,0.004290007
9/16/2023 21:30,0.003949867
9/16/2023 21:45,0.003788304
9/16/2023 22:00,0.004471708
9/16/2023 22:15,0.004293037
9/16/2023 22:30,0.004471708
9/16/2023 22:45,0.004849758
9/16/2023 23:00,0.004293037
9/16/2023 23:15,0.004293037
9/16/2023 23:30,0.004293037
9/16/2023 23:45,0.003788304
9/17/2023 0:00,0.00484642
9/17/2023 0:15,0.004471708
9/17/2023 0:30,0.004471708
9/17/2023 0:45,0.004471708
9/17/2023 1:00,0.00546268
9/17/2023 1:15,0.004849758
9/17/2023 1:30,0.003788304
9/17/2023 1:45,0.004293037
9/17/2023 2:00,0.003788304
9/17/2023 2:15,0.004293037
9/17/2023 2:30,0.004293037
9/17/2023 2:45,0.004849758
9/17/2023 3:00,0.004849758
9/17/2023 3:15,0.004849758
9/17/2023 3:30,0.005249546
9/17/2023 3:45,0.004471708
9/17/2023 4:00,0.004849758
9/17/2023 4:15,0.00590134
9/17/2023 4:30,0.004849758
9/17/2023 4:45,0.005249546
9/17/2023 5:00,0.004849758
9/17/2023 5:15,0.004849758
9/17/2023 5:30,0.004471708
9/17/2023 5:45,0.004293037
9/17/2023 6:00,0.005249546
9/17/2023 6:15,0.004293037
9/17/2023 6:30,0.005249546
9/17/2023 6:45,0.00546268
9/17/2023 7:00,0.005249546
9/17/2023 7:15,0.004293037
9/17/2023 7:30,0.00546268
9/17/2023 7:45,0.004471708
9/17/2023 8:00,0.004471708
9/17/2023 8:15,0.00484642
9/17/2023 8:30,0.00484642
9/17/2023 8:45,0.00484642
9/17/2023 9:00,0.003477853
9/17/2023 9:15,0.00484642
9/17/2023 9:30,0.003785561
9/17/2023 9:45,0.003785561
9/17/2023 10:00,0.003329165
9/17/2023 10:15,0.00347529
9/17/2023 10:30,0.003785561
9/17/2023 10:45,0.004290007
9/17/2023 11:00,0.004290007
9/17/2023 11:15,0.00484642
9/17/2023 11:30,0.003785561
9/17/2023 11:45,0.004290007
9/17/2023 12:00,0.005459012
9/17/2023 12:15,0.005249546
9/17/2023 12:30,0.004293037
9/17/2023 12:45,0.004849758
9/17/2023 13:00,0.003785561
9/17/2023 13:15,0.004290007
9/17/2023 13:30,0.00484642
9/17/2023 13:45,0.004117148
9/17/2023 14:00,0.004656234
9/17/2023 14:15,0.005249546
9/17/2023 14:30,0.004656234
9/17/2023 14:45,0.004117148
9/17/2023 15:00,0.004117148
9/17/2023 15:15,0.004117148
9/17/2023 15:30,0.004293037
9/17/2023 15:45,0.004656234
9/17/2023 16:00,0.003629117
9/17/2023 16:15,0.003629117
9/17/2023 16:30,0.004117148
9/17/2023 16:45,0.003629117
9/17/2023 17:00,0.003629117
9/17/2023 17:15,0.003629117
9/17/2023 17:30,0.004117148
9/17/2023 17:45,0.004117148
9/17/2023 18:00,0.004117148
9/17/2023 18:15,0.003629117
9/17/2023 18:30,0.003788304
9/17/2023 18:45,0.003331642
9/17/2023 19:00,0.003788304
9/17/2023 19:15,0.004656234
9/17/2023 19:30,0.003788304
9/17/2023 19:45,0.003788304
9/17/2023 20:00,0.004293037
9/17/2023 20:15,0.004117148
9/17/2023 20:30,0.004117148
9/17/2023 20:45,0.004293037
9/17/2023 21:00,0.004117148
9/17/2023 21:15,0.004117148
9/17/2023 21:30,0.004293037
9/17/2023 21:45,0.004293037
9/17/2023 22:00,0.005249546
9/17/2023 22:15,0.004656234
9/17/2023 22:30,0.004293037
9/17/2023 22:45,0.005249546
9/17/2023 23:00,0.004656234
9/17/2023 23:15,0.004656234
9/17/2023 23:30,0.00590134
9/17/2023 23:45,0.005249546
